{"type":"FeatureCollection", "features": [
{"type":"Feature","geometry":{"type":"Polygon","coordinates":[[[1.93212,41.53652],[1.92486,41.53663],[1.92197,41.53728],[1.92138,41.5372],[1.92067,41.53703],[1.91918,41.53624],[1.91799,41.53564],[1.91699,41.53547],[1.91608,41.53537],[1.91564,41.53515],[1.91567,41.53478],[1.91561,41.53441],[1.91555,41.53416],[1.91543,41.53386],[1.91533,41.53377],[1.91525,41.53373],[1.91507,41.53373],[1.91424,41.53385],[1.91382,41.53387],[1.91365,41.53386],[1.91355,41.53379],[1.91341,41.53353],[1.9134,41.53341],[1.91343,41.53333],[1.91214,41.53298],[1.91171,41.53286],[1.91142,41.53102],[1.91144,41.53079],[1.91151,41.53033],[1.91103,41.53001],[1.9106,41.53004],[1.9099,41.53003],[1.90931,41.52998],[1.90902,41.52993],[1.90842,41.52979],[1.90589,41.5293],[1.90519,41.52918],[1.90466,41.52907],[1.9043,41.52898],[1.90403,41.5289],[1.90352,41.52869],[1.90316,41.5285],[1.90205,41.52783],[1.90175,41.52764],[1.90131,41.52728],[1.90121,41.52715],[1.90116,41.52703],[1.90106,41.52687],[1.90077,41.52667],[1.90051,41.52657],[1.90019,41.52653],[1.89988,41.52653],[1.8995,41.52657],[1.89915,41.52662],[1.89887,41.52669],[1.89811,41.52695],[1.89791,41.52698],[1.89777,41.52697],[1.89763,41.52693],[1.89747,41.52679],[1.89742,41.52668],[1.8974,41.52654],[1.8974,41.5264],[1.89747,41.52611],[1.89746,41.52602],[1.89741,41.52582],[1.89723,41.52556],[1.8971,41.52544],[1.89696,41.52534],[1.8966,41.52517],[1.89599,41.52497],[1.89567,41.52488],[1.89281,41.52415],[1.89239,41.52405],[1.89196,41.52396],[1.89158,41.52389],[1.89124,41.52387],[1.8909,41.52389],[1.88971,41.52399],[1.88803,41.52423],[1.88715,41.52438],[1.88666,41.52448],[1.88643,41.52454],[1.88586,41.52471],[1.88456,41.52456],[1.88424,41.52415],[1.88404,41.52397],[1.88347,41.52357],[1.88328,41.52346],[1.88306,41.52335],[1.88253,41.5232],[1.88229,41.52316],[1.88182,41.52311],[1.88089,41.52302],[1.87862,41.5227],[1.87819,41.52261],[1.87756,41.52249],[1.87731,41.52246],[1.87708,41.52247],[1.87689,41.52251],[1.87672,41.52258],[1.87649,41.52273],[1.8763,41.52294],[1.87593,41.52353],[1.87576,41.52379],[1.8756,41.52397],[1.87538,41.52415],[1.87515,41.52433],[1.87482,41.52452],[1.87458,41.52463],[1.87441,41.52469],[1.87384,41.5248],[1.87364,41.52483],[1.87346,41.52481],[1.87338,41.52478],[1.8707,41.52379],[1.87068,41.52358],[1.87062,41.52345],[1.87047,41.52324],[1.87023,41.52306],[1.86993,41.5229],[1.86953,41.52271],[1.86847,41.5223],[1.86818,41.52216],[1.86738,41.52165],[1.86688,41.52129],[1.86673,41.52117],[1.86636,41.52078],[1.86625,41.52062],[1.8662,41.52052],[1.86621,41.52032],[1.86628,41.52013],[1.86642,41.51998],[1.8665,41.51995],[1.86688,41.51992],[1.86703,41.51989],[1.86714,41.51979],[1.86717,41.51966],[1.86714,41.5195],[1.86701,41.51936],[1.86672,41.51924],[1.86641,41.51917],[1.86615,41.51914],[1.8655,41.51908],[1.865,41.519],[1.86472,41.51891],[1.86445,41.51881],[1.86406,41.51862],[1.8638,41.51842],[1.8637,41.51831],[1.86344,41.51795],[1.86338,41.51785],[1.86339,41.51774],[1.86351,41.51765],[1.86364,41.5176],[1.86379,41.51758],[1.86411,41.51757],[1.86429,41.5175],[1.86438,41.51735],[1.86436,41.51725],[1.86427,41.51714],[1.86415,41.51702],[1.86396,41.5169],[1.86365,41.51684],[1.86287,41.51684],[1.86271,41.51685],[1.86258,41.51691],[1.86246,41.51701],[1.86233,41.51703],[1.86222,41.51702],[1.8618,41.5169],[1.86162,41.51684],[1.86122,41.51664],[1.86103,41.51647],[1.86087,41.51617],[1.86078,41.5159],[1.86062,41.5155],[1.86051,41.51522],[1.8604,41.51508],[1.86032,41.51504],[1.86017,41.515],[1.85998,41.51501],[1.85987,41.51505],[1.85965,41.51526],[1.85949,41.51553],[1.85939,41.51571],[1.8593,41.51592],[1.85921,41.51626],[1.85915,41.51667],[1.85905,41.51705],[1.85895,41.51723],[1.85877,41.51746],[1.8586,41.51763],[1.85843,41.51775],[1.85816,41.51785],[1.858,41.51787],[1.85769,41.51782],[1.85747,41.5177],[1.85727,41.51753],[1.85722,41.51744],[1.85716,41.51715],[1.85716,41.51697],[1.85722,41.51679],[1.85726,41.51658],[1.85727,41.51645],[1.85724,41.51634],[1.85714,41.51619],[1.85706,41.5161],[1.85685,41.51595],[1.85656,41.5158],[1.856,41.51559],[1.8559,41.51557],[1.85571,41.51557],[1.85546,41.51566],[1.85531,41.51575],[1.85517,41.51588],[1.85443,41.5157],[1.85432,41.51566],[1.85424,41.51556],[1.85373,41.51404],[1.85375,41.51382],[1.85397,41.5136],[1.85415,41.51343],[1.85427,41.51335],[1.85445,41.51327],[1.85471,41.51311],[1.85519,41.51279],[1.85537,41.5126],[1.8555,41.51232],[1.85575,41.51121],[1.85496,41.50867],[1.85495,41.50858],[1.85529,41.50853],[1.8555,41.50852],[1.85584,41.50858],[1.85754,41.5083],[1.85923,41.508],[1.85938,41.50796],[1.85946,41.50791],[1.85957,41.50778],[1.85996,41.50731],[1.86008,41.50698],[1.86015,41.50693],[1.86032,41.50685],[1.86077,41.50668],[1.86161,41.50641],[1.86182,41.50639],[1.86195,41.50639],[1.86386,41.50607],[1.86826,41.50728],[1.86874,41.50737],[1.86906,41.50741],[1.87028,41.50754],[1.87131,41.50749],[1.87255,41.50719],[1.87328,41.50705],[1.87397,41.50722],[1.87541,41.50766],[1.87767,41.50791],[1.87919,41.50805],[1.88111,41.50796],[1.88194,41.5079],[1.88213,41.50781],[1.88239,41.50754],[1.8826,41.5074],[1.88281,41.50732],[1.883,41.50732],[1.88374,41.50744],[1.88434,41.50765],[1.88491,41.50782],[1.88568,41.50802],[1.8863,41.50811],[1.88645,41.5081],[1.88658,41.50805],[1.88673,41.50794],[1.8871,41.50773],[1.88735,41.50764],[1.88861,41.50724],[1.88898,41.50719],[1.8898,41.50724],[1.89092,41.50702],[1.89235,41.50641],[1.8933,41.50645],[1.89453,41.50637],[1.89461,41.50636],[1.89555,41.50609],[1.89747,41.50531],[1.89921,41.50486],[1.90075,41.50449],[1.90226,41.50444],[1.90248,41.50446],[1.90272,41.50441],[1.9029,41.50432],[1.9034,41.50375],[1.90348,41.50304],[1.90354,41.50274],[1.90388,41.50264],[1.90432,41.50257],[1.90483,41.50257],[1.90497,41.50253],[1.90513,41.50245],[1.90565,41.50194],[1.90587,41.50202],[1.90654,41.50194],[1.90669,41.50185],[1.90735,41.50156],[1.90759,41.50151],[1.90784,41.50149],[1.90802,41.5015],[1.90819,41.50157],[1.90828,41.50167],[1.90908,41.50195],[1.90994,41.50188],[1.91049,41.50161],[1.91154,41.50091],[1.91299,41.50011],[1.91486,41.49953],[1.91582,41.49922],[1.91691,41.49883],[1.91741,41.49864],[1.91818,41.49827],[1.9184,41.49816],[1.91858,41.49804],[1.92022,41.49807],[1.92084,41.49878],[1.92324,41.4982],[1.92507,41.49736],[1.92488,41.49714],[1.92457,41.49686],[1.92427,41.49663],[1.9223,41.49542],[1.92324,41.4949],[1.92339,41.49483],[1.92357,41.49479],[1.92398,41.49484],[1.92621,41.49498],[1.92682,41.49501],[1.92711,41.49505],[1.92813,41.49522],[1.92892,41.49538],[1.92934,41.4955],[1.92955,41.49558],[1.92995,41.49577],[1.9302,41.49594],[1.93038,41.49615],[1.93062,41.49645],[1.93185,41.49813],[1.93197,41.4983],[1.93218,41.4987],[1.93232,41.49906],[1.93272,41.49992],[1.93323,41.50079],[1.93325,41.50097],[1.93322,41.50109],[1.93298,41.50178],[1.93288,41.50205],[1.93285,41.50219],[1.93279,41.50259],[1.93281,41.5028],[1.93301,41.50336],[1.9335,41.50457],[1.93364,41.50468],[1.93401,41.50476],[1.93451,41.50482],[1.93476,41.50481],[1.93492,41.50482],[1.93509,41.50493],[1.93548,41.50532],[1.93562,41.50554],[1.93578,41.50607],[1.93585,41.50641],[1.93588,41.50679],[1.936,41.50742],[1.93606,41.50768],[1.93611,41.50781],[1.93621,41.50811],[1.93663,41.50913],[1.95115,41.51016],[1.95129,41.51102],[1.95133,41.51172],[1.95133,41.51497],[1.95133,41.52293],[1.94901,41.52571],[1.94289,41.52698],[1.94233,41.52725],[1.94231,41.52741],[1.94219,41.52775],[1.94187,41.52813],[1.9412,41.52812],[1.94058,41.52843],[1.94004,41.52862],[1.9388,41.52846],[1.93793,41.5289],[1.93711,41.52986],[1.93613,41.53033],[1.93604,41.5305],[1.93596,41.53101],[1.936,41.53122],[1.9361,41.53134],[1.93629,41.53147],[1.93643,41.53166],[1.93641,41.53183],[1.93629,41.53204],[1.93609,41.53234],[1.9359,41.53256],[1.93537,41.53305],[1.93459,41.5337],[1.93396,41.53383],[1.93353,41.53404],[1.93321,41.5348],[1.93312,41.5354],[1.93253,41.53609],[1.93212,41.53652]]]},"properties":{"codi_ine":"08001","nom":"Abrera","comarca":"Baix Llobregat"}},
{"type":"Feature","geometry":{"type":"Polygon","coordinates":[[[2.30724,41.51336],[2.30443,41.51445],[2.30377,41.51479],[2.30308,41.51501],[2.30255,41.51514],[2.30201,41.51523],[2.30167,41.51527],[2.30133,41.51529],[2.30106,41.51529],[2.30075,41.51527],[2.29973,41.51505],[2.29775,41.51472],[2.29652,41.51455],[2.2961,41.51463],[2.2955,41.51471],[2.29464,41.51478],[2.29429,41.5148],[2.29244,41.51468],[2.29074,41.51442],[2.29047,41.51436],[2.28975,41.51422],[2.28927,41.51417],[2.2891,41.51418],[2.28887,41.51423],[2.28856,41.51432],[2.28752,41.51465],[2.2858,41.51516],[2.28512,41.51534],[2.2849,41.51533],[2.28271,41.51468],[2.28244,41.51459],[2.28236,41.51453],[2.2818,41.51392],[2.28126,41.51372],[2.28098,41.51359],[2.28073,41.51341],[2.28049,41.51327],[2.28002,41.51307],[2.27908,41.51268],[2.2783,41.51237],[2.27648,41.51178],[2.27558,41.51154],[2.2753,41.51165],[2.275,41.51173],[2.27477,41.51174],[2.27445,41.51172],[2.27417,41.51167],[2.27387,41.51161],[2.27322,41.51139],[2.27292,41.51127],[2.27263,41.51115],[2.27197,41.51083],[2.27181,41.51073],[2.27027,41.50999],[2.26923,41.50985],[2.26832,41.50929],[2.2682,41.50921],[2.26815,41.50913],[2.26803,41.50853],[2.26802,41.50839],[2.26811,41.50802],[2.26798,41.50728],[2.26771,41.50666],[2.26719,41.50576],[2.26688,41.50519],[2.26678,41.50491],[2.2668,41.50477],[2.2676,41.50448],[2.26774,41.50441],[2.26788,41.50425],[2.26791,41.50409],[2.26798,41.50328],[2.26793,41.50283],[2.26788,41.50247],[2.26783,41.50217],[2.26817,41.50168],[2.26866,41.50104],[2.26878,41.50095],[2.26905,41.50082],[2.26929,41.50072],[2.26946,41.50066],[2.26994,41.50056],[2.2704,41.50039],[2.27097,41.49974],[2.27123,41.49941],[2.2728,41.49878],[2.27449,41.49823],[2.27612,41.49765],[2.27673,41.49734],[2.27728,41.4967],[2.27765,41.49621],[2.27857,41.4957],[2.27886,41.49561],[2.27895,41.49556],[2.28051,41.49464],[2.28057,41.49452],[2.28052,41.49405],[2.28076,41.49324],[2.28082,41.49307],[2.28093,41.49289],[2.28123,41.49258],[2.28129,41.49254],[2.28149,41.49245],[2.28161,41.49237],[2.28219,41.49181],[2.28281,41.49114],[2.28288,41.49103],[2.283,41.49063],[2.28302,41.49031],[2.28306,41.49021],[2.28332,41.48981],[2.28366,41.48941],[2.28395,41.48917],[2.28514,41.48856],[2.28649,41.4878],[2.28741,41.48679],[2.28826,41.48558],[2.28948,41.48448],[2.29056,41.48358],[2.29126,41.48309],[2.29187,41.48267],[2.29187,41.48251],[2.29198,41.48235],[2.29387,41.47925],[2.29396,41.47909],[2.29392,41.479],[2.2948,41.47778],[2.29512,41.47751],[2.29525,41.47736],[2.29534,41.47644],[2.2953,41.47575],[2.29538,41.47565],[2.29575,41.4756],[2.29738,41.47561],[2.29805,41.47583],[2.2992,41.47572],[2.29961,41.47583],[2.3001,41.47645],[2.30142,41.47676],[2.30161,41.47715],[2.30166,41.47733],[2.30172,41.4776],[2.3014,41.47776],[2.30149,41.47823],[2.30184,41.47873],[2.30253,41.47955],[2.30372,41.47995],[2.3047,41.48009],[2.30462,41.48047],[2.3045,41.48097],[2.30491,41.48122],[2.30547,41.48146],[2.30621,41.48171],[2.30663,41.48182],[2.3068,41.48184],[2.30749,41.48272],[2.30685,41.48406],[2.30449,41.48498],[2.30416,41.48507],[2.30396,41.48516],[2.30382,41.48557],[2.30372,41.48628],[2.30393,41.48685],[2.30474,41.48744],[2.30516,41.48788],[2.30571,41.48893],[2.30644,41.48931],[2.30952,41.49013],[2.30967,41.49009],[2.30999,41.49096],[2.3098,41.49183],[2.30995,41.49314],[2.30995,41.49359],[2.30955,41.49443],[2.30896,41.49433],[2.3087,41.49472],[2.30833,41.49544],[2.30912,41.49634],[2.30962,41.49772],[2.30974,41.49813],[2.30953,41.49812],[2.30879,41.49808],[2.30837,41.49805],[2.30797,41.49804],[2.30775,41.49805],[2.30733,41.49811],[2.30777,41.49875],[2.30862,41.50067],[2.3083,41.50095],[2.30807,41.50163],[2.30822,41.50188],[2.30783,41.50559],[2.30797,41.50644],[2.30804,41.50775],[2.30719,41.50786],[2.30714,41.50819],[2.30694,41.50979],[2.30693,41.5099],[2.30699,41.51087],[2.30679,41.51221],[2.30678,41.51245],[2.3068,41.51255],[2.30709,41.51317],[2.30724,41.51336]]]},"properties":{"codi_ine":"08003","nom":"Alella","comarca":"Maresme"}},
{"type":"Feature","geometry":{"type":"Polygon","coordinates":[[[2.25252,41.68609],[2.25216,41.6866],[2.25168,41.68767],[2.25159,41.68795],[2.25096,41.68953],[2.2498,41.69043],[2.24882,41.69135],[2.2487,41.69151],[2.24861,41.69169],[2.24774,41.69289],[2.24796,41.69354],[2.2487,41.69612],[2.24871,41.69626],[2.2487,41.69637],[2.24857,41.69657],[2.24701,41.69749],[2.2469,41.69753],[2.24642,41.6974],[2.2462,41.69737],[2.2461,41.69744],[2.24563,41.69798],[2.24488,41.69895],[2.24475,41.69913],[2.24462,41.69935],[2.24367,41.70019],[2.24341,41.70028],[2.24245,41.70074],[2.24043,41.70201],[2.24126,41.70273],[2.24178,41.70314],[2.24153,41.70304],[2.23939,41.70165],[2.23909,41.7015],[2.23336,41.69722],[2.23543,41.69574],[2.23963,41.69244],[2.23689,41.69171],[2.2374,41.69058],[2.23752,41.69044],[2.23778,41.69022],[2.24035,41.68859],[2.24181,41.68769],[2.24198,41.68756],[2.24206,41.68743],[2.2422,41.68715],[2.24249,41.68619],[2.24295,41.68553],[2.24357,41.68506],[2.24436,41.68392],[2.24492,41.68321],[2.24557,41.68272],[2.24624,41.68186],[2.24636,41.68167],[2.24643,41.68146],[2.24647,41.68118],[2.24659,41.68026],[2.24661,41.68002],[2.24698,41.67875],[2.24703,41.67852],[2.24702,41.67825],[2.24406,41.67721],[2.23943,41.67187],[2.23715,41.67124],[2.23621,41.67033],[2.2347,41.66935],[2.23349,41.66853],[2.23303,41.66804],[2.23296,41.66793],[2.23277,41.66746],[2.23185,41.66617],[2.23139,41.6657],[2.23133,41.66559],[2.23121,41.66519],[2.23128,41.66525],[2.23185,41.66517],[2.23354,41.66473],[2.23405,41.66457],[2.23423,41.66444],[2.23429,41.66433],[2.2344,41.66346],[2.23442,41.66304],[2.23448,41.66229],[2.23454,41.66211],[2.24002,41.6613],[2.2429,41.66074],[2.24434,41.65882],[2.24383,41.65591],[2.24358,41.65321],[2.24737,41.65046],[2.24752,41.64669],[2.24653,41.64227],[2.24652,41.64036],[2.2509,41.63976],[2.25368,41.63875],[2.26214,41.63937],[2.2681,41.63931],[2.27747,41.63536],[2.27832,41.64],[2.27432,41.64409],[2.27441,41.64412],[2.27687,41.64447],[2.2774,41.64667],[2.27682,41.64788],[2.27701,41.6497],[2.27688,41.65257],[2.27723,41.6574],[2.27716,41.6619],[2.27496,41.66734],[2.27244,41.66801],[2.27126,41.66908],[2.27065,41.66925],[2.26834,41.67058],[2.26798,41.67081],[2.26753,41.6711],[2.26645,41.67209],[2.26585,41.67335],[2.2648,41.67392],[2.26323,41.6751],[2.26302,41.67526],[2.26365,41.67809],[2.2636,41.67831],[2.26347,41.67873],[2.26336,41.67897],[2.26325,41.67915],[2.26312,41.67936],[2.26297,41.67954],[2.26267,41.67989],[2.26246,41.68007],[2.2618,41.68056],[2.26165,41.68061],[2.26116,41.68074],[2.26105,41.68076],[2.2608,41.68076],[2.26062,41.68078],[2.25981,41.68091],[2.25921,41.68103],[2.2583,41.68143],[2.25748,41.68197],[2.25539,41.68374],[2.25505,41.68415],[2.25423,41.68511],[2.25415,41.68518],[2.25389,41.68539],[2.2537,41.68552],[2.25346,41.68568],[2.25324,41.68579],[2.25252,41.68609]]]},"properties":{"codi_ine":"08005","nom":"l'Ametlla del Vallès","comarca":"Vallès Oriental"}},
{"type":"Feature","geometry":{"type":"Polygon","coordinates":[[[2.41636,41.57694],[2.41535,41.57683],[2.4139,41.57708],[2.41268,41.57771],[2.41252,41.57788],[2.4118,41.57829],[2.41154,41.57836],[2.41118,41.57838],[2.41095,41.57838],[2.41014,41.57845],[2.40942,41.57855],[2.40874,41.57867],[2.40794,41.5789],[2.40658,41.57929],[2.40566,41.57943],[2.39955,41.57557],[2.39503,41.57779],[2.39485,41.57797],[2.39477,41.57809],[2.39428,41.579],[2.39413,41.57915],[2.39265,41.57997],[2.39248,41.57993],[2.39213,41.58],[2.39185,41.58009],[2.39173,41.58015],[2.39166,41.58023],[2.39118,41.58096],[2.39109,41.58112],[2.39087,41.58161],[2.39085,41.58174],[2.39034,41.58238],[2.38884,41.58362],[2.38874,41.58374],[2.38866,41.58398],[2.38866,41.58445],[2.38827,41.58566],[2.38802,41.58632],[2.38788,41.58647],[2.38765,41.58687],[2.38757,41.58711],[2.3876,41.5874],[2.38769,41.58767],[2.38782,41.58788],[2.38798,41.5881],[2.38807,41.58828],[2.38824,41.5887],[2.38831,41.58893],[2.3884,41.58934],[2.38834,41.59023],[2.38832,41.59028],[2.38822,41.59038],[2.38769,41.59072],[2.38732,41.59102],[2.38717,41.59146],[2.38706,41.59208],[2.38702,41.5925],[2.38696,41.5927],[2.38664,41.59296],[2.38146,41.59306],[2.38139,41.59321],[2.38122,41.59347],[2.38091,41.59387],[2.38056,41.59431],[2.37839,41.59357],[2.3751,41.59512],[2.36847,41.5854],[2.36471,41.58206],[2.35589,41.57388],[2.36276,41.56299],[2.3631,41.56239],[2.36078,41.55716],[2.35928,41.55333],[2.36054,41.55067],[2.36361,41.54755],[2.36586,41.54514],[2.36855,41.54337],[2.36922,41.54337],[2.36942,41.54336],[2.36974,41.54322],[2.36998,41.54308],[2.37019,41.54295],[2.37025,41.54286],[2.3704,41.54251],[2.37048,41.54238],[2.37084,41.54199],[2.37099,41.54184],[2.37109,41.54177],[2.37129,41.54172],[2.37191,41.54175],[2.37214,41.54182],[2.37305,41.54203],[2.37328,41.54203],[2.37427,41.5419],[2.37643,41.54139],[2.377,41.54117],[2.37919,41.54044],[2.38071,41.53996],[2.38162,41.54042],[2.38288,41.54099],[2.38477,41.53945],[2.38537,41.53947],[2.38577,41.53941],[2.38605,41.5392],[2.3865,41.53886],[2.38692,41.53868],[2.38789,41.53855],[2.38947,41.53894],[2.39017,41.53919],[2.39053,41.53938],[2.39124,41.53962],[2.39138,41.53964],[2.39165,41.53962],[2.39182,41.53959],[2.39208,41.53946],[2.39226,41.53933],[2.39326,41.53892],[2.39417,41.53858],[2.39468,41.53854],[2.39741,41.53916],[2.39829,41.53991],[2.40018,41.53992],[2.40201,41.53955],[2.40218,41.5395],[2.40239,41.53941],[2.40275,41.53924],[2.40329,41.53903],[2.4039,41.5389],[2.40406,41.53889],[2.40463,41.53895],[2.40535,41.53911],[2.4057,41.53914],[2.40588,41.53913],[2.40795,41.5388],[2.40949,41.53859],[2.40956,41.53847],[2.40938,41.53784],[2.40928,41.53759],[2.40888,41.53717],[2.40854,41.53685],[2.40838,41.53668],[2.40805,41.53622],[2.4079,41.53598],[2.40806,41.53545],[2.40813,41.53527],[2.40831,41.53515],[2.40872,41.53506],[2.40919,41.53498],[2.41122,41.53461],[2.41238,41.53439],[2.41257,41.53434],[2.41304,41.53416],[2.41331,41.53401],[2.41344,41.53391],[2.41353,41.53382],[2.41369,41.53361],[2.41382,41.53342],[2.41407,41.533],[2.41418,41.53289],[2.41497,41.53207],[2.41558,41.53187],[2.41807,41.5313],[2.41922,41.531],[2.41953,41.53082],[2.4209,41.53168],[2.42106,41.53203],[2.42103,41.53245],[2.41529,41.54317],[2.41775,41.54321],[2.41852,41.54521],[2.42317,41.54728],[2.42598,41.54911],[2.42594,41.54939],[2.42594,41.55013],[2.42597,41.55194],[2.42601,41.55216],[2.42597,41.55371],[2.42582,41.55511],[2.42542,41.55587],[2.42399,41.56155],[2.42361,41.56364],[2.42488,41.5644],[2.42587,41.56617],[2.42691,41.56798],[2.42512,41.57031],[2.425,41.57267],[2.42304,41.57428],[2.42061,41.57342],[2.41852,41.57489],[2.41636,41.57694]]]},"properties":{"codi_ine":"08009","nom":"Argentona","comarca":"Maresme"}},
{"type":"Feature","geometry":{"type":"Polygon","coordinates":[[[1.74948,41.39261],[1.74939,41.39267],[1.74928,41.39281],[1.74918,41.39304],[1.7492,41.39319],[1.74928,41.39331],[1.74958,41.39357],[1.74968,41.39369],[1.74975,41.39385],[1.74978,41.39396],[1.74978,41.39414],[1.74973,41.39421],[1.74958,41.39432],[1.74935,41.39434],[1.74919,41.39432],[1.74883,41.39421],[1.74772,41.39457],[1.74672,41.3953],[1.74556,41.39568],[1.74438,41.39537],[1.74429,41.39519],[1.74404,41.39495],[1.74392,41.39486],[1.74376,41.39478],[1.74364,41.39475],[1.7435,41.39478],[1.74329,41.3949],[1.7432,41.39506],[1.74315,41.39523],[1.74312,41.39542],[1.74086,41.39562],[1.74065,41.3956],[1.74045,41.39552],[1.74021,41.39539],[1.74029,41.39472],[1.74037,41.39465],[1.74095,41.39424],[1.74111,41.39417],[1.74195,41.39397],[1.74294,41.39372],[1.74278,41.39352],[1.74265,41.39338],[1.74205,41.3928],[1.74023,41.39124],[1.73958,41.39076],[1.73915,41.39044],[1.73792,41.38971],[1.73773,41.38959],[1.73696,41.38897],[1.73627,41.38838],[1.73615,41.38823],[1.73575,41.38768],[1.73537,41.38705],[1.73382,41.38582],[1.7335,41.38564],[1.73336,41.38552],[1.73301,41.38522],[1.73254,41.38457],[1.73299,41.38462],[1.73336,41.38404],[1.73333,41.38378],[1.73317,41.38327],[1.73306,41.38306],[1.73277,41.38263],[1.7322,41.38259],[1.73193,41.38252],[1.73177,41.38245],[1.73124,41.38216],[1.73049,41.38152],[1.73043,41.38145],[1.73052,41.3813],[1.73112,41.38071],[1.73153,41.38035],[1.73171,41.38021],[1.73187,41.38004],[1.73217,41.37966],[1.72961,41.37615],[1.73042,41.37607],[1.73069,41.37602],[1.73189,41.37572],[1.73396,41.37516],[1.73621,41.37439],[1.7369,41.3742],[1.73837,41.37361],[1.73971,41.37285],[1.74096,41.37213],[1.74142,41.37188],[1.74192,41.37168],[1.74332,41.37121],[1.74382,41.37107],[1.74408,41.37102],[1.74465,41.37093],[1.74525,41.37082],[1.74561,41.37075],[1.74897,41.37008],[1.74965,41.3699],[1.75039,41.36967],[1.75074,41.36955],[1.7515,41.36926],[1.75385,41.36827],[1.75399,41.36822],[1.75699,41.36724],[1.75869,41.36696],[1.7601,41.36674],[1.76048,41.36669],[1.76094,41.36663],[1.76122,41.36658],[1.76157,41.36649],[1.76333,41.36598],[1.76388,41.36581],[1.7642,41.3657],[1.76441,41.3656],[1.76451,41.36553],[1.76477,41.36525],[1.76489,41.36514],[1.76516,41.36496],[1.76631,41.36433],[1.7672,41.36394],[1.76719,41.36306],[1.76708,41.3625],[1.76706,41.36225],[1.767,41.36159],[1.76752,41.36096],[1.76822,41.36047],[1.76871,41.36025],[1.76924,41.3592],[1.7693,41.35908],[1.76851,41.35845],[1.76771,41.3578],[1.76771,41.35769],[1.76768,41.35735],[1.76763,41.35705],[1.76759,41.35705],[1.76692,41.35716],[1.76631,41.35728],[1.76554,41.35754],[1.76422,41.35769],[1.76407,41.35769],[1.76378,41.35765],[1.76359,41.35758],[1.76342,41.35749],[1.76304,41.35722],[1.76297,41.35715],[1.76171,41.35667],[1.76056,41.35629],[1.7599,41.35565],[1.76014,41.35535],[1.76221,41.35461],[1.7624,41.35463],[1.76278,41.35461],[1.76287,41.35458],[1.76335,41.35427],[1.76189,41.35123],[1.76294,41.35083],[1.76335,41.3507],[1.76346,41.35069],[1.76354,41.35074],[1.76455,41.35061],[1.76609,41.35034],[1.76729,41.35012],[1.76734,41.35009],[1.76798,41.3494],[1.76809,41.34906],[1.76811,41.34893],[1.76818,41.3487],[1.76829,41.34843],[1.76927,41.34679],[1.77219,41.34429],[1.77189,41.34383],[1.77177,41.34366],[1.77157,41.34351],[1.77128,41.34335],[1.76959,41.34262],[1.7689,41.34226],[1.76718,41.34145],[1.76687,41.34131],[1.76669,41.34125],[1.76631,41.34117],[1.76582,41.34106],[1.76494,41.34091],[1.76458,41.34081],[1.76432,41.34068],[1.76395,41.34043],[1.76383,41.34033],[1.7637,41.34018],[1.76357,41.34],[1.76347,41.33975],[1.76341,41.33935],[1.76361,41.33831],[1.7638,41.3381],[1.76346,41.33707],[1.76182,41.33603],[1.76115,41.33544],[1.76032,41.33428],[1.75967,41.33373],[1.75844,41.33327],[1.75718,41.33255],[1.75672,41.33214],[1.75706,41.33161],[1.75716,41.33117],[1.75671,41.32928],[1.75649,41.32867],[1.75613,41.32776],[1.75602,41.32758],[1.75547,41.3261],[1.75582,41.32577],[1.75774,41.32651],[1.75898,41.32625],[1.76044,41.32618],[1.76305,41.32652],[1.76804,41.32421],[1.76821,41.32432],[1.76839,41.3244],[1.76997,41.32485],[1.77106,41.325],[1.77204,41.32554],[1.77222,41.32571],[1.77252,41.32593],[1.77325,41.3264],[1.77378,41.32673],[1.77468,41.32715],[1.77508,41.32727],[1.77532,41.32732],[1.77549,41.32732],[1.77563,41.32739],[1.77606,41.32765],[1.77656,41.32798],[1.7767,41.32813],[1.77713,41.32862],[1.77741,41.32899],[1.77758,41.32906],[1.77809,41.32905],[1.77818,41.329],[1.77863,41.32865],[1.77907,41.32822],[1.77973,41.32788],[1.78199,41.3276],[1.78307,41.32743],[1.78537,41.32675],[1.78529,41.3265],[1.78535,41.32637],[1.78578,41.32604],[1.78603,41.32591],[1.78615,41.3259],[1.78632,41.32591],[1.78673,41.32599],[1.78696,41.32601],[1.78733,41.32599],[1.78747,41.32594],[1.78756,41.32588],[1.78778,41.32563],[1.78893,41.32408],[1.78964,41.32278],[1.79102,41.32297],[1.79154,41.32308],[1.79178,41.32316],[1.79228,41.3234],[1.79252,41.32347],[1.79285,41.32348],[1.7948,41.3232],[1.79529,41.3231],[1.79556,41.32297],[1.79569,41.32293],[1.79597,41.32286],[1.79635,41.32282],[1.79696,41.32287],[1.79727,41.32292],[1.79756,41.32297],[1.79988,41.32301],[1.80026,41.32303],[1.80048,41.32323],[1.80075,41.32333],[1.80145,41.32354],[1.80237,41.32373],[1.80536,41.32425],[1.80794,41.32385],[1.80972,41.32342],[1.81014,41.32328],[1.81047,41.3231],[1.8106,41.32299],[1.81119,41.32222],[1.81291,41.32096],[1.81413,41.32067],[1.81447,41.32085],[1.8155,41.32113],[1.81567,41.32117],[1.81585,41.32118],[1.81634,41.32106],[1.81656,41.32103],[1.81697,41.32102],[1.81908,41.32106],[1.81968,41.3211],[1.81985,41.32107],[1.82025,41.32086],[1.82192,41.31995],[1.8228,41.31976],[1.82358,41.31959],[1.82389,41.31945],[1.8241,41.31933],[1.82433,41.31915],[1.82453,41.31904],[1.82496,41.31886],[1.825,41.31887],[1.8254,41.31926],[1.82577,41.3197],[1.82617,41.31997],[1.82686,41.32038],[1.82856,41.32103],[1.83212,41.32053],[1.83307,41.32006],[1.83405,41.31917],[1.83467,41.3188],[1.83506,41.31868],[1.83537,41.31863],[1.83593,41.31848],[1.83623,41.31839],[1.83701,41.31806],[1.83851,41.31737],[1.83868,41.31728],[1.83986,41.31624],[1.84057,41.31541],[1.84785,41.31932],[1.84403,41.31917],[1.84101,41.31904],[1.83991,41.31921],[1.83947,41.31943],[1.83823,41.32024],[1.83667,41.32197],[1.836,41.32255],[1.83568,41.32266],[1.83479,41.32306],[1.83354,41.32399],[1.83299,41.32437],[1.83186,41.32486],[1.83107,41.32497],[1.83046,41.32498],[1.82979,41.32511],[1.82874,41.32567],[1.82822,41.32619],[1.82783,41.32653],[1.82705,41.32703],[1.82632,41.32723],[1.82569,41.32734],[1.82477,41.3274],[1.82588,41.33337],[1.82545,41.33384],[1.82515,41.33412],[1.82463,41.33448],[1.82386,41.33461],[1.82234,41.33472],[1.82202,41.33478],[1.82064,41.33523],[1.81946,41.33586],[1.81833,41.33672],[1.81743,41.33713],[1.81669,41.3373],[1.81488,41.3376],[1.81437,41.33775],[1.8141,41.33789],[1.81377,41.33819],[1.81377,41.33838],[1.81406,41.33848],[1.81576,41.33815],[1.81612,41.33809],[1.81629,41.33809],[1.8161,41.33828],[1.81565,41.33869],[1.81517,41.33918],[1.81506,41.33934],[1.8151,41.33947],[1.81565,41.33981],[1.81601,41.33979],[1.81622,41.33985],[1.81659,41.34001],[1.81703,41.34036],[1.81721,41.34054],[1.8185,41.34202],[1.8181,41.34279],[1.8181,41.34296],[1.81818,41.34307],[1.81833,41.34314],[1.81851,41.34316],[1.81896,41.34314],[1.81928,41.34321],[1.81889,41.34358],[1.81814,41.34401],[1.81742,41.34423],[1.81587,41.34487],[1.8151,41.34549],[1.81479,41.34579],[1.81379,41.34651],[1.81313,41.3469],[1.81258,41.34718],[1.81162,41.34805],[1.8113,41.34846],[1.81111,41.34877],[1.81082,41.34908],[1.80895,41.35042],[1.80787,41.35009],[1.80664,41.34969],[1.80589,41.34939],[1.80487,41.34917],[1.80466,41.34914],[1.80445,41.34914],[1.8042,41.3492],[1.80384,41.34932],[1.80369,41.34944],[1.80295,41.35077],[1.80305,41.35123],[1.80315,41.35154],[1.80311,41.35179],[1.80307,41.35193],[1.80285,41.35234],[1.80244,41.35302],[1.80225,41.35346],[1.80217,41.35376],[1.80211,41.35416],[1.8021,41.3545],[1.80222,41.35509],[1.80227,41.35517],[1.80249,41.35527],[1.80275,41.35534],[1.80305,41.35535],[1.80323,41.35534],[1.80358,41.35528],[1.80395,41.3552],[1.80408,41.3552],[1.80434,41.35526],[1.80449,41.35538],[1.80456,41.35557],[1.80465,41.35595],[1.80469,41.35626],[1.80468,41.35658],[1.80543,41.35783],[1.80472,41.35851],[1.80396,41.35859],[1.80387,41.35863],[1.80369,41.35878],[1.80366,41.35883],[1.80368,41.35893],[1.80387,41.35922],[1.80394,41.3593],[1.80411,41.3594],[1.80424,41.35945],[1.80574,41.35977],[1.80588,41.35982],[1.806,41.35992],[1.80608,41.36004],[1.80612,41.36026],[1.80608,41.36042],[1.80612,41.36066],[1.80623,41.36074],[1.80637,41.36076],[1.80806,41.3607],[1.80832,41.36072],[1.80841,41.36077],[1.80845,41.36084],[1.80853,41.36102],[1.80857,41.36125],[1.80854,41.36145],[1.80848,41.3616],[1.80829,41.36197],[1.80806,41.36224],[1.80797,41.36232],[1.80789,41.36234],[1.80764,41.36227],[1.8071,41.36204],[1.80689,41.36188],[1.80672,41.36185],[1.80663,41.36187],[1.80653,41.36196],[1.80647,41.36206],[1.8064,41.36228],[1.80637,41.3628],[1.8064,41.36292],[1.80656,41.36308],[1.80672,41.36314],[1.80726,41.36324],[1.8077,41.36334],[1.80777,41.36342],[1.80771,41.36354],[1.80746,41.3637],[1.80704,41.36386],[1.80687,41.36389],[1.80586,41.36424],[1.80421,41.36507],[1.80348,41.36552],[1.80322,41.36572],[1.80315,41.36584],[1.80304,41.36622],[1.80301,41.36641],[1.80301,41.36669],[1.80294,41.36687],[1.80283,41.36702],[1.80237,41.3675],[1.80161,41.36821],[1.80086,41.36881],[1.80041,41.36936],[1.80071,41.36975],[1.79965,41.37082],[1.79909,41.37135],[1.79867,41.37156],[1.79788,41.37183],[1.79697,41.37219],[1.79612,41.37267],[1.79573,41.37292],[1.79497,41.37334],[1.79451,41.37356],[1.79401,41.37371],[1.79299,41.37399],[1.7924,41.37413],[1.79213,41.37415],[1.79026,41.37504],[1.78934,41.37541],[1.78821,41.37586],[1.78759,41.37613],[1.78712,41.37636],[1.78576,41.37657],[1.78562,41.37658],[1.78526,41.37668],[1.78517,41.37671],[1.78451,41.37717],[1.78374,41.37772],[1.78365,41.37781],[1.78333,41.37801],[1.78297,41.37821],[1.78215,41.3786],[1.78197,41.37865],[1.78077,41.37878],[1.77967,41.37901],[1.77899,41.37919],[1.77698,41.37992],[1.77551,41.38044],[1.77464,41.38046],[1.77332,41.38064],[1.77196,41.38088],[1.77066,41.38102],[1.77023,41.3809],[1.76949,41.38099],[1.76923,41.38175],[1.7681,41.38331],[1.7668,41.38355],[1.76633,41.38436],[1.76455,41.38548],[1.76356,41.38581],[1.76344,41.3858],[1.76268,41.3858],[1.76241,41.38583],[1.76177,41.38597],[1.76159,41.38601],[1.76151,41.38606],[1.76135,41.38621],[1.76134,41.38632],[1.76137,41.38637],[1.76086,41.3871],[1.76034,41.38671],[1.75953,41.38639],[1.75942,41.38637],[1.75931,41.3864],[1.75918,41.38652],[1.75907,41.38671],[1.75889,41.38703],[1.75645,41.38806],[1.75679,41.38766],[1.75677,41.38691],[1.75437,41.38502],[1.75404,41.38485],[1.75392,41.38481],[1.75313,41.38456],[1.75241,41.38447],[1.75145,41.38427],[1.75116,41.3842],[1.75092,41.3841],[1.75008,41.38371],[1.74969,41.38345],[1.74946,41.38328],[1.74914,41.38298],[1.74909,41.38291],[1.74848,41.38252],[1.74618,41.38219],[1.74397,41.38191],[1.74296,41.38193],[1.7427,41.38196],[1.74241,41.38205],[1.7421,41.38218],[1.74178,41.38237],[1.74165,41.38247],[1.74154,41.38281],[1.74077,41.38369],[1.73937,41.38461],[1.73854,41.38436],[1.73839,41.38476],[1.73885,41.3851],[1.73924,41.3854],[1.73963,41.38572],[1.73976,41.38585],[1.74019,41.3864],[1.74052,41.38681],[1.74097,41.3873],[1.74257,41.38884],[1.74269,41.38895],[1.74378,41.3898],[1.74561,41.3909],[1.74627,41.39133],[1.74713,41.3917],[1.74889,41.39232],[1.74948,41.39261]]]},"properties":{"codi_ine":"08013","nom":"Avinyonet del Penedès","comarca":"Alt Penedès"}},
{"type":"Feature","geometry":{"type":"Polygon","coordinates":[[[2.24705,41.48859],[2.2468,41.48854],[2.24639,41.48855],[2.24622,41.48869],[2.24619,41.48885],[2.24617,41.48927],[2.24619,41.48982],[2.24617,41.4899],[2.24596,41.4902],[2.24588,41.4903],[2.24574,41.49037],[2.24534,41.49046],[2.24517,41.49047],[2.24404,41.49051],[2.24327,41.49045],[2.24305,41.49042],[2.24286,41.49041],[2.24266,41.49043],[2.24244,41.49049],[2.2423,41.49054],[2.24169,41.49081],[2.24151,41.49089],[2.24118,41.49109],[2.24083,41.4913],[2.24073,41.49141],[2.23935,41.49159],[2.2392,41.49151],[2.23905,41.49144],[2.23872,41.49137],[2.23719,41.49125],[2.23693,41.49124],[2.23675,41.49127],[2.23657,41.49134],[2.23633,41.49152],[2.23613,41.49168],[2.23592,41.49179],[2.2357,41.49187],[2.23542,41.49192],[2.23503,41.49195],[2.23469,41.49196],[2.23439,41.49195],[2.23408,41.49196],[2.23362,41.49205],[2.23211,41.49246],[2.23178,41.49262],[2.23156,41.49276],[2.23137,41.49291],[2.23128,41.49295],[2.23106,41.49298],[2.23086,41.49291],[2.23025,41.49264],[2.22987,41.49247],[2.22964,41.49234],[2.22934,41.49216],[2.22907,41.49207],[2.22845,41.4919],[2.22816,41.49187],[2.22797,41.49187],[2.22751,41.49189],[2.22724,41.49191],[2.227,41.49196],[2.22495,41.49244],[2.22469,41.49252],[2.22442,41.49223],[2.22366,41.49139],[2.22336,41.49101],[2.22307,41.49061],[2.22022,41.48912],[2.21917,41.48904],[2.2181,41.48837],[2.21713,41.48845],[2.21684,41.48832],[2.21652,41.4881],[2.21545,41.48723],[2.21592,41.48655],[2.21635,41.48583],[2.21584,41.48458],[2.2157,41.48434],[2.21513,41.4834],[2.21393,41.48195],[2.21266,41.481],[2.21249,41.48095],[2.21226,41.48085],[2.21205,41.48074],[2.21182,41.48048],[2.21181,41.48033],[2.21269,41.47826],[2.21391,41.47799],[2.21513,41.47795],[2.2162,41.47764],[2.21744,41.47766],[2.21756,41.47701],[2.21707,41.47571],[2.21684,41.47517],[2.21662,41.47476],[2.2163,41.47435],[2.2138,41.47189],[2.21339,41.4715],[2.21327,41.47143],[2.21272,41.4713],[2.21227,41.47122],[2.21173,41.47122],[2.21133,41.4712],[2.21109,41.47115],[2.21097,41.47107],[2.21095,41.47101],[2.21169,41.47065],[2.22146,41.46513],[2.22092,41.46433],[2.21977,41.46278],[2.22028,41.46223],[2.22082,41.46167],[2.22028,41.46065],[2.21835,41.46026],[2.2184,41.45925],[2.21812,41.45871],[2.21678,41.45764],[2.22275,41.449],[2.22258,41.44897],[2.22152,41.44795],[2.22016,41.44638],[2.21933,41.44588],[2.21835,41.44498],[2.21724,41.44392],[2.21554,41.44248],[2.21378,41.44056],[2.2131,41.4398],[2.2135,41.43816],[2.2127,41.43721],[2.21281,41.43688],[2.21402,41.43569],[2.21467,41.43492],[2.21462,41.43489],[2.21469,41.43452],[2.21536,41.43377],[2.21566,41.43369],[2.21654,41.43307],[2.21693,41.43269],[2.2175,41.43222],[2.21957,41.43296],[2.22071,41.43159],[2.22095,41.43176],[2.22155,41.43204],[2.22251,41.4324],[2.22327,41.43132],[2.22447,41.4295],[2.22462,41.42922],[2.22643,41.42985],[2.22853,41.43028],[2.22961,41.43035],[2.23093,41.43071],[2.23145,41.43096],[2.23389,41.42892],[2.23619,41.42702],[2.2373,41.42624],[2.23742,41.42616],[2.23742,41.42631],[2.23746,41.42659],[2.23767,41.42708],[2.23781,41.42732],[2.23799,41.42755],[2.23806,41.42781],[2.23805,41.42795],[2.23821,41.42826],[2.23843,41.4286],[2.23879,41.42921],[2.23894,41.42956],[2.2391,41.42989],[2.23947,41.43044],[2.2396,41.43061],[2.23978,41.43078],[2.23994,41.43085],[2.24011,41.43086],[2.24033,41.43082],[2.24069,41.43063],[2.24087,41.43056],[2.24093,41.43056],[2.24094,41.43066],[2.24016,41.43101],[2.24012,41.43106],[2.24017,41.43113],[2.24076,41.43083],[2.24088,41.43091],[2.24043,41.43113],[2.24033,41.43122],[2.24026,41.4314],[2.24026,41.43151],[2.24031,41.43165],[2.24044,41.43181],[2.24063,41.43195],[2.24107,41.43219],[2.24121,41.43224],[2.2415,41.43221],[2.24192,41.43212],[2.24203,41.43215],[2.24238,41.4331],[2.24239,41.43327],[2.2421,41.43332],[2.24183,41.43256],[2.24051,41.43282],[2.24078,41.43359],[2.23982,41.43378],[2.23995,41.43414],[2.24252,41.43362],[2.24272,41.43419],[2.24036,41.43466],[2.24084,41.43601],[2.24164,41.43698],[2.24435,41.43643],[2.24283,41.43215],[2.24256,41.43135],[2.24256,41.4313],[2.24264,41.4312],[2.24275,41.43118],[2.24288,41.43123],[2.24292,41.43128],[2.24362,41.43329],[2.24408,41.43453],[2.24458,41.43593],[2.24494,41.43698],[2.24499,41.43713],[2.24498,41.43723],[2.24489,41.43728],[2.24438,41.43738],[2.24427,41.43742],[2.24432,41.43757],[2.24441,41.43766],[2.24455,41.43761],[2.24494,41.43752],[2.24554,41.43744],[2.24563,41.43747],[2.24553,41.43756],[2.24537,41.43762],[2.2449,41.4377],[2.24482,41.43772],[2.24479,41.43781],[2.2448,41.43797],[2.24498,41.43837],[2.24507,41.43854],[2.24553,41.43916],[2.24563,41.4394],[2.24584,41.43974],[2.246,41.43995],[2.24656,41.4406],[2.24702,41.4411],[2.24706,41.44118],[2.24706,41.44126],[2.24701,41.4414],[2.24703,41.44149],[2.24714,41.44165],[2.24724,41.44176],[2.24764,41.44223],[2.24844,41.44321],[2.24873,41.44363],[2.24886,41.4438],[2.24949,41.44456],[2.24989,41.445],[2.25055,41.44577],[2.2507,41.44599],[2.25092,41.44624],[2.25178,41.44704],[2.25226,41.44748],[2.25234,41.44756],[2.2526,41.44791],[2.25274,41.44807],[2.25328,41.44861],[2.25349,41.44876],[2.25365,41.44889],[2.2539,41.44918],[2.25434,41.44962],[2.25461,41.44986],[2.25502,41.45018],[2.2559,41.45104],[2.25643,41.45148],[2.25682,41.45184],[2.25689,41.45192],[2.25725,41.45227],[2.25781,41.45272],[2.25912,41.45368],[2.26,41.45437],[2.26031,41.45462],[2.26061,41.45485],[2.26086,41.45503],[2.26132,41.4554],[2.26178,41.45579],[2.26235,41.45626],[2.26306,41.45677],[2.26335,41.45697],[2.26373,41.45719],[2.26434,41.45756],[2.26466,41.45778],[2.26518,41.45824],[2.26543,41.45844],[2.26588,41.45877],[2.26668,41.45921],[2.26733,41.45954],[2.26751,41.45962],[2.26769,41.45963],[2.26779,41.45952],[2.26791,41.4595],[2.26807,41.45957],[2.26889,41.46002],[2.26982,41.46052],[2.26998,41.46061],[2.26952,41.46126],[2.26916,41.46165],[2.26883,41.46213],[2.26859,41.46255],[2.26854,41.4627],[2.26848,41.46297],[2.26814,41.46335],[2.26494,41.46566],[2.26424,41.46651],[2.26424,41.46662],[2.26404,41.46719],[2.26133,41.47024],[2.26138,41.47068],[2.26083,41.47076],[2.24846,41.48466],[2.24833,41.48479],[2.24816,41.48488],[2.24763,41.48563],[2.24757,41.48711],[2.24745,41.48769],[2.24705,41.48859]]]},"properties":{"codi_ine":"08015","nom":"Badalona","comarca":"Barcelonès"}},
{"type":"Feature","geometry":{"type":"MultiPolygon","coordinates":[[[[2.16467,41.3371],[2.16452,41.33713],[2.16443,41.3368],[2.16458,41.33678],[2.16467,41.3371]]],[[[2.16529,41.33924],[2.16514,41.33926],[2.16504,41.33894],[2.16519,41.33891],[2.16529,41.33924]]],[[[2.15555,41.34097],[2.15551,41.34105],[2.15541,41.34099],[2.15529,41.34079],[2.1554,41.34075],[2.15555,41.34097]]],[[[2.16571,41.34185],[2.16542,41.34189],[2.16539,41.34178],[2.16568,41.34173],[2.16571,41.34185]]],[[[2.16495,41.34197],[2.16466,41.34201],[2.16463,41.3419],[2.16492,41.34186],[2.16495,41.34197]]],[[[2.18181,41.36436],[2.1819,41.36442],[2.18188,41.36451],[2.18177,41.36454],[2.18169,41.36451],[2.18167,41.36442],[2.18181,41.36436]]],[[[2.18201,41.36459],[2.18214,41.36478],[2.18196,41.36485],[2.18181,41.36461],[2.18199,41.36455],[2.18201,41.36459]]],[[[2.18063,41.3648],[2.18071,41.36486],[2.1807,41.36495],[2.18059,41.36498],[2.18051,41.36495],[2.18049,41.36487],[2.18063,41.3648]]],[[[2.18214,41.36487],[2.18223,41.36492],[2.18221,41.36501],[2.1821,41.36504],[2.18202,41.36501],[2.182,41.36493],[2.18214,41.36487]]],[[[2.17513,41.34935],[2.17524,41.34979],[2.17532,41.35036],[2.17537,41.35057],[2.17544,41.35071],[2.17562,41.35093],[2.17575,41.35106],[2.17592,41.35134],[2.17608,41.3517],[2.17627,41.3522],[2.17644,41.35271],[2.17692,41.35351],[2.17724,41.35399],[2.17739,41.35423],[2.17767,41.35476],[2.17805,41.35534],[2.17889,41.35657],[2.17944,41.35741],[2.18036,41.3589],[2.18071,41.35942],[2.18097,41.35982],[2.18119,41.36019],[2.18156,41.36086],[2.1817,41.3611],[2.18227,41.36197],[2.18299,41.36309],[2.18329,41.36326],[2.18343,41.36328],[2.18348,41.36334],[2.18332,41.36412],[2.18326,41.36436],[2.18308,41.36487],[2.18328,41.36492],[2.18306,41.3652],[2.183,41.36522],[2.18289,41.3652],[2.18286,41.36516],[2.1829,41.36486],[2.1824,41.36475],[2.18176,41.36377],[2.1811,41.36274],[2.17967,41.36052],[2.17929,41.35994],[2.1782,41.35824],[2.17752,41.35719],[2.17604,41.35489],[2.17516,41.35353],[2.17462,41.35269],[2.17394,41.35165],[2.17335,41.35073],[2.17242,41.3493],[2.1721,41.34941],[2.172,41.34925],[2.1719,41.34901],[2.17187,41.34886],[2.17223,41.34881],[2.17206,41.34807],[2.17171,41.34646],[2.17154,41.34568],[2.17128,41.34453],[2.1713,41.34452],[2.17108,41.34349],[2.17042,41.34044],[2.17009,41.33889],[2.16983,41.33768],[2.16998,41.33767],[2.17004,41.33792],[2.17094,41.33781],[2.17098,41.33775],[2.17121,41.33712],[2.17119,41.337],[2.17102,41.33677],[2.17079,41.3365],[2.17069,41.33613],[2.17052,41.33567],[2.17062,41.33548],[2.17092,41.33515],[2.17107,41.33512],[2.17106,41.33504],[2.17084,41.33411],[2.17014,41.33419],[2.17021,41.3345],[2.17024,41.3346],[2.17016,41.33462],[2.17005,41.33458],[2.17001,41.33445],[2.16997,41.33421],[2.16999,41.33411],[2.17015,41.33405],[2.17116,41.33392],[2.17118,41.33393],[2.17054,41.33115],[2.17015,41.32948],[2.16975,41.32775],[2.16944,41.32644],[2.16938,41.32631],[2.16975,41.32525],[2.17036,41.32343],[2.17111,41.32124],[2.1716,41.31976],[2.17183,41.31909],[2.17215,41.31817],[2.17242,41.31745],[2.17241,41.31738],[2.17229,41.31733],[2.17232,41.31716],[2.17241,41.31708],[2.17261,41.31704],[2.17273,41.31705],[2.17281,41.31709],[2.17293,41.31722],[2.17294,41.31735],[2.17267,41.31809],[2.17203,41.32006],[2.17184,41.32061],[2.17157,41.32137],[2.17133,41.32213],[2.17076,41.32379],[2.17046,41.32469],[2.16993,41.32625],[2.16992,41.32657],[2.17001,41.32713],[2.17004,41.32727],[2.17019,41.32768],[2.17045,41.32878],[2.17077,41.33017],[2.17109,41.33159],[2.1714,41.33297],[2.17164,41.33401],[2.17175,41.33455],[2.17186,41.33491],[2.17194,41.335],[2.1721,41.33528],[2.17223,41.33572],[2.1723,41.33601],[2.1723,41.33612],[2.17238,41.3366],[2.17253,41.33727],[2.17269,41.33802],[2.17278,41.33847],[2.173,41.33938],[2.17308,41.33992],[2.17331,41.34086],[2.17333,41.34106],[2.17341,41.34146],[2.17381,41.34313],[2.17412,41.3447],[2.17432,41.34561],[2.17465,41.347],[2.17477,41.3476],[2.17485,41.34795],[2.175,41.34876],[2.17513,41.34935]]],[[[2.18086,41.36519],[2.18089,41.36523],[2.18071,41.3653],[2.18056,41.36506],[2.18073,41.365],[2.18086,41.36519]]],[[[2.18094,41.36531],[2.18103,41.36536],[2.18101,41.36545],[2.1809,41.36548],[2.18082,41.36545],[2.1808,41.36537],[2.18094,41.36531]]],[[[2.19381,41.37602],[2.19392,41.37606],[2.19417,41.3764],[2.19463,41.37701],[2.19463,41.37712],[2.19457,41.37726],[2.19453,41.37729],[2.19442,41.37722],[2.19399,41.37658],[2.19372,41.3762],[2.19369,41.37603],[2.19381,41.37602]]],[[[2.2061,41.38942],[2.20586,41.3894],[2.20577,41.38935],[2.20578,41.38926],[2.20588,41.38918],[2.20606,41.38917],[2.20615,41.3892],[2.20624,41.38929],[2.20625,41.38936],[2.2061,41.38942]]],[[[2.2222,41.40357],[2.22239,41.40376],[2.22263,41.40411],[2.22277,41.40433],[2.22293,41.40465],[2.22311,41.40488],[2.22308,41.40507],[2.22302,41.40509],[2.22284,41.40495],[2.22252,41.40442],[2.22242,41.40419],[2.22231,41.40402],[2.2222,41.40394],[2.22198,41.40362],[2.22202,41.40353],[2.22212,41.40353],[2.2222,41.40357]]],[[[2.22645,41.4071],[2.22652,41.40715],[2.2265,41.40768],[2.22643,41.40769],[2.22628,41.40746],[2.22628,41.40732],[2.22636,41.40715],[2.22645,41.4071]]],[[[2.2269,41.4076],[2.22697,41.40776],[2.22701,41.4079],[2.22691,41.40825],[2.22681,41.40808],[2.22675,41.40785],[2.22679,41.40766],[2.2269,41.4076]]],[[[2.22825,41.40834],[2.22833,41.4084],[2.22827,41.40845],[2.22782,41.4086],[2.22783,41.40851],[2.22819,41.40835],[2.22825,41.40834]]],[[[2.22639,41.4084],[2.22652,41.40857],[2.22651,41.40861],[2.22634,41.40865],[2.22625,41.40846],[2.22639,41.4084]]],[[[2.22729,41.40807],[2.22742,41.4081],[2.22801,41.40899],[2.22805,41.4091],[2.22806,41.40935],[2.22795,41.40956],[2.2279,41.40961],[2.22777,41.40964],[2.22769,41.40961],[2.2275,41.40941],[2.22737,41.40899],[2.22724,41.40895],[2.22698,41.40841],[2.22705,41.40828],[2.22704,41.40815],[2.22708,41.40811],[2.22729,41.40807]]],[[[2.07049,41.41881],[2.07024,41.42016],[2.06996,41.42134],[2.06954,41.42305],[2.0694,41.42335],[2.06967,41.42518],[2.06934,41.42527],[2.06766,41.42599],[2.06704,41.42627],[2.06702,41.42636],[2.0668,41.42732],[2.06682,41.42739],[2.067,41.42774],[2.06711,41.42787],[2.06772,41.42874],[2.06783,41.42913],[2.06781,41.42954],[2.06641,41.42981],[2.06554,41.4299],[2.06458,41.42991],[2.06411,41.43046],[2.06366,41.43113],[2.06346,41.43207],[2.06331,41.43261],[2.06291,41.43358],[2.06212,41.43336],[2.06093,41.43368],[2.06002,41.43396],[2.05983,41.43412],[2.0595,41.43448],[2.05936,41.43479],[2.05932,41.43507],[2.05936,41.43539],[2.05881,41.43556],[2.05811,41.43574],[2.05767,41.43581],[2.05749,41.43468],[2.05748,41.43461],[2.05779,41.4329],[2.05785,41.4326],[2.05842,41.4313],[2.05844,41.4309],[2.05845,41.42959],[2.05845,41.42918],[2.05826,41.42877],[2.05799,41.42827],[2.05769,41.4279],[2.05758,41.42751],[2.05755,41.42713],[2.05768,41.4268],[2.05766,41.42642],[2.05747,41.42622],[2.05679,41.42581],[2.05587,41.42548],[2.05466,41.42528],[2.05326,41.42501],[2.05289,41.42482],[2.05243,41.42444],[2.05233,41.42423],[2.05244,41.42389],[2.05252,41.42382],[2.05423,41.42272],[2.05551,41.42229],[2.05554,41.42227],[2.05608,41.42183],[2.05622,41.4217],[2.05647,41.42136],[2.05649,41.4212],[2.05644,41.42096],[2.0564,41.42044],[2.05663,41.41975],[2.05686,41.4192],[2.05705,41.4188],[2.05706,41.41766],[2.05696,41.41656],[2.0569,41.416],[2.05594,41.41516],[2.05523,41.41447],[2.05464,41.41395],[2.05485,41.41341],[2.05513,41.4121],[2.05685,41.41033],[2.05744,41.41033],[2.05877,41.41065],[2.059,41.41099],[2.05907,41.41226],[2.05887,41.41246],[2.05852,41.41274],[2.0592,41.41278],[2.06019,41.41268],[2.06078,41.41273],[2.06148,41.41294],[2.06263,41.4136],[2.06353,41.41356],[2.06416,41.4143],[2.06421,41.41439],[2.0649,41.41609],[2.06499,41.41663],[2.06431,41.41784],[2.06449,41.41795],[2.06473,41.41804],[2.065,41.41812],[2.06562,41.41814],[2.06605,41.41814],[2.06788,41.41839],[2.07003,41.41869],[2.07049,41.41881]]],[[[2.18706,41.46772],[2.1858,41.46776],[2.18538,41.4678],[2.18458,41.4682],[2.18442,41.46825],[2.18407,41.4683],[2.18379,41.4683],[2.18362,41.46828],[2.1831,41.46816],[2.18239,41.468],[2.18169,41.46784],[2.18069,41.46767],[2.18051,41.46766],[2.17941,41.46759],[2.17869,41.46818],[2.17864,41.46795],[2.17861,41.46769],[2.17861,41.46742],[2.17867,41.46708],[2.17879,41.4668],[2.17894,41.46653],[2.17917,41.46621],[2.17947,41.46588],[2.17984,41.46551],[2.18014,41.46527],[2.18042,41.46509],[2.18071,41.46494],[2.17885,41.46448],[2.1778,41.46424],[2.17562,41.46375],[2.17492,41.46385],[2.17452,41.46348],[2.17436,41.46302],[2.17376,41.46254],[2.1719,41.46127],[2.16955,41.46068],[2.16826,41.4607],[2.16733,41.46021],[2.16692,41.45917],[2.16644,41.45871],[2.16616,41.45847],[2.16567,41.45819],[2.16532,41.45769],[2.16478,41.45689],[2.16423,41.45604],[2.16417,41.45579],[2.16441,41.45512],[2.16451,41.45501],[2.16489,41.45405],[2.16483,41.45363],[2.16484,41.45284],[2.16533,41.45225],[2.16539,41.45215],[2.16557,41.4518],[2.16559,41.45167],[2.16558,41.45152],[2.16551,41.45144],[2.16531,41.45131],[2.16508,41.45122],[2.16479,41.45109],[2.16476,41.45106],[2.1644,41.45064],[2.16436,41.45057],[2.16429,41.45039],[2.16417,41.44987],[2.16414,41.44982],[2.16389,41.44977],[2.16298,41.44977],[2.16279,41.44979],[2.16269,41.44983],[2.16239,41.44999],[2.16104,41.45033],[2.15956,41.45052],[2.15897,41.45052],[2.15859,41.45026],[2.15816,41.44995],[2.1567,41.44985],[2.15584,41.44993],[2.15433,41.44935],[2.15356,41.4488],[2.15343,41.44865],[2.15341,41.44859],[2.15331,41.44797],[2.15306,41.44773],[2.15221,41.44718],[2.15115,41.44719],[2.14915,41.44701],[2.14906,41.44695],[2.14864,41.44679],[2.14842,41.44676],[2.14781,41.44687],[2.14758,41.44695],[2.14725,41.44711],[2.14709,41.44722],[2.14624,41.44764],[2.14521,41.44788],[2.14476,41.44786],[2.14399,41.44777],[2.14351,41.44762],[2.14303,41.44745],[2.14257,41.44714],[2.1411,41.44731],[2.1405,41.44748],[2.1383,41.44785],[2.13749,41.44783],[2.13694,41.44765],[2.13634,41.44761],[2.1352,41.44754],[2.13461,41.44725],[2.13361,41.4458],[2.13291,41.44494],[2.13202,41.44415],[2.13064,41.44371],[2.12994,41.44303],[2.12997,41.44265],[2.12994,41.44247],[2.1298,41.44235],[2.1295,41.44191],[2.12951,41.44174],[2.12985,41.44054],[2.12936,41.43938],[2.12922,41.43762],[2.12877,41.43629],[2.1288,41.43621],[2.12884,41.43581],[2.12884,41.43525],[2.12869,41.43477],[2.12815,41.43348],[2.12735,41.43284],[2.12679,41.43214],[2.12653,41.43161],[2.12411,41.42961],[2.12387,41.42944],[2.12308,41.42869],[2.122,41.42653],[2.12127,41.42583],[2.11956,41.42574],[2.11893,41.42581],[2.11681,41.42642],[2.11566,41.42678],[2.11546,41.42688],[2.11541,41.42695],[2.11541,41.42719],[2.11543,41.42738],[2.11542,41.42749],[2.11536,41.42759],[2.11508,41.42782],[2.11448,41.42806],[2.11332,41.4285],[2.11246,41.42859],[2.11202,41.42842],[2.11186,41.42835],[2.11174,41.42833],[2.11116,41.42829],[2.11094,41.42829],[2.11015,41.42848],[2.1092,41.42873],[2.10901,41.42875],[2.1084,41.42872],[2.10668,41.42863],[2.10575,41.42878],[2.10531,41.42884],[2.10436,41.42853],[2.10404,41.42836],[2.10359,41.42811],[2.10322,41.42807],[2.10213,41.42867],[2.10211,41.42869],[2.1017,41.42922],[2.10126,41.42972],[2.10115,41.42979],[2.10097,41.42984],[2.0999,41.43011],[2.09956,41.43014],[2.09915,41.43012],[2.09872,41.43089],[2.09891,41.43147],[2.09894,41.4317],[2.09851,41.43193],[2.09766,41.43222],[2.09721,41.43245],[2.09672,41.43274],[2.09623,41.43317],[2.09607,41.43327],[2.09484,41.43276],[2.09404,41.43203],[2.09334,41.43098],[2.09244,41.42993],[2.09206,41.42953],[2.09101,41.42907],[2.09016,41.42887],[2.08885,41.42882],[2.08811,41.42868],[2.08646,41.42888],[2.08606,41.42894],[2.08573,41.429],[2.08558,41.42907],[2.08409,41.42989],[2.08252,41.43133],[2.08258,41.43148],[2.08232,41.43163],[2.08219,41.43166],[2.08204,41.43167],[2.08144,41.43158],[2.08117,41.43132],[2.08112,41.43124],[2.08112,41.4311],[2.08122,41.43096],[2.08125,41.43077],[2.08117,41.43068],[2.08098,41.43063],[2.08084,41.43063],[2.08069,41.43066],[2.08043,41.43073],[2.08022,41.43082],[2.08013,41.43093],[2.08017,41.43114],[2.08023,41.43125],[2.08027,41.43142],[2.08026,41.43156],[2.08022,41.43171],[2.08013,41.4318],[2.07997,41.43189],[2.07989,41.43192],[2.07964,41.43194],[2.07883,41.43197],[2.07722,41.43252],[2.07558,41.43294],[2.07506,41.43393],[2.07513,41.43446],[2.07512,41.43457],[2.07499,41.43486],[2.07477,41.4353],[2.07433,41.43535],[2.07395,41.43535],[2.07349,41.43525],[2.07319,41.43521],[2.07309,41.43523],[2.07255,41.43547],[2.07252,41.4355],[2.0731,41.43616],[2.07329,41.43635],[2.07334,41.43645],[2.07303,41.43661],[2.07261,41.43655],[2.07181,41.43633],[2.07177,41.4363],[2.07167,41.43617],[2.07118,41.4353],[2.07106,41.43505],[2.07098,41.43474],[2.07094,41.4344],[2.071,41.43419],[2.07148,41.43308],[2.07312,41.43067],[2.0736,41.43042],[2.07527,41.42961],[2.0763,41.42902],[2.07648,41.4289],[2.07662,41.42871],[2.07546,41.42836],[2.07459,41.42811],[2.0732,41.42746],[2.07262,41.42562],[2.0727,41.42515],[2.07301,41.42499],[2.07319,41.42494],[2.07415,41.42481],[2.07454,41.42478],[2.07493,41.42491],[2.07545,41.42496],[2.07663,41.42505],[2.07714,41.42505],[2.07812,41.42494],[2.08023,41.42449],[2.08059,41.42406],[2.08016,41.42318],[2.08007,41.42306],[2.07906,41.42275],[2.0787,41.42266],[2.07805,41.42253],[2.0772,41.42242],[2.07606,41.42231],[2.07544,41.42207],[2.07534,41.42198],[2.07548,41.42184],[2.07628,41.42138],[2.07665,41.4212],[2.07701,41.42058],[2.07695,41.41939],[2.07765,41.4186],[2.07799,41.41864],[2.07875,41.4179],[2.07981,41.41625],[2.07974,41.41566],[2.07912,41.41498],[2.07907,41.41494],[2.07858,41.41498],[2.07734,41.41463],[2.07658,41.41387],[2.07639,41.41364],[2.07629,41.41349],[2.07616,41.41322],[2.07597,41.41279],[2.07444,41.41212],[2.07324,41.4117],[2.07242,41.41115],[2.07215,41.41086],[2.07142,41.40915],[2.07136,41.40891],[2.07135,41.40876],[2.07143,41.40859],[2.07174,41.40823],[2.07185,41.40808],[2.07209,41.40766],[2.07206,41.40754],[2.07192,41.4074],[2.07152,41.40719],[2.07032,41.40723],[2.07,41.40703],[2.07027,41.40644],[2.0705,41.40604],[2.07105,41.40528],[2.07147,41.40473],[2.07219,41.40346],[2.07279,41.40316],[2.07375,41.4033],[2.07469,41.40287],[2.07488,41.40284],[2.07617,41.40316],[2.07757,41.40291],[2.07777,41.40287],[2.07798,41.40291],[2.07859,41.40312],[2.07874,41.40322],[2.07994,41.40435],[2.08006,41.40446],[2.08012,41.40455],[2.0802,41.40475],[2.08031,41.40515],[2.08028,41.40539],[2.08028,41.40566],[2.08036,41.40587],[2.08042,41.40596],[2.08091,41.40633],[2.08162,41.40664],[2.08256,41.40725],[2.08354,41.40828],[2.08396,41.40878],[2.08413,41.40928],[2.08419,41.40939],[2.08457,41.4095],[2.08489,41.40958],[2.08546,41.40971],[2.08569,41.40974],[2.086,41.40971],[2.08654,41.40958],[2.08682,41.40949],[2.08689,41.40946],[2.08707,41.40927],[2.08726,41.40912],[2.08749,41.40898],[2.08759,41.40893],[2.08845,41.40867],[2.08867,41.40861],[2.0896,41.40844],[2.09032,41.40831],[2.09135,41.40824],[2.09222,41.40827],[2.09332,41.40814],[2.09401,41.408],[2.09475,41.40793],[2.09565,41.40785],[2.09617,41.40795],[2.09622,41.40797],[2.09666,41.40824],[2.09679,41.40857],[2.09695,41.4088],[2.09708,41.40893],[2.09727,41.40908],[2.09732,41.40911],[2.0976,41.40913],[2.09796,41.4091],[2.09816,41.40906],[2.09866,41.40895],[2.099,41.40886],[2.10028,41.40841],[2.10065,41.40826],[2.10156,41.40709],[2.1016,41.407],[2.10171,41.40645],[2.10175,41.4056],[2.10256,41.4049],[2.10286,41.40482],[2.1032,41.40464],[2.10359,41.4044],[2.10371,41.40424],[2.10379,41.40402],[2.10382,41.40384],[2.10384,41.40354],[2.10384,41.40339],[2.10378,41.40317],[2.10359,41.40268],[2.10309,41.4014],[2.1029,41.40088],[2.10267,41.40032],[2.10204,41.3995],[2.10168,41.39915],[2.10148,41.39903],[2.10116,41.39887],[2.10046,41.39835],[2.09976,41.39661],[2.09833,41.39461],[2.09779,41.39396],[2.09797,41.39336],[2.09866,41.39303],[2.09891,41.39297],[2.09913,41.39281],[2.09923,41.3927],[2.09972,41.39211],[2.0998,41.392],[2.0998,41.39182],[2.09978,41.39165],[2.09978,41.39146],[2.09983,41.39098],[2.09986,41.39079],[2.09998,41.39027],[2.10021,41.3893],[2.10031,41.38895],[2.10059,41.38841],[2.10071,41.38826],[2.10117,41.38801],[2.10159,41.38779],[2.10188,41.38765],[2.10211,41.38757],[2.10124,41.38293],[2.10176,41.38173],[2.10188,41.38148],[2.10203,41.38122],[2.10241,41.38084],[2.10259,41.38069],[2.10283,41.38058],[2.105,41.37934],[2.10554,41.37927],[2.10646,41.37897],[2.1069,41.37877],[2.10773,41.37814],[2.10815,41.37773],[2.10911,41.37663],[2.1096,41.37597],[2.11003,41.37594],[2.11081,41.37592],[2.11653,41.37581],[2.1178,41.37579],[2.11791,41.37585],[2.11933,41.37668],[2.12109,41.37773],[2.12144,41.37799],[2.12154,41.37707],[2.12149,41.37669],[2.12144,41.37636],[2.12146,41.37626],[2.12161,41.37595],[2.12178,41.37575],[2.12206,41.37544],[2.12251,41.37521],[2.12288,41.37502],[2.12402,41.37396],[2.12476,41.3733],[2.12693,41.3719],[2.12783,41.37135],[2.12855,41.37107],[2.12886,41.37095],[2.12913,41.3708],[2.12938,41.37064],[2.12973,41.37036],[2.13004,41.37009],[2.13071,41.36947],[2.13164,41.36798],[2.13173,41.36779],[2.13247,41.36611],[2.13303,41.36444],[2.13407,41.36341],[2.13495,41.36257],[2.13536,41.36224],[2.1355,41.36209],[2.13472,41.36111],[2.13398,41.36053],[2.13332,41.3599],[2.13325,41.35929],[2.13322,41.35876],[2.13321,41.35802],[2.13319,41.35742],[2.1331,41.35688],[2.13278,41.35595],[2.13271,41.35587],[2.13252,41.35578],[2.13233,41.35571],[2.13284,41.3545],[2.13359,41.35334],[2.13404,41.35267],[2.13526,41.35111],[2.13562,41.35072],[2.13624,41.3501],[2.13674,41.34962],[2.13706,41.34928],[2.13743,41.34888],[2.1369,41.34845],[2.10333,41.33647],[2.10137,41.33633],[2.10053,41.33604],[2.10225,41.33535],[2.10277,41.3351],[2.10313,41.3349],[2.10413,41.33434],[2.10479,41.33393],[2.10539,41.33349],[2.10583,41.33316],[2.10765,41.33175],[2.10838,41.3311],[2.10875,41.33073],[2.11013,41.32893],[2.11138,41.32725],[2.1123,41.32612],[2.11404,41.32488],[2.11565,41.32389],[2.11704,41.32332],[2.1189,41.32273],[2.12175,41.32207],[2.12314,41.32181],[2.1258,41.32135],[2.12852,41.32096],[2.13071,41.32077],[2.13212,41.32081],[2.13258,41.32085],[2.13977,41.32112],[2.14127,41.32109],[2.14374,41.32094],[2.14673,41.32076],[2.14986,41.32068],[2.1507,41.32153],[2.15082,41.32167],[2.15093,41.32185],[2.15173,41.32315],[2.15225,41.32297],[2.15232,41.32309],[2.15256,41.32359],[2.15286,41.32437],[2.153,41.32482],[2.15306,41.3251],[2.15314,41.32538],[2.15348,41.32633],[2.15356,41.32651],[2.15367,41.32683],[2.15381,41.32732],[2.15382,41.32751],[2.15386,41.32759],[2.15397,41.32769],[2.15405,41.32767],[2.15421,41.32759],[2.15424,41.3275],[2.15419,41.32743],[2.15403,41.32729],[2.15412,41.32718],[2.15427,41.32719],[2.15441,41.32731],[2.15446,41.3274],[2.15449,41.32753],[2.15443,41.32767],[2.15437,41.32774],[2.15425,41.32782],[2.15434,41.32787],[2.15511,41.32786],[2.15702,41.32784],[2.15715,41.3278],[2.15714,41.32775],[2.15884,41.32774],[2.15886,41.32755],[2.15882,41.32753],[2.15876,41.32731],[2.1588,41.32718],[2.15892,41.32713],[2.15901,41.32714],[2.15914,41.32719],[2.15926,41.32735],[2.15934,41.32755],[2.15974,41.32836],[2.15982,41.32866],[2.16021,41.32949],[2.16051,41.33017],[2.16075,41.33078],[2.16108,41.3315],[2.16135,41.33212],[2.16145,41.33237],[2.16159,41.33268],[2.1618,41.33311],[2.16227,41.33423],[2.16243,41.33456],[2.16287,41.33557],[2.16305,41.33599],[2.16317,41.3362],[2.16341,41.33671],[2.16356,41.33709],[2.16363,41.3373],[2.16389,41.33792],[2.16396,41.338],[2.16479,41.33787],[2.16488,41.33791],[2.1651,41.33788],[2.16502,41.33761],[2.16518,41.33759],[2.16539,41.33831],[2.16523,41.33834],[2.16494,41.33813],[2.1649,41.33817],[2.16472,41.33821],[2.16411,41.3383],[2.16411,41.33839],[2.16424,41.33871],[2.16449,41.33927],[2.16467,41.33968],[2.16492,41.34025],[2.16497,41.34027],[2.16515,41.34026],[2.1656,41.34017],[2.16573,41.34061],[2.16564,41.34063],[2.16553,41.34026],[2.16518,41.34034],[2.16511,41.34061],[2.16511,41.34068],[2.1653,41.34112],[2.16539,41.3412],[2.16565,41.34115],[2.16603,41.34107],[2.16614,41.34109],[2.16622,41.34115],[2.16623,41.34123],[2.16619,41.3413],[2.16597,41.34133],[2.16587,41.3413],[2.16557,41.34133],[2.1652,41.34139],[2.16502,41.34146],[2.16454,41.34151],[2.16437,41.34152],[2.16401,41.34157],[2.16363,41.34166],[2.16361,41.34169],[2.16365,41.34185],[2.164,41.34199],[2.16421,41.34211],[2.16424,41.34223],[2.16253,41.3425],[2.1625,41.34238],[2.16263,41.34219],[2.16287,41.34199],[2.16281,41.34181],[2.16277,41.34179],[2.16258,41.34181],[2.16197,41.34194],[2.16108,41.34207],[2.16104,41.34215],[2.16118,41.34251],[2.16118,41.34259],[2.15948,41.34325],[2.1593,41.34326],[2.15915,41.3432],[2.15843,41.34274],[2.15811,41.34258],[2.15794,41.34259],[2.15761,41.34248],[2.1571,41.34223],[2.15705,41.34228],[2.15628,41.34184],[2.15619,41.34173],[2.15565,41.34088],[2.15522,41.34017],[2.15491,41.33968],[2.15463,41.33971],[2.15438,41.3393],[2.15455,41.33924],[2.15462,41.33935],[2.15469,41.33932],[2.15461,41.33922],[2.15441,41.33903],[2.15424,41.33908],[2.15407,41.33902],[2.15388,41.3387],[2.15398,41.33866],[2.15402,41.33873],[2.15418,41.33868],[2.15426,41.3386],[2.15408,41.3383],[2.15379,41.33785],[2.15363,41.3378],[2.15359,41.33774],[2.15347,41.33734],[2.15298,41.33651],[2.1529,41.33642],[2.15275,41.33642],[2.15273,41.33636],[2.15263,41.33594],[2.15224,41.33531],[2.15193,41.33503],[2.15188,41.33497],[2.15182,41.33465],[2.15136,41.3339],[2.15097,41.33378],[2.15093,41.33372],[2.15108,41.33366],[2.15115,41.33356],[2.15108,41.33343],[2.15062,41.33272],[2.15052,41.33255],[2.15035,41.33247],[2.15019,41.33252],[2.15015,41.33246],[2.1503,41.33241],[2.15035,41.3323],[2.15029,41.33217],[2.15004,41.3318],[2.14976,41.33135],[2.14967,41.33128],[2.14949,41.33135],[2.1495,41.3314],[2.1494,41.33144],[2.14917,41.33107],[2.14928,41.33104],[2.14934,41.3311],[2.14944,41.33126],[2.14955,41.33121],[2.14946,41.33086],[2.14921,41.33047],[2.14893,41.33055],[2.14891,41.33054],[2.14919,41.33044],[2.14894,41.33002],[2.14883,41.32998],[2.14869,41.33002],[2.14844,41.3301],[2.14593,41.33099],[2.14593,41.33134],[2.14584,41.33137],[2.14728,41.3337],[2.14428,41.33475],[2.14475,41.3355],[2.14529,41.33639],[2.14562,41.33633],[2.14562,41.33655],[2.14792,41.33662],[2.14956,41.33667],[2.14975,41.338],[2.15046,41.34315],[2.15061,41.34425],[2.15092,41.34648],[2.15186,41.34641],[2.15177,41.34579],[2.15188,41.34577],[2.15195,41.3464],[2.15274,41.34634],[2.15264,41.34563],[2.15301,41.3456],[2.15285,41.34449],[2.15322,41.34446],[2.15301,41.34295],[2.15312,41.34274],[2.15331,41.3427],[2.15769,41.34519],[2.15767,41.34521],[2.16149,41.34738],[2.16324,41.34837],[2.16314,41.34846],[2.16305,41.34846],[2.16337,41.34864],[2.16367,41.34853],[2.16356,41.34839],[2.16691,41.34714],[2.1677,41.34835],[2.1701,41.352],[2.17188,41.35473],[2.17305,41.3565],[2.17303,41.35654],[2.1699,41.35865],[2.17094,41.36025],[2.17204,41.35984],[2.17384,41.35918],[2.17533,41.35863],[2.17544,41.35863],[2.17549,41.35867],[2.1761,41.35962],[2.17612,41.35961],[2.17674,41.36055],[2.17618,41.36076],[2.17616,41.36074],[2.17424,41.36145],[2.17369,41.36165],[2.17384,41.36188],[2.17347,41.36204],[2.1736,41.36221],[2.17467,41.36361],[2.17539,41.36455],[2.17598,41.36533],[2.17928,41.36412],[2.17899,41.36368],[2.17932,41.36356],[2.17969,41.36414],[2.18074,41.36578],[2.18069,41.36589],[2.17982,41.36622],[2.17967,41.36598],[2.17652,41.36713],[2.17669,41.3674],[2.1764,41.36742],[2.17668,41.36939],[2.17704,41.36936],[2.17711,41.36982],[2.17675,41.36985],[2.17709,41.37215],[2.17738,41.37212],[2.17746,41.37216],[2.17762,41.37236],[2.17766,41.37234],[2.18198,41.37038],[2.1821,41.3704],[2.183,41.37152],[2.18297,41.37162],[2.18109,41.37248],[2.17813,41.37382],[2.17828,41.37401],[2.17798,41.37414],[2.17919,41.37566],[2.17952,41.37572],[2.17991,41.37553],[2.17991,41.37544],[2.17997,41.37537],[2.18014,41.37528],[2.18028,41.37525],[2.18095,41.37497],[2.18088,41.37515],[2.1803,41.37543],[2.18002,41.37564],[2.17956,41.37581],[2.17952,41.37607],[2.18065,41.37748],[2.18231,41.37955],[2.18251,41.37946],[2.18326,41.37755],[2.18311,41.37737],[2.18149,41.37536],[2.18165,41.37488],[2.18209,41.37468],[2.18203,41.37467],[2.18111,41.37505],[2.18109,41.37503],[2.18115,41.37488],[2.18133,41.37477],[2.18163,41.37465],[2.1818,41.37462],[2.18217,41.37442],[2.18236,41.37429],[2.18251,41.37422],[2.18268,41.37417],[2.18257,41.37447],[2.18292,41.37431],[2.18305,41.37434],[2.1836,41.37502],[2.18496,41.37673],[2.18522,41.3768],[2.18517,41.37695],[2.18501,41.37698],[2.18367,41.38044],[2.18466,41.38067],[2.18512,41.38049],[2.18554,41.38029],[2.18465,41.38008],[2.18466,41.38005],[2.18555,41.38025],[2.18558,41.38027],[2.18592,41.38011],[2.18599,41.37983],[2.18486,41.37957],[2.18487,41.37953],[2.18594,41.37977],[2.18602,41.37957],[2.18645,41.37965],[2.18662,41.37922],[2.1851,41.37887],[2.18503,41.37904],[2.18496,41.37902],[2.18514,41.37859],[2.1852,41.37861],[2.18512,41.37882],[2.18664,41.37917],[2.18725,41.3776],[2.18644,41.37741],[2.18644,41.37733],[2.18719,41.37723],[2.18688,41.37601],[2.18656,41.37605],[2.18652,41.37591],[2.18685,41.37586],[2.18681,41.3757],[2.18672,41.37555],[2.18644,41.37559],[2.18612,41.37546],[2.18559,41.37512],[2.1852,41.37509],[2.18474,41.37503],[2.18473,41.37497],[2.18528,41.37492],[2.18522,41.37453],[2.18456,41.37464],[2.18454,41.37458],[2.18521,41.37448],[2.18514,41.37408],[2.1845,41.37422],[2.18448,41.37417],[2.18513,41.37403],[2.18507,41.37364],[2.18448,41.37381],[2.18445,41.37376],[2.18506,41.37358],[2.18501,41.37323],[2.18495,41.37321],[2.18443,41.37341],[2.1844,41.37336],[2.18499,41.37313],[2.18494,41.37279],[2.18488,41.37277],[2.18431,41.37303],[2.18424,41.37295],[2.18489,41.37265],[2.18555,41.37259],[2.18565,41.37265],[2.18588,41.37414],[2.18595,41.37454],[2.18667,41.37481],[2.18749,41.37455],[2.18725,41.37409],[2.18712,41.37387],[2.18709,41.37379],[2.18682,41.37329],[2.18711,41.3732],[2.18754,41.37316],[2.1874,41.37227],[2.18591,41.3724],[2.1858,41.37174],[2.18478,41.37184],[2.1846,41.37083],[2.18455,41.37053],[2.18457,41.37047],[2.18465,41.37044],[2.18496,41.3704],[2.18478,41.36945],[2.18462,41.36862],[2.18467,41.36854],[2.18473,41.36852],[2.1852,41.36848],[2.18524,41.36809],[2.18567,41.36804],[2.18595,41.36802],[2.186,41.36835],[2.18595,41.36843],[2.18587,41.36847],[2.18617,41.37013],[2.18721,41.37001],[2.18688,41.3683],[2.18697,41.36829],[2.18682,41.36761],[2.18667,41.36691],[2.18564,41.36569],[2.18542,41.36542],[2.18513,41.36569],[2.18498,41.36567],[2.18493,41.36563],[2.18494,41.36526],[2.18514,41.3653],[2.18526,41.36497],[2.18546,41.36465],[2.18609,41.36419],[2.18657,41.36402],[2.18666,41.36406],[2.18673,41.36417],[2.18618,41.36436],[2.18676,41.3653],[2.18733,41.36511],[2.18738,41.3652],[2.18725,41.36524],[2.18722,41.36519],[2.18679,41.36534],[2.18729,41.36615],[2.188,41.3659],[2.18802,41.36594],[2.18731,41.36619],[2.18766,41.36676],[2.18851,41.36647],[2.18853,41.3665],[2.18768,41.36679],[2.18796,41.36725],[2.18899,41.36687],[2.18924,41.36657],[2.18729,41.36356],[2.18664,41.36339],[2.18651,41.36305],[2.18706,41.36294],[2.18698,41.36272],[2.18677,41.36215],[2.18644,41.36116],[2.18598,41.35995],[2.18528,41.35812],[2.18506,41.35798],[2.18466,41.35806],[2.18459,41.3579],[2.18536,41.35773],[2.18576,41.35876],[2.1862,41.35993],[2.18685,41.36159],[2.18709,41.36155],[2.18715,41.36171],[2.18714,41.36191],[2.18727,41.36224],[2.18748,41.3627],[2.18763,41.36297],[2.18784,41.36354],[2.18836,41.36434],[2.18867,41.36485],[2.18912,41.36553],[2.18959,41.36628],[2.19034,41.36743],[2.19087,41.36827],[2.19113,41.36865],[2.19148,41.36922],[2.19185,41.36985],[2.19176,41.36997],[2.19165,41.37],[2.19152,41.36999],[2.19144,41.36993],[2.19135,41.36981],[2.19135,41.36973],[2.19119,41.36947],[2.19101,41.36941],[2.19079,41.36941],[2.19016,41.36956],[2.19006,41.36959],[2.18992,41.3697],[2.18978,41.36991],[2.18945,41.37025],[2.18938,41.37051],[2.18937,41.37074],[2.18937,41.37102],[2.18941,41.37154],[2.1895,41.37207],[2.18963,41.37252],[2.18967,41.37263],[2.18986,41.37303],[2.19013,41.37372],[2.19025,41.37406],[2.19038,41.3744],[2.19048,41.37458],[2.19077,41.37502],[2.19087,41.37518],[2.19125,41.3759],[2.19146,41.37622],[2.1916,41.37636],[2.19175,41.37649],[2.19199,41.37666],[2.19221,41.37678],[2.19244,41.37689],[2.19278,41.377],[2.1928,41.37722],[2.19269,41.37737],[2.1926,41.37759],[2.19256,41.37787],[2.19255,41.37819],[2.19258,41.37839],[2.19264,41.37862],[2.19271,41.37881],[2.19279,41.37899],[2.19295,41.37926],[2.1932,41.3797],[2.19348,41.38011],[2.19363,41.38029],[2.19398,41.38062],[2.1944,41.38097],[2.19453,41.38106],[2.19463,41.3811],[2.19609,41.38055],[2.19655,41.38035],[2.19664,41.38023],[2.19678,41.38022],[2.19689,41.38027],[2.19691,41.38045],[2.19676,41.38054],[2.19669,41.38054],[2.19555,41.38094],[2.19544,41.38099],[2.1954,41.38107],[2.19561,41.38141],[2.19567,41.38144],[2.19585,41.38143],[2.19648,41.38124],[2.19701,41.38105],[2.197,41.38098],[2.19713,41.38092],[2.19723,41.38095],[2.19729,41.381],[2.19732,41.38112],[2.19726,41.38121],[2.19714,41.38126],[2.19703,41.38122],[2.19641,41.38145],[2.19592,41.38163],[2.19573,41.38168],[2.19555,41.38165],[2.19553,41.38158],[2.19538,41.38165],[2.1953,41.38171],[2.19521,41.38192],[2.19518,41.3821],[2.19519,41.38225],[2.19524,41.3825],[2.19533,41.38273],[2.19542,41.3829],[2.19563,41.38321],[2.19607,41.38369],[2.19641,41.38397],[2.19671,41.38417],[2.19703,41.38432],[2.1975,41.38451],[2.19785,41.38461],[2.19824,41.38465],[2.19822,41.38475],[2.19839,41.38485],[2.19867,41.38496],[2.19909,41.38464],[2.1994,41.38478],[2.19965,41.38493],[2.19998,41.38519],[2.19948,41.38583],[2.19831,41.38672],[2.19831,41.3869],[2.19946,41.38776],[2.20021,41.38833],[2.20045,41.38833],[2.20196,41.38719],[2.20067,41.38623],[2.2002,41.38587],[2.2003,41.38579],[2.20085,41.38539],[2.20141,41.38582],[2.2012,41.38598],[2.20209,41.38665],[2.2024,41.38686],[2.20274,41.38661],[2.2026,41.38642],[2.20226,41.38601],[2.20191,41.38562],[2.20154,41.38525],[2.20114,41.38489],[2.2008,41.38461],[2.20051,41.3844],[2.20019,41.3842],[2.20003,41.3841],[2.19966,41.38404],[2.19886,41.38367],[2.19886,41.38362],[2.199,41.38352],[2.19934,41.38337],[2.19962,41.38333],[2.19975,41.38333],[2.19989,41.38337],[2.2001,41.38347],[2.20065,41.3838],[2.20069,41.38385],[2.20058,41.384],[2.20054,41.384],[2.2003,41.38388],[2.20009,41.38375],[2.19973,41.38357],[2.19951,41.38357],[2.1996,41.38363],[2.19972,41.38365],[2.20024,41.38392],[2.20061,41.38414],[2.20078,41.38426],[2.20112,41.38451],[2.20143,41.38477],[2.20186,41.38517],[2.20206,41.38536],[2.20242,41.38575],[2.20276,41.38615],[2.20292,41.38635],[2.20322,41.38677],[2.20336,41.38698],[2.20362,41.38741],[2.20308,41.38781],[2.20322,41.38789],[2.20343,41.3881],[2.20334,41.38816],[2.20306,41.38799],[2.20297,41.38778],[2.20285,41.3877],[2.20276,41.38769],[2.20131,41.38879],[2.20159,41.38934],[2.20174,41.38961],[2.20187,41.38981],[2.20211,41.39009],[2.20253,41.39039],[2.20271,41.3905],[2.20319,41.39075],[2.2034,41.39085],[2.20395,41.39106],[2.20413,41.39111],[2.20446,41.3912],[2.2046,41.39121],[2.20498,41.39098],[2.20566,41.39047],[2.20564,41.39042],[2.20571,41.39032],[2.20584,41.39029],[2.2059,41.3903],[2.20596,41.39039],[2.20595,41.39047],[2.20584,41.39064],[2.20531,41.39095],[2.20511,41.39113],[2.20488,41.39132],[2.20471,41.39141],[2.20457,41.39145],[2.20487,41.39167],[2.20538,41.39123],[2.2059,41.39083],[2.20589,41.39076],[2.20606,41.39062],[2.20624,41.39062],[2.20635,41.39069],[2.20638,41.3908],[2.20634,41.39088],[2.20622,41.39094],[2.20601,41.39101],[2.20575,41.3912],[2.20531,41.39157],[2.20534,41.39171],[2.20539,41.39182],[2.20553,41.39205],[2.20598,41.39259],[2.20635,41.393],[2.20671,41.39345],[2.20714,41.39398],[2.20774,41.39465],[2.20796,41.39487],[2.20821,41.39508],[2.20845,41.39526],[2.20878,41.39545],[2.20894,41.39553],[2.20936,41.39568],[2.20965,41.39576],[2.20987,41.3958],[2.21016,41.39558],[2.21099,41.39497],[2.21113,41.39474],[2.21138,41.39469],[2.21158,41.39478],[2.21153,41.39489],[2.21106,41.39513],[2.21102,41.39516],[2.21118,41.39528],[2.21131,41.39535],[2.21147,41.39522],[2.21148,41.39515],[2.21162,41.39501],[2.21175,41.39497],[2.21187,41.39503],[2.21198,41.39514],[2.21199,41.3952],[2.21193,41.39529],[2.21173,41.39534],[2.21162,41.39535],[2.21133,41.39555],[2.21061,41.39612],[2.21063,41.39636],[2.2107,41.39658],[2.21085,41.39683],[2.21119,41.39722],[2.21155,41.39771],[2.21201,41.39831],[2.21233,41.39864],[2.21254,41.3988],[2.21313,41.39913],[2.21332,41.39922],[2.21354,41.39931],[2.21393,41.39945],[2.2142,41.3995],[2.21429,41.39948],[2.21523,41.3987],[2.21542,41.39859],[2.21554,41.39863],[2.21543,41.39874],[2.21556,41.39887],[2.21562,41.39899],[2.2154,41.39914],[2.21478,41.39958],[2.21448,41.39982],[2.21411,41.40013],[2.21411,41.40025],[2.21425,41.40053],[2.21471,41.40122],[2.21497,41.40159],[2.21513,41.40177],[2.21566,41.40221],[2.21574,41.40229],[2.21613,41.40253],[2.21639,41.40266],[2.21665,41.40278],[2.21681,41.40283],[2.21696,41.40284],[2.21762,41.4024],[2.21814,41.40205],[2.21823,41.40201],[2.21832,41.40205],[2.21835,41.4021],[2.21828,41.40219],[2.21733,41.40281],[2.21685,41.40313],[2.21689,41.40327],[2.21745,41.40382],[2.21799,41.40432],[2.21848,41.40465],[2.21877,41.4048],[2.21916,41.40495],[2.21947,41.40508],[2.21976,41.40524],[2.22004,41.40532],[2.22011,41.40531],[2.22072,41.40485],[2.22165,41.40416],[2.22177,41.40406],[2.22188,41.40402],[2.22197,41.40408],[2.22196,41.40414],[2.22176,41.4043],[2.22174,41.40449],[2.22153,41.4047],[2.22143,41.40464],[2.22091,41.40516],[2.22097,41.40516],[2.22153,41.40557],[2.22189,41.4053],[2.22178,41.40522],[2.22178,41.40512],[2.22191,41.40509],[2.22228,41.40537],[2.22272,41.40569],[2.22323,41.40604],[2.22363,41.40638],[2.22376,41.40641],[2.22394,41.40634],[2.22413,41.40624],[2.22427,41.40619],[2.22435,41.40618],[2.22447,41.40624],[2.22468,41.40649],[2.22478,41.4065],[2.22511,41.4063],[2.22518,41.40621],[2.22541,41.40601],[2.22552,41.40596],[2.22563,41.40595],[2.22581,41.40602],[2.22582,41.40611],[2.22577,41.40624],[2.22572,41.40631],[2.2253,41.40653],[2.22475,41.40691],[2.225,41.4073],[2.22506,41.40731],[2.22545,41.40704],[2.22552,41.40689],[2.22586,41.40662],[2.22597,41.40661],[2.22615,41.40663],[2.22622,41.40681],[2.22615,41.40721],[2.22601,41.40723],[2.22597,41.40715],[2.22583,41.40708],[2.22566,41.40716],[2.22544,41.40732],[2.22583,41.40795],[2.22581,41.4078],[2.22596,41.40776],[2.22606,41.40788],[2.22606,41.40792],[2.22589,41.40805],[2.22617,41.40848],[2.22612,41.40854],[2.22635,41.4089],[2.22663,41.40923],[2.22676,41.40932],[2.22681,41.40943],[2.22675,41.40967],[2.22728,41.41049],[2.22759,41.41038],[2.22764,41.4104],[2.22795,41.41089],[2.22848,41.4107],[2.22826,41.41036],[2.22801,41.41034],[2.22795,41.41028],[2.22797,41.41019],[2.22812,41.41008],[2.22824,41.41003],[2.22843,41.41],[2.22851,41.41002],[2.22891,41.41023],[2.22899,41.4103],[2.22899,41.41039],[2.22871,41.41049],[2.22956,41.41179],[2.22946,41.41187],[2.22882,41.41186],[2.22882,41.41193],[2.2292,41.41194],[2.22929,41.41201],[2.2287,41.41244],[2.22291,41.41292],[2.22112,41.41306],[2.22131,41.41345],[2.22136,41.41368],[2.22129,41.41376],[2.22012,41.41487],[2.21994,41.41503],[2.2188,41.41596],[2.21713,41.41764],[2.21679,41.41806],[2.21658,41.41825],[2.21516,41.41932],[2.21439,41.41989],[2.21415,41.42005],[2.21372,41.42031],[2.21288,41.42074],[2.21213,41.42105],[2.21155,41.42181],[2.21115,41.42236],[2.20993,41.42435],[2.20995,41.4246],[2.20857,41.42522],[2.20777,41.42501],[2.20755,41.42503],[2.20632,41.42558],[2.20626,41.42593],[2.20674,41.42664],[2.20715,41.42712],[2.20736,41.42784],[2.20734,41.42811],[2.20726,41.42907],[2.20716,41.42937],[2.20701,41.42968],[2.20662,41.43067],[2.2065,41.43098],[2.20622,41.43211],[2.20612,41.43254],[2.2078,41.43308],[2.20892,41.43325],[2.21076,41.43343],[2.2103,41.43425],[2.21017,41.43452],[2.20998,41.43491],[2.2098,41.43531],[2.20963,41.43576],[2.20941,41.43639],[2.20863,41.43919],[2.20847,41.43977],[2.2084,41.44],[2.20823,41.44052],[2.20799,41.4411],[2.20783,41.44144],[2.20766,41.44177],[2.20747,41.44212],[2.20732,41.44237],[2.20694,41.44296],[2.20683,41.44312],[2.2063,41.44381],[2.20588,41.44428],[2.20561,41.44458],[2.20321,41.4471],[2.20194,41.44839],[2.2007,41.44962],[2.19957,41.45072],[2.19918,41.45107],[2.19848,41.45167],[2.19811,41.45198],[2.19771,41.45228],[2.19699,41.45279],[2.19528,41.45399],[2.19451,41.45454],[2.19171,41.45655],[2.19131,41.45685],[2.19096,41.45714],[2.19062,41.45743],[2.18979,41.45822],[2.18937,41.45864],[2.18901,41.45904],[2.18883,41.45927],[2.18861,41.45958],[2.18846,41.45982],[2.1882,41.46029],[2.18806,41.4606],[2.18796,41.46083],[2.1878,41.46131],[2.18772,41.46162],[2.18768,41.4618],[2.18764,41.46213],[2.18745,41.4638],[2.18718,41.46629],[2.18706,41.46772]],[[2.15434,41.33897],[2.15438,41.33889],[2.15433,41.33873],[2.15421,41.33872],[2.15405,41.33878],[2.15415,41.33897],[2.15422,41.339],[2.15434,41.33897]],[[2.15479,41.33946],[2.15472,41.33937],[2.15465,41.33939],[2.15471,41.33949],[2.15479,41.33946]]]]},"properties":{"codi_ine":"08019","nom":"Barcelona","comarca":"Barcelonès"}},
{"type":"Feature","geometry":{"type":"Polygon","coordinates":[[[1.94456,41.34981],[1.94407,41.34981],[1.94393,41.34983],[1.94279,41.35006],[1.94094,41.35032],[1.93959,41.3507],[1.93916,41.35099],[1.93854,41.35135],[1.93845,41.35139],[1.93826,41.35143],[1.93797,41.35147],[1.93773,41.35148],[1.93558,41.35151],[1.93521,41.35144],[1.93462,41.35127],[1.93411,41.35111],[1.93381,41.35098],[1.93333,41.35081],[1.93139,41.35033],[1.93093,41.35023],[1.93055,41.35023],[1.92954,41.35039],[1.92792,41.35056],[1.92784,41.35051],[1.92757,41.35045],[1.92708,41.35039],[1.9268,41.35042],[1.92649,41.35056],[1.92612,41.35085],[1.92587,41.35109],[1.92582,41.35113],[1.92544,41.35134],[1.92518,41.35143],[1.9248,41.35152],[1.92433,41.35157],[1.92395,41.3516],[1.92252,41.35192],[1.92175,41.35218],[1.92076,41.35231],[1.92042,41.35235],[1.91998,41.35236],[1.91904,41.35225],[1.91809,41.3523],[1.91769,41.35248],[1.91642,41.35297],[1.91478,41.35326],[1.91286,41.35388],[1.91218,41.35446],[1.91218,41.35463],[1.91213,41.35505],[1.91209,41.35514],[1.912,41.35522],[1.91182,41.35535],[1.91147,41.35557],[1.91131,41.35565],[1.91118,41.35569],[1.91114,41.35567],[1.91091,41.35494],[1.9107,41.35429],[1.91072,41.35403],[1.9107,41.35384],[1.91054,41.35327],[1.91048,41.35311],[1.9103,41.35279],[1.91017,41.35266],[1.91,41.35255],[1.90984,41.35248],[1.90961,41.35243],[1.90903,41.35238],[1.90802,41.35231],[1.90733,41.35237],[1.90697,41.35256],[1.9052,41.35369],[1.90362,41.35473],[1.90268,41.35496],[1.90087,41.3554],[1.89999,41.35555],[1.89987,41.35554],[1.8997,41.35548],[1.89936,41.35532],[1.89873,41.35501],[1.89838,41.35481],[1.896,41.35156],[1.89587,41.35146],[1.89418,41.35083],[1.89377,41.35073],[1.89219,41.35065],[1.8921,41.35063],[1.89198,41.35058],[1.89091,41.34965],[1.89082,41.34952],[1.8907,41.34918],[1.89056,41.34891],[1.89033,41.34852],[1.89012,41.34834],[1.88953,41.34793],[1.88907,41.34786],[1.88739,41.3473],[1.887,41.34705],[1.88664,41.34684],[1.88539,41.34619],[1.88454,41.34589],[1.88424,41.34581],[1.88403,41.34569],[1.88367,41.34546],[1.88352,41.34532],[1.88332,41.34507],[1.88296,41.34449],[1.88245,41.34395],[1.88229,41.34381],[1.88202,41.34372],[1.8818,41.34371],[1.88159,41.34379],[1.8812,41.34404],[1.88099,41.34413],[1.87995,41.34448],[1.8798,41.34453],[1.87936,41.34452],[1.8787,41.34436],[1.87802,41.34418],[1.87777,41.34409],[1.87748,41.34402],[1.87716,41.34398],[1.87674,41.34395],[1.87645,41.34395],[1.87548,41.34402],[1.87491,41.34428],[1.87464,41.34434],[1.87428,41.34432],[1.87398,41.34429],[1.87368,41.34424],[1.87285,41.34408],[1.87251,41.344],[1.87181,41.34373],[1.87096,41.34333],[1.87047,41.34308],[1.8702,41.34288],[1.86973,41.34237],[1.86971,41.34214],[1.86978,41.34185],[1.86993,41.34147],[1.87005,41.34123],[1.8703,41.34094],[1.87081,41.34012],[1.87099,41.33982],[1.87109,41.33944],[1.87127,41.33849],[1.871,41.33818],[1.87042,41.33785],[1.86962,41.33743],[1.86767,41.33652],[1.86689,41.33621],[1.86629,41.33603],[1.86575,41.33584],[1.8656,41.33577],[1.865,41.3354],[1.86467,41.33512],[1.86436,41.33482],[1.86381,41.33459],[1.86181,41.33424],[1.8603,41.33264],[1.85988,41.33205],[1.85992,41.3314],[1.86017,41.33057],[1.86014,41.3301],[1.85975,41.3295],[1.85967,41.32939],[1.85954,41.32932],[1.85939,41.32929],[1.85914,41.32931],[1.85897,41.32935],[1.85882,41.32943],[1.85865,41.32949],[1.85851,41.32946],[1.8579,41.32895],[1.85775,41.32878],[1.85789,41.32843],[1.85794,41.32806],[1.85788,41.32793],[1.85771,41.32781],[1.85739,41.32762],[1.85675,41.32731],[1.85575,41.32611],[1.85539,41.32543],[1.85328,41.32143],[1.85259,41.3205],[1.85187,41.31947],[1.85166,41.31924],[1.85143,41.31909],[1.85119,41.31901],[1.85073,41.31886],[1.85024,41.31878],[1.84984,41.31875],[1.84946,41.31877],[1.84899,41.31885],[1.84869,41.31894],[1.84828,41.31912],[1.84785,41.31932],[1.84871,41.31872],[1.8497,41.31864],[1.85019,41.31646],[1.84952,41.31519],[1.84901,41.31411],[1.84879,41.31378],[1.84822,41.31302],[1.84797,41.31245],[1.84794,41.31228],[1.84793,41.31208],[1.84796,41.31192],[1.84801,41.31177],[1.84812,41.31117],[1.84821,41.3103],[1.84829,41.30953],[1.84825,41.30931],[1.84819,41.30907],[1.8481,41.30886],[1.84767,41.30806],[1.84754,41.30784],[1.84723,41.30761],[1.84702,41.30726],[1.84684,41.30675],[1.84673,41.30635],[1.84989,41.30335],[1.85127,41.30173],[1.85163,41.30168],[1.85217,41.30167],[1.85266,41.3015],[1.85315,41.30129],[1.85418,41.30081],[1.85468,41.30049],[1.85459,41.30018],[1.85451,41.30002],[1.85431,41.29978],[1.85412,41.29946],[1.854,41.29923],[1.85401,41.29918],[1.85478,41.29856],[1.85491,41.29852],[1.85504,41.29855],[1.85551,41.29869],[1.85571,41.29882],[1.85584,41.29888],[1.85606,41.29886],[1.85633,41.29878],[1.85662,41.29864],[1.85752,41.29813],[1.85814,41.29779],[1.85833,41.2977],[1.85855,41.29763],[1.85871,41.29763],[1.85893,41.2977],[1.85904,41.29777],[1.85913,41.29787],[1.85923,41.298],[1.85934,41.29832],[1.85941,41.29872],[1.85951,41.29903],[1.85964,41.29914],[1.85986,41.29915],[1.86015,41.29907],[1.86029,41.29902],[1.86063,41.29884],[1.86106,41.29858],[1.86122,41.29845],[1.86127,41.29833],[1.86138,41.29743],[1.86143,41.29705],[1.86171,41.2965],[1.8621,41.29627],[1.86221,41.29624],[1.86357,41.29594],[1.86375,41.29593],[1.86413,41.29591],[1.8649,41.29593],[1.86536,41.29594],[1.86817,41.29607],[1.86939,41.29625],[1.87267,41.29345],[1.87101,41.29116],[1.86907,41.28129],[1.86955,41.28111],[1.87021,41.28088],[1.87075,41.28072],[1.87088,41.28063],[1.87103,41.28045],[1.87123,41.28],[1.87143,41.27864],[1.87162,41.27898],[1.87179,41.27925],[1.87195,41.2794],[1.87225,41.27955],[1.8727,41.27965],[1.87314,41.27963],[1.87338,41.27958],[1.87437,41.27937],[1.87624,41.2791],[1.87878,41.27866],[1.8805,41.27831],[1.88239,41.27819],[1.88289,41.27845],[1.883,41.2786],[1.88349,41.27899],[1.88388,41.27917],[1.88442,41.27937],[1.88491,41.27942],[1.88533,41.27952],[1.88548,41.2796],[1.88556,41.2798],[1.88554,41.27997],[1.88544,41.28012],[1.88528,41.28024],[1.88516,41.2804],[1.88515,41.28053],[1.88517,41.2807],[1.88525,41.28122],[1.88531,41.2815],[1.88542,41.28164],[1.88573,41.28166],[1.8865,41.28158],[1.88686,41.28173],[1.88734,41.28201],[1.88774,41.28241],[1.88813,41.28276],[1.88834,41.28292],[1.88861,41.28308],[1.88891,41.28322],[1.88924,41.28334],[1.88983,41.28344],[1.89015,41.28341],[1.89034,41.28332],[1.8905,41.28312],[1.89169,41.28249],[1.89208,41.28247],[1.89337,41.28227],[1.8936,41.2822],[1.8942,41.28199],[1.89485,41.28168],[1.8954,41.28153],[1.89594,41.28163],[1.8964,41.28172],[1.89691,41.28194],[1.89721,41.28198],[1.89777,41.28198],[1.89798,41.28194],[1.89842,41.28172],[1.8989,41.28145],[1.89926,41.2813],[1.89955,41.28121],[1.90111,41.2808],[1.90173,41.28078],[1.9022,41.28085],[1.90277,41.28107],[1.90397,41.2817],[1.90483,41.28224],[1.90503,41.28256],[1.90533,41.28272],[1.90587,41.28285],[1.90685,41.28285],[1.90758,41.28284],[1.9082,41.28294],[1.90916,41.28313],[1.90965,41.28346],[1.90996,41.28367],[1.9113,41.28473],[1.91187,41.28538],[1.91287,41.28686],[1.91292,41.28785],[1.91286,41.2882],[1.91299,41.28831],[1.9133,41.28849],[1.91375,41.28875],[1.91414,41.28891],[1.91446,41.28895],[1.91487,41.28896],[1.93018,41.29477],[1.93132,41.30187],[1.94547,41.31745],[1.95561,41.32324],[1.9569,41.32377],[1.95837,41.3244],[1.9594,41.325],[1.95947,41.32531],[1.96,41.32596],[1.96049,41.32645],[1.96059,41.32651],[1.96121,41.32683],[1.9614,41.32687],[1.96176,41.32685],[1.96182,41.32821],[1.96159,41.32849],[1.96145,41.32856],[1.96066,41.32872],[1.95914,41.32924],[1.95868,41.3295],[1.95861,41.32957],[1.95861,41.32965],[1.95944,41.3333],[1.9498,41.33529],[1.94743,41.33681],[1.9459,41.33666],[1.9444,41.33683],[1.94404,41.33714],[1.94461,41.33887],[1.94488,41.33979],[1.94533,41.34145],[1.94535,41.34213],[1.94485,41.34336],[1.94443,41.34455],[1.94456,41.34981]]]},"properties":{"codi_ine":"08020","nom":"Begues","comarca":"Baix Llobregat"}},
{"type":"Feature","geometry":{"type":"Polygon","coordinates":[[[2.24028,41.70567],[2.23742,41.70951],[2.23673,41.70924],[2.23082,41.70773],[2.2294,41.70743],[2.22843,41.70726],[2.22778,41.70696],[2.22615,41.70614],[2.22495,41.70553],[2.22415,41.70509],[2.2236,41.70486],[2.22243,41.7045],[2.22186,41.70443],[2.22129,41.70447],[2.21987,41.70483],[2.21956,41.70491],[2.21918,41.70493],[2.21747,41.70422],[2.21712,41.70413],[2.21665,41.70405],[2.21504,41.7039],[2.21394,41.70389],[2.21323,41.70393],[2.21278,41.70404],[2.21258,41.70426],[2.21254,41.70453],[2.21258,41.70481],[2.21273,41.70506],[2.21283,41.70513],[2.21362,41.70597],[2.21389,41.70631],[2.21414,41.70676],[2.2142,41.70701],[2.21417,41.70718],[2.21406,41.70733],[2.21372,41.70746],[2.2127,41.70767],[2.21226,41.70789],[2.21213,41.70801],[2.21153,41.70942],[2.21086,41.71019],[2.21067,41.71035],[2.21027,41.71032],[2.21006,41.71024],[2.20983,41.71008],[2.20969,41.70987],[2.20908,41.70812],[2.20868,41.70782],[2.20838,41.70782],[2.20813,41.70792],[2.20756,41.70853],[2.20747,41.70868],[2.20718,41.7089],[2.20694,41.709],[2.20658,41.70903],[2.20544,41.7087],[2.20495,41.70848],[2.2044,41.7083],[2.20241,41.70772],[2.19998,41.70684],[2.19916,41.70635],[2.19856,41.70583],[2.19739,41.70571],[2.19684,41.70568],[2.19538,41.70575],[2.19519,41.70756],[2.19498,41.70829],[2.19479,41.7087],[2.19404,41.70977],[2.19375,41.70976],[2.19353,41.70978],[2.1934,41.70982],[2.19322,41.70991],[2.1931,41.71],[2.193,41.71012],[2.19228,41.71134],[2.19213,41.71198],[2.19227,41.71314],[2.1919,41.71489],[2.19176,41.71562],[2.19169,41.71579],[2.19115,41.71634],[2.191,41.71645],[2.1876,41.71507],[2.18792,41.71438],[2.18798,41.71417],[2.18793,41.71405],[2.18765,41.71375],[2.18717,41.71319],[2.18702,41.71294],[2.18674,41.71249],[2.18624,41.71108],[2.18606,41.71032],[2.18597,41.70968],[2.18594,41.70923],[2.18582,41.70831],[2.18572,41.7081],[2.1854,41.70784],[2.18525,41.70726],[2.18524,41.70706],[2.18528,41.70657],[2.18526,41.70614],[2.1852,41.70558],[2.18484,41.70494],[2.18473,41.70431],[2.18474,41.70381],[2.18464,41.70305],[2.18442,41.70248],[2.18447,41.70151],[2.18479,41.70099],[2.18485,41.70093],[2.1851,41.70082],[2.18526,41.70077],[2.18541,41.70077],[2.18567,41.70068],[2.18598,41.70052],[2.18615,41.70036],[2.18616,41.70027],[2.18602,41.70002],[2.1858,41.69969],[2.18562,41.69953],[2.18557,41.69941],[2.18548,41.69878],[2.18548,41.6985],[2.18582,41.69768],[2.1866,41.69671],[2.18886,41.69191],[2.18855,41.69157],[2.18826,41.69129],[2.18805,41.6911],[2.18785,41.69095],[2.18741,41.69068],[2.18715,41.69052],[2.18706,41.69049],[2.18636,41.69006],[2.18567,41.68901],[2.18487,41.68831],[2.18251,41.68675],[2.18125,41.68634],[2.17959,41.68534],[2.17904,41.68498],[2.17811,41.68463],[2.17747,41.68441],[2.17644,41.68445],[2.17623,41.68447],[2.17604,41.6845],[2.17503,41.68456],[2.17319,41.6844],[2.17287,41.68434],[2.17208,41.68409],[2.1719,41.68389],[2.17199,41.68375],[2.17198,41.68366],[2.17183,41.68314],[2.17164,41.68275],[2.17155,41.68258],[2.17102,41.68182],[2.17072,41.68146],[2.16977,41.6803],[2.16898,41.67937],[2.16744,41.6782],[2.16486,41.67752],[2.16497,41.67737],[2.16508,41.6771],[2.16506,41.67688],[2.16489,41.67646],[2.16478,41.67624],[2.16464,41.67605],[2.16441,41.67579],[2.16427,41.6756],[2.16421,41.67545],[2.16406,41.67501],[2.16401,41.67473],[2.16405,41.67454],[2.16411,41.67443],[2.16424,41.67425],[2.16495,41.67342],[2.16512,41.67314],[2.16519,41.67297],[2.16543,41.67213],[2.16553,41.67171],[2.16554,41.67155],[2.16549,41.67131],[2.16536,41.67103],[2.16529,41.67095],[2.16401,41.66907],[2.16388,41.66886],[2.16381,41.66869],[2.16375,41.66848],[2.16371,41.66826],[2.16377,41.66806],[2.1655,41.66786],[2.16491,41.66693],[2.16404,41.66501],[2.16401,41.66435],[2.16376,41.66327],[2.16366,41.66316],[2.16345,41.66274],[2.16337,41.66252],[2.16307,41.66159],[2.16317,41.6611],[2.16358,41.65909],[2.16394,41.65773],[2.16408,41.65755],[2.16782,41.65923],[2.16903,41.65971],[2.16981,41.65988],[2.16999,41.6599],[2.17024,41.65986],[2.17037,41.65978],[2.17072,41.65978],[2.17437,41.66026],[2.17558,41.65993],[2.17564,41.65975],[2.17595,41.65942],[2.17618,41.65936],[2.17735,41.65919],[2.17796,41.65913],[2.17872,41.65916],[2.17979,41.65907],[2.17985,41.65867],[2.18038,41.65801],[2.18144,41.65723],[2.1827,41.65546],[2.18493,41.65264],[2.18596,41.65141],[2.18626,41.65106],[2.18682,41.65048],[2.18704,41.6502],[2.18767,41.65042],[2.18801,41.65046],[2.18857,41.65048],[2.18988,41.65084],[2.18989,41.65097],[2.18997,41.6511],[2.19012,41.65118],[2.19041,41.65125],[2.19073,41.65127],[2.19197,41.65112],[2.19292,41.651],[2.19305,41.65093],[2.19321,41.65088],[2.19337,41.65086],[2.19385,41.65083],[2.19394,41.6509],[2.19425,41.65127],[2.19445,41.65158],[2.1944,41.65288],[2.19414,41.65365],[2.19386,41.65422],[2.19383,41.65437],[2.19388,41.65456],[2.19399,41.65478],[2.19414,41.65499],[2.19516,41.65568],[2.19549,41.6558],[2.19581,41.656],[2.19638,41.65638],[2.19649,41.65651],[2.19652,41.65657],[2.19656,41.65718],[2.19656,41.65729],[2.19639,41.65808],[2.19723,41.6593],[2.19792,41.66071],[2.19838,41.66154],[2.1999,41.6634],[2.20033,41.66404],[2.20049,41.66423],[2.20068,41.66439],[2.20082,41.6645],[2.20105,41.66464],[2.20236,41.66538],[2.2032,41.66646],[2.20402,41.66668],[2.2049,41.66688],[2.20506,41.66686],[2.2052,41.66681],[2.20544,41.66662],[2.20563,41.66634],[2.20563,41.66616],[2.20556,41.66607],[2.20547,41.66601],[2.20497,41.66529],[2.20453,41.66381],[2.20451,41.66372],[2.20451,41.66354],[2.20473,41.66303],[2.20483,41.6629],[2.20505,41.66268],[2.20518,41.66257],[2.20532,41.66249],[2.20646,41.66159],[2.20784,41.6603],[2.20802,41.65997],[2.20815,41.65976],[2.21096,41.65975],[2.21252,41.65963],[2.21748,41.65973],[2.22217,41.66074],[2.22382,41.6623],[2.22711,41.66226],[2.2273,41.66471],[2.22757,41.66479],[2.22768,41.66481],[2.2279,41.66475],[2.22811,41.66467],[2.22892,41.66511],[2.22945,41.66537],[2.23104,41.66523],[2.23121,41.66519],[2.23133,41.66559],[2.23139,41.6657],[2.23185,41.66617],[2.23277,41.66746],[2.23296,41.66793],[2.23303,41.66804],[2.23349,41.66853],[2.2347,41.66935],[2.23621,41.67033],[2.23715,41.67124],[2.23943,41.67187],[2.24406,41.67721],[2.24702,41.67825],[2.24703,41.67852],[2.24698,41.67875],[2.24661,41.68002],[2.24659,41.68026],[2.24647,41.68118],[2.24643,41.68146],[2.24636,41.68167],[2.24624,41.68186],[2.24557,41.68272],[2.24492,41.68321],[2.24436,41.68392],[2.24357,41.68506],[2.24295,41.68553],[2.24249,41.68619],[2.2422,41.68715],[2.24206,41.68743],[2.24198,41.68756],[2.24181,41.68769],[2.24035,41.68859],[2.23778,41.69022],[2.23752,41.69044],[2.2374,41.69058],[2.23689,41.69171],[2.23963,41.69244],[2.23543,41.69574],[2.23336,41.69722],[2.23909,41.7015],[2.23939,41.70165],[2.24153,41.70304],[2.24178,41.70314],[2.24028,41.70567]]]},"properties":{"codi_ine":"08023","nom":"Bigues i Riells del Fai","comarca":"Vallès Oriental"}},
{"type":"Feature","geometry":{"type":"Polygon","coordinates":[[[2.42106,41.53203],[2.4209,41.53168],[2.41953,41.53082],[2.41922,41.531],[2.41807,41.5313],[2.41558,41.53187],[2.41497,41.53207],[2.41418,41.53289],[2.41407,41.533],[2.41382,41.53342],[2.41369,41.53361],[2.41353,41.53382],[2.41344,41.53391],[2.41331,41.53401],[2.41304,41.53416],[2.41257,41.53434],[2.41238,41.53439],[2.41122,41.53461],[2.40919,41.53498],[2.40872,41.53506],[2.40831,41.53515],[2.40813,41.53527],[2.40806,41.53545],[2.4079,41.53598],[2.40805,41.53622],[2.40838,41.53668],[2.40854,41.53685],[2.40888,41.53717],[2.40928,41.53759],[2.40938,41.53784],[2.40956,41.53847],[2.40949,41.53859],[2.40795,41.5388],[2.40588,41.53913],[2.4057,41.53914],[2.40535,41.53911],[2.40463,41.53895],[2.40406,41.53889],[2.4039,41.5389],[2.40329,41.53903],[2.40275,41.53924],[2.40239,41.53941],[2.40218,41.5395],[2.40201,41.53955],[2.40018,41.53992],[2.39829,41.53991],[2.39741,41.53916],[2.39468,41.53854],[2.39417,41.53858],[2.39326,41.53892],[2.39226,41.53933],[2.39208,41.53946],[2.39182,41.53959],[2.39165,41.53962],[2.39138,41.53964],[2.39124,41.53962],[2.39053,41.53938],[2.39017,41.53919],[2.38947,41.53894],[2.38789,41.53855],[2.38692,41.53868],[2.3865,41.53886],[2.38605,41.5392],[2.38577,41.53941],[2.38537,41.53947],[2.38477,41.53945],[2.38288,41.54099],[2.38162,41.54042],[2.38071,41.53996],[2.37919,41.54044],[2.377,41.54117],[2.37619,41.54049],[2.37564,41.5397],[2.37517,41.53871],[2.375,41.53825],[2.37542,41.53712],[2.3765,41.53691],[2.37805,41.53602],[2.37884,41.5334],[2.37888,41.53325],[2.37923,41.53192],[2.37916,41.53172],[2.37905,41.53157],[2.37888,41.5314],[2.37864,41.53119],[2.37883,41.53044],[2.37908,41.53016],[2.37958,41.52941],[2.38016,41.52849],[2.38043,41.5279],[2.38172,41.52737],[2.38196,41.52707],[2.38232,41.52672],[2.38256,41.52651],[2.3829,41.52627],[2.38324,41.52606],[2.38363,41.52589],[2.3853,41.52428],[2.38563,41.52275],[2.38799,41.52007],[2.38832,41.51971],[2.38851,41.51953],[2.38892,41.5192],[2.38922,41.519],[2.39003,41.51858],[2.39033,41.5187],[2.39205,41.51644],[2.39436,41.51409],[2.39694,41.51106],[2.39914,41.50925],[2.4022,41.50688],[2.40296,41.5063],[2.40353,41.50668],[2.40404,41.50698],[2.40434,41.50717],[2.40459,41.50733],[2.40527,41.50785],[2.40562,41.5081],[2.40605,41.50836],[2.40628,41.50847],[2.40691,41.50876],[2.40775,41.50925],[2.40811,41.50947],[2.40861,41.50982],[2.40901,41.51012],[2.40924,41.51031],[2.40963,41.51063],[2.41004,41.51093],[2.41031,41.51112],[2.41089,41.51151],[2.41113,41.51164],[2.41157,41.51194],[2.41219,41.51239],[2.4132,41.51306],[2.41367,41.51335],[2.41407,41.51367],[2.41426,41.51385],[2.4147,41.51411],[2.41517,41.51447],[2.416,41.51505],[2.41635,41.51527],[2.41743,41.51601],[2.41796,41.51633],[2.41836,41.51654],[2.41868,41.51669],[2.41916,41.51688],[2.42044,41.51741],[2.42161,41.5179],[2.4219,41.51803],[2.42295,41.51852],[2.42328,41.51868],[2.42391,41.51901],[2.42383,41.51913],[2.42367,41.51931],[2.42353,41.51955],[2.42293,41.52096],[2.42256,41.52212],[2.42114,41.53196],[2.42106,41.53203]]]},"properties":{"codi_ine":"08029","nom":"Cabrera de Mar","comarca":"Maresme"}},
{"type":"Feature","geometry":{"type":"Polygon","coordinates":[[[2.36855,41.54337],[2.36689,41.54321],[2.36619,41.54345],[2.36598,41.54353],[2.36426,41.54377],[2.36202,41.54361],[2.36172,41.54359],[2.36041,41.54327],[2.35996,41.54315],[2.35977,41.54295],[2.3596,41.54282],[2.35915,41.54266],[2.3576,41.54247],[2.35621,41.54198],[2.35548,41.54166],[2.35474,41.5414],[2.35422,41.5413],[2.35218,41.54096],[2.35195,41.54097],[2.35179,41.54101],[2.35144,41.54113],[2.34835,41.53844],[2.34533,41.53641],[2.34255,41.53462],[2.3437,41.53362],[2.34421,41.53299],[2.34238,41.53084],[2.34485,41.53147],[2.34494,41.53136],[2.34483,41.53115],[2.34486,41.53097],[2.34508,41.53045],[2.34741,41.5296],[2.34811,41.52939],[2.34827,41.52935],[2.34842,41.52934],[2.34858,41.52936],[2.34945,41.52911],[2.3524,41.52796],[2.35275,41.52779],[2.35324,41.52758],[2.35351,41.52747],[2.35366,41.52743],[2.35392,41.5274],[2.35444,41.52739],[2.35473,41.52745],[2.35499,41.52744],[2.35531,41.52733],[2.35548,41.52725],[2.35557,41.52719],[2.3565,41.5264],[2.35657,41.5263],[2.35675,41.52601],[2.35826,41.52526],[2.35834,41.52523],[2.35918,41.52501],[2.36002,41.52484],[2.36117,41.52399],[2.362,41.52305],[2.36352,41.52214],[2.36388,41.52185],[2.36429,41.52155],[2.36496,41.52118],[2.36505,41.52114],[2.3661,41.52085],[2.36615,41.52085],[2.36652,41.52078],[2.36656,41.52076],[2.3674,41.52016],[2.36772,41.51991],[2.36824,41.51947],[2.36891,41.51889],[2.36903,41.51861],[2.36902,41.51845],[2.372,41.51601],[2.37306,41.51519],[2.37362,41.51479],[2.37394,41.5146],[2.37406,41.51454],[2.37575,41.51352],[2.37691,41.51403],[2.37869,41.51283],[2.37955,41.51318],[2.38026,41.51246],[2.38087,41.51312],[2.38212,41.51435],[2.38221,41.5144],[2.38245,41.51447],[2.3839,41.51477],[2.38508,41.51496],[2.38613,41.51506],[2.38754,41.51513],[2.38825,41.51544],[2.38871,41.51566],[2.38938,41.51584],[2.39134,41.51626],[2.39205,41.51644],[2.39033,41.5187],[2.39003,41.51858],[2.38922,41.519],[2.38892,41.5192],[2.38851,41.51953],[2.38832,41.51971],[2.38799,41.52007],[2.38563,41.52275],[2.3853,41.52428],[2.38363,41.52589],[2.38324,41.52606],[2.3829,41.52627],[2.38256,41.52651],[2.38232,41.52672],[2.38196,41.52707],[2.38172,41.52737],[2.38043,41.5279],[2.38016,41.52849],[2.37958,41.52941],[2.37908,41.53016],[2.37883,41.53044],[2.37864,41.53119],[2.37888,41.5314],[2.37905,41.53157],[2.37916,41.53172],[2.37923,41.53192],[2.37888,41.53325],[2.37884,41.5334],[2.37805,41.53602],[2.3765,41.53691],[2.37542,41.53712],[2.375,41.53825],[2.37517,41.53871],[2.37564,41.5397],[2.37619,41.54049],[2.377,41.54117],[2.37643,41.54139],[2.37427,41.5419],[2.37328,41.54203],[2.37305,41.54203],[2.37214,41.54182],[2.37191,41.54175],[2.37129,41.54172],[2.37109,41.54177],[2.37099,41.54184],[2.37084,41.54199],[2.37048,41.54238],[2.3704,41.54251],[2.37025,41.54286],[2.37019,41.54295],[2.36998,41.54308],[2.36974,41.54322],[2.36942,41.54336],[2.36922,41.54337],[2.36855,41.54337]]]},"properties":{"codi_ine":"08030","nom":"Cabrils","comarca":"Maresme"}},
{"type":"Feature","geometry":{"type":"Polygon","coordinates":[[[2.16486,41.67752],[2.16293,41.67675],[2.16259,41.67673],[2.16223,41.67678],[2.1609,41.67745],[2.15985,41.67815],[2.15967,41.67833],[2.15944,41.6785],[2.15919,41.67863],[2.15912,41.67863],[2.15828,41.67854],[2.15592,41.67823],[2.15454,41.67786],[2.15242,41.6774],[2.15241,41.67741],[2.14751,41.68253],[2.13843,41.68983],[2.13783,41.68958],[2.13686,41.689],[2.13587,41.68852],[2.13477,41.68812],[2.134,41.68751],[2.13335,41.68699],[2.13355,41.6868],[2.13371,41.6866],[2.13376,41.68633],[2.13375,41.68616],[2.13371,41.68607],[2.13324,41.68532],[2.13278,41.68465],[2.13252,41.68432],[2.13225,41.68391],[2.13208,41.68362],[2.13206,41.68351],[2.13206,41.68318],[2.13206,41.68274],[2.13205,41.68245],[2.13199,41.68203],[2.13196,41.68194],[2.13154,41.68114],[2.13122,41.6807],[2.13113,41.68064],[2.13095,41.6804],[2.13088,41.68023],[2.13082,41.67997],[2.13078,41.67973],[2.13078,41.67963],[2.13084,41.67948],[2.13091,41.67937],[2.13107,41.67919],[2.13131,41.67902],[2.13174,41.67877],[2.13221,41.67847],[2.13231,41.67837],[2.13236,41.6782],[2.1323,41.67807],[2.13217,41.67783],[2.13212,41.67777],[2.13204,41.67677],[2.13343,41.67521],[2.13441,41.67436],[2.13456,41.66925],[2.1215,41.67015],[2.12103,41.67011],[2.121,41.67003],[2.12089,41.66983],[2.12075,41.66968],[2.12059,41.66958],[2.12047,41.66954],[2.12021,41.66951],[2.11937,41.66948],[2.11914,41.66949],[2.11895,41.66952],[2.11796,41.66918],[2.11799,41.66912],[2.11795,41.66902],[2.11789,41.66896],[2.11758,41.66873],[2.11706,41.66837],[2.11689,41.66828],[2.11637,41.66816],[2.11621,41.66816],[2.11603,41.66821],[2.11584,41.6683],[2.11578,41.66831],[2.11559,41.66828],[2.11546,41.66824],[2.11492,41.66799],[2.1141,41.66736],[2.11322,41.66696],[2.11303,41.66716],[2.11251,41.66671],[2.11238,41.66665],[2.11129,41.66642],[2.11112,41.66639],[2.11031,41.66631],[2.10994,41.66629],[2.10855,41.66583],[2.10803,41.66531],[2.10726,41.66465],[2.10719,41.66463],[2.10616,41.66452],[2.10557,41.66462],[2.10539,41.66469],[2.10529,41.66469],[2.10484,41.66455],[2.10456,41.66445],[2.10352,41.66368],[2.10343,41.66359],[2.10326,41.66337],[2.10273,41.66247],[2.10256,41.66211],[2.10136,41.66099],[2.10066,41.66061],[2.10031,41.66037],[2.10003,41.66012],[2.09995,41.65997],[2.10001,41.65984],[2.10003,41.65973],[2.09998,41.65964],[2.09977,41.65946],[2.09857,41.65922],[2.09705,41.65892],[2.09678,41.65888],[2.09651,41.65895],[2.09611,41.65913],[2.09636,41.65886],[2.09734,41.65874],[2.09969,41.65858],[2.10205,41.65831],[2.10194,41.657],[2.10348,41.65661],[2.10467,41.65636],[2.10569,41.656],[2.10638,41.65505],[2.10711,41.65503],[2.10788,41.65493],[2.10795,41.65491],[2.10909,41.65431],[2.10928,41.65419],[2.10932,41.65413],[2.10957,41.65351],[2.10958,41.65323],[2.10967,41.65286],[2.10991,41.65214],[2.11016,41.65177],[2.11034,41.65162],[2.11052,41.65149],[2.11081,41.65135],[2.11094,41.65124],[2.11105,41.65111],[2.1111,41.651],[2.11111,41.6505],[2.1111,41.65037],[2.11106,41.65028],[2.11097,41.65016],[2.11088,41.65008],[2.1107,41.64972],[2.11114,41.64924],[2.11123,41.64916],[2.11147,41.649],[2.11161,41.64895],[2.11195,41.64893],[2.11242,41.64879],[2.11246,41.64812],[2.11248,41.64715],[2.11264,41.64671],[2.11295,41.64592],[2.11316,41.64564],[2.1134,41.64546],[2.11462,41.64527],[2.11559,41.64516],[2.11678,41.64499],[2.11676,41.64482],[2.11651,41.64442],[2.11638,41.64425],[2.11626,41.6439],[2.11625,41.6436],[2.11766,41.6437],[2.118,41.64374],[2.11883,41.64527],[2.12148,41.64552],[2.12162,41.64516],[2.12177,41.64482],[2.12197,41.64438],[2.12224,41.64398],[2.12265,41.6437],[2.12305,41.64338],[2.12328,41.64309],[2.1235,41.64279],[2.12374,41.64214],[2.12381,41.64191],[2.12386,41.64158],[2.12392,41.64108],[2.12422,41.64093],[2.12482,41.64067],[2.12542,41.64042],[2.12586,41.64026],[2.12673,41.63997],[2.12712,41.63988],[2.12748,41.63987],[2.12775,41.6399],[2.12797,41.63997],[2.12826,41.64011],[2.12855,41.64029],[2.12883,41.6404],[2.12912,41.64043],[2.12951,41.64043],[2.13008,41.64034],[2.13051,41.64026],[2.1307,41.64012],[2.13088,41.63995],[2.131,41.63977],[2.13108,41.63961],[2.13138,41.63932],[2.1316,41.63917],[2.13187,41.63902],[2.13216,41.63892],[2.13243,41.63892],[2.13268,41.63903],[2.13294,41.63915],[2.13328,41.63926],[2.13393,41.63943],[2.13428,41.63949],[2.13472,41.63954],[2.1352,41.6395],[2.1356,41.63937],[2.13596,41.63924],[2.13618,41.63913],[2.13651,41.6389],[2.13681,41.63863],[2.13696,41.63842],[2.14007,41.63642],[2.14099,41.63388],[2.14483,41.63296],[2.14516,41.63276],[2.14627,41.63202],[2.14655,41.63166],[2.14836,41.63091],[2.14869,41.63078],[2.14922,41.63029],[2.15031,41.62921],[2.15093,41.62849],[2.15141,41.6278],[2.15164,41.62732],[2.1518,41.62708],[2.15242,41.62631],[2.15286,41.62588],[2.15391,41.62445],[2.15405,41.62422],[2.15418,41.62394],[2.15533,41.62278],[2.1556,41.62264],[2.15576,41.62253],[2.15597,41.62235],[2.15635,41.62199],[2.15686,41.62146],[2.15674,41.62141],[2.15663,41.62128],[2.1566,41.62115],[2.15666,41.62083],[2.15702,41.62005],[2.15774,41.61859],[2.16083,41.61471],[2.16243,41.61018],[2.16469,41.60119],[2.16687,41.60142],[2.17048,41.60138],[2.17816,41.6016],[2.18044,41.60153],[2.18163,41.60146],[2.18258,41.60195],[2.18262,41.60207],[2.18269,41.60221],[2.18278,41.60226],[2.18294,41.6023],[2.18314,41.60233],[2.18383,41.60233],[2.18405,41.60232],[2.18426,41.60229],[2.18485,41.60297],[2.18463,41.60487],[2.18499,41.60576],[2.1851,41.60599],[2.18521,41.60618],[2.18667,41.60637],[2.18787,41.60661],[2.18555,41.61206],[2.19123,41.61195],[2.19128,41.61213],[2.19142,41.61294],[2.19146,41.61315],[2.19179,41.61408],[2.19202,41.61419],[2.19347,41.61399],[2.19438,41.61384],[2.19632,41.61411],[2.19682,41.6152],[2.1994,41.6157],[2.19976,41.61652],[2.19982,41.61675],[2.19977,41.61704],[2.19961,41.61792],[2.19928,41.6185],[2.19925,41.61886],[2.19929,41.61918],[2.19945,41.61963],[2.19975,41.62007],[2.19986,41.62039],[2.19845,41.62806],[2.2036,41.62934],[2.20368,41.62964],[2.20367,41.63007],[2.20342,41.63096],[2.20335,41.63222],[2.20327,41.63397],[2.20322,41.63438],[2.20299,41.63507],[2.20278,41.63539],[2.20177,41.63676],[2.20065,41.63778],[2.20039,41.63801],[2.19982,41.63842],[2.1992,41.63862],[2.19851,41.63869],[2.198,41.63897],[2.19794,41.6394],[2.19796,41.63983],[2.19789,41.64024],[2.1974,41.64074],[2.1968,41.64134],[2.1955,41.64284],[2.19447,41.64437],[2.19407,41.64467],[2.19342,41.64511],[2.19153,41.64637],[2.19011,41.64731],[2.18968,41.64756],[2.1893,41.64774],[2.18855,41.64808],[2.18808,41.64832],[2.18796,41.64841],[2.18789,41.64851],[2.18738,41.6496],[2.18726,41.64984],[2.18704,41.6502],[2.18682,41.65048],[2.18626,41.65106],[2.18596,41.65141],[2.18493,41.65264],[2.1827,41.65546],[2.18144,41.65723],[2.18038,41.65801],[2.17985,41.65867],[2.17979,41.65907],[2.17872,41.65916],[2.17796,41.65913],[2.17735,41.65919],[2.17618,41.65936],[2.17595,41.65942],[2.17564,41.65975],[2.17558,41.65993],[2.17437,41.66026],[2.17072,41.65978],[2.17037,41.65978],[2.17024,41.65986],[2.16999,41.6599],[2.16981,41.65988],[2.16903,41.65971],[2.16782,41.65923],[2.16408,41.65755],[2.16394,41.65773],[2.16358,41.65909],[2.16317,41.6611],[2.16307,41.66159],[2.16337,41.66252],[2.16345,41.66274],[2.16366,41.66316],[2.16376,41.66327],[2.16401,41.66435],[2.16404,41.66501],[2.16491,41.66693],[2.1655,41.66786],[2.16377,41.66806],[2.16371,41.66826],[2.16375,41.66848],[2.16381,41.66869],[2.16388,41.66886],[2.16401,41.66907],[2.16529,41.67095],[2.16536,41.67103],[2.16549,41.67131],[2.16554,41.67155],[2.16553,41.67171],[2.16543,41.67213],[2.16519,41.67297],[2.16512,41.67314],[2.16495,41.67342],[2.16424,41.67425],[2.16411,41.67443],[2.16405,41.67454],[2.16401,41.67473],[2.16406,41.67501],[2.16421,41.67545],[2.16427,41.6756],[2.16441,41.67579],[2.16464,41.67605],[2.16478,41.67624],[2.16489,41.67646],[2.16506,41.67688],[2.16508,41.6771],[2.16497,41.67737],[2.16486,41.67752]]]},"properties":{"codi_ine":"08033","nom":"Caldes de Montbui","comarca":"Vallès Oriental"}},
{"type":"Feature","geometry":{"type":"Polygon","coordinates":[[[2.27747,41.63536],[2.2681,41.63931],[2.26214,41.63937],[2.25368,41.63875],[2.25364,41.63864],[2.25307,41.63689],[2.25304,41.63656],[2.25307,41.63623],[2.25314,41.63592],[2.25369,41.63346],[2.25372,41.63331],[2.25378,41.6323],[2.2538,41.63201],[2.25378,41.63187],[2.25339,41.63124],[2.25323,41.63098],[2.25296,41.62887],[2.25325,41.6278],[2.25382,41.62555],[2.25093,41.61897],[2.25347,41.61802],[2.25832,41.61742],[2.26005,41.61713],[2.26089,41.61696],[2.26172,41.61671],[2.26347,41.61638],[2.26339,41.61585],[2.2634,41.61578],[2.26546,41.6144],[2.26786,41.61473],[2.26991,41.61483],[2.27131,41.61463],[2.27194,41.61502],[2.27358,41.61548],[2.27444,41.61544],[2.27504,41.61506],[2.27522,41.61499],[2.27681,41.61525],[2.2768,41.61532],[2.27725,41.61532],[2.27756,41.61526],[2.28125,41.61441],[2.28172,41.61427],[2.28301,41.61391],[2.28347,41.61445],[2.28484,41.61454],[2.28541,41.6156],[2.2861,41.61706],[2.28624,41.61744],[2.28636,41.61794],[2.28645,41.61859],[2.28659,41.61989],[2.28663,41.62099],[2.28658,41.62144],[2.28655,41.62167],[2.28674,41.62226],[2.28692,41.62323],[2.28692,41.62331],[2.28702,41.6239],[2.28718,41.62465],[2.28755,41.62636],[2.28798,41.62777],[2.28816,41.62817],[2.28827,41.6285],[2.28828,41.6286],[2.2883,41.62918],[2.28829,41.62981],[2.28825,41.62995],[2.28824,41.63032],[2.28833,41.63125],[2.28851,41.63198],[2.28853,41.63213],[2.28856,41.63243],[2.28855,41.6328],[2.28635,41.63291],[2.27747,41.63536]]]},"properties":{"codi_ine":"08041","nom":"Canovelles","comarca":"Vallès Oriental"}},
{"type":"Feature","geometry":{"type":"Polygon","coordinates":[[[2.36546,41.66972],[2.36521,41.6727],[2.36473,41.67815],[2.36459,41.679],[2.36443,41.68018],[2.36441,41.6808],[2.36398,41.68169],[2.36383,41.68224],[2.36394,41.6844],[2.36407,41.68551],[2.36424,41.68798],[2.36427,41.68844],[2.36434,41.69003],[2.36405,41.6905],[2.36409,41.69113],[2.3642,41.69188],[2.3646,41.69412],[2.36475,41.69495],[2.36493,41.69512],[2.36574,41.69562],[2.36767,41.6967],[2.36934,41.69764],[2.37093,41.70363],[2.37066,41.70426],[2.37056,41.70446],[2.37035,41.70484],[2.37024,41.70497],[2.37002,41.70518],[2.36965,41.70548],[2.36922,41.70632],[2.36932,41.7095],[2.36982,41.7108],[2.36991,41.71099],[2.36995,41.71116],[2.37,41.71155],[2.36997,41.71179],[2.36993,41.7119],[2.36956,41.71273],[2.3694,41.71295],[2.36922,41.71311],[2.36886,41.71353],[2.36818,41.71446],[2.36798,41.71479],[2.36738,41.71578],[2.36629,41.71751],[2.36581,41.71816],[2.36478,41.7191],[2.3635,41.72007],[2.36292,41.72054],[2.36243,41.72105],[2.36192,41.72171],[2.36177,41.72202],[2.36172,41.72224],[2.36169,41.72255],[2.36171,41.7228],[2.36179,41.72317],[2.36187,41.72348],[2.3619,41.72378],[2.36185,41.72397],[2.36166,41.72421],[2.36119,41.72473],[2.36047,41.72556],[2.35977,41.72648],[2.35927,41.72736],[2.35835,41.72857],[2.35752,41.72955],[2.3574,41.73029],[2.35716,41.73113],[2.35681,41.73198],[2.35667,41.73227],[2.35657,41.73278],[2.35657,41.73303],[2.35672,41.73323],[2.35709,41.73358],[2.35834,41.73435],[2.35928,41.7348],[2.35949,41.73488],[2.35976,41.73515],[2.36007,41.7355],[2.36041,41.73594],[2.36064,41.73638],[2.36083,41.73677],[2.36091,41.73704],[2.36093,41.73728],[2.36093,41.73803],[2.36092,41.73875],[2.3611,41.74035],[2.36111,41.74053],[2.36016,41.74151],[2.35794,41.74313],[2.35691,41.74388],[2.3565,41.74418],[2.35624,41.74435],[2.35604,41.74447],[2.35474,41.74517],[2.35438,41.74536],[2.35425,41.74542],[2.35412,41.74544],[2.35398,41.74542],[2.3538,41.74536],[2.35361,41.74534],[2.35305,41.74534],[2.35277,41.74536],[2.35257,41.74544],[2.35247,41.7455],[2.35224,41.74577],[2.34484,41.73989],[2.33703,41.72735],[2.33265,41.72218],[2.32224,41.71973],[2.3221,41.71917],[2.32202,41.71897],[2.3219,41.71893],[2.32099,41.71895],[2.3205,41.71899],[2.31859,41.71919],[2.3169,41.71928],[2.31638,41.71923],[2.31599,41.71906],[2.31578,41.71886],[2.315,41.7178],[2.31434,41.71634],[2.31424,41.7156],[2.31413,41.71544],[2.31396,41.71527],[2.31371,41.71515],[2.31326,41.71506],[2.3121,41.71434],[2.31242,41.7135],[2.31245,41.71304],[2.31243,41.7129],[2.31238,41.71276],[2.31223,41.71266],[2.312,41.71234],[2.31196,41.71214],[2.31198,41.71203],[2.31207,41.71183],[2.31233,41.71142],[2.31247,41.71127],[2.31268,41.71113],[2.31302,41.71095],[2.31447,41.70998],[2.31485,41.70968],[2.31137,41.70882],[2.30584,41.70689],[2.30028,41.70442],[2.30077,41.70153],[2.30196,41.69894],[2.302,41.6979],[2.30225,41.69597],[2.30229,41.69573],[2.30232,41.69543],[2.30217,41.69475],[2.30173,41.69325],[2.30136,41.69194],[2.30083,41.68997],[2.30075,41.68868],[2.30099,41.68784],[2.30089,41.68376],[2.3011,41.68171],[2.30002,41.67738],[2.30378,41.67243],[2.30722,41.67233],[2.3096,41.67302],[2.31116,41.67429],[2.31209,41.67389],[2.31643,41.67157],[2.3169,41.67211],[2.31725,41.67255],[2.31791,41.67343],[2.31848,41.67423],[2.3186,41.67438],[2.32309,41.67834],[2.32356,41.67848],[2.32519,41.67895],[2.32566,41.67967],[2.32516,41.68045],[2.32576,41.68104],[2.32599,41.68121],[2.32631,41.6814],[2.32753,41.68255],[2.32846,41.68352],[2.32988,41.68481],[2.33181,41.6862],[2.33624,41.68491],[2.33977,41.68428],[2.34378,41.68215],[2.34514,41.67818],[2.34521,41.67753],[2.34506,41.67736],[2.34472,41.67692],[2.34574,41.67607],[2.34679,41.67556],[2.3473,41.67543],[2.34871,41.67511],[2.34936,41.67493],[2.34934,41.67482],[2.34928,41.67474],[2.34976,41.67442],[2.3501,41.67421],[2.35024,41.67414],[2.35041,41.67445],[2.35046,41.67462],[2.35048,41.6748],[2.35045,41.67505],[2.35058,41.67504],[2.35113,41.6747],[2.35176,41.67426],[2.35219,41.674],[2.35334,41.6737],[2.35536,41.6735],[2.36065,41.67249],[2.36267,41.67166],[2.36268,41.67132],[2.36369,41.67074],[2.36546,41.66972]]]},"properties":{"codi_ine":"08042","nom":"Cànoves i Samalús","comarca":"Vallès Oriental"}},
{"type":"Feature","geometry":{"type":"Polygon","coordinates":[[[2.36546,41.66972],[2.36369,41.67074],[2.36268,41.67132],[2.36267,41.67166],[2.36065,41.67249],[2.35536,41.6735],[2.35334,41.6737],[2.35219,41.674],[2.35176,41.67426],[2.35113,41.6747],[2.35058,41.67504],[2.35045,41.67505],[2.35048,41.6748],[2.35046,41.67462],[2.35041,41.67445],[2.35024,41.67414],[2.34864,41.67373],[2.34832,41.67146],[2.34733,41.66966],[2.34748,41.66925],[2.34767,41.66892],[2.34799,41.66823],[2.3482,41.6677],[2.34835,41.66728],[2.34849,41.66682],[2.34851,41.66664],[2.34847,41.66601],[2.34851,41.66566],[2.34857,41.66546],[2.34869,41.66516],[2.34896,41.66466],[2.34914,41.66432],[2.34783,41.66117],[2.34801,41.65722],[2.34507,41.65845],[2.34035,41.65855],[2.33949,41.65627],[2.33941,41.65603],[2.33931,41.65572],[2.33899,41.65443],[2.33874,41.65316],[2.33868,41.65211],[2.33863,41.65111],[2.33865,41.65021],[2.33861,41.64891],[2.33858,41.64863],[2.33851,41.64847],[2.33831,41.64812],[2.33822,41.64805],[2.33791,41.64798],[2.33744,41.64797],[2.33679,41.64795],[2.33661,41.6479],[2.33647,41.64778],[2.33638,41.64765],[2.33608,41.64712],[2.33596,41.64683],[2.33592,41.64663],[2.33586,41.64603],[2.33583,41.64572],[2.33578,41.64543],[2.33558,41.64476],[2.33547,41.64446],[2.33495,41.64318],[2.33488,41.64303],[2.33477,41.64287],[2.33387,41.64063],[2.33366,41.63972],[2.33322,41.63848],[2.33316,41.63845],[2.33245,41.63748],[2.33232,41.63722],[2.33239,41.63683],[2.33248,41.63608],[2.33044,41.63546],[2.3301,41.6351],[2.33008,41.63486],[2.33017,41.63464],[2.33034,41.63446],[2.33109,41.634],[2.33381,41.63369],[2.33525,41.63339],[2.33553,41.6333],[2.33612,41.63321],[2.33694,41.63315],[2.33735,41.63313],[2.33757,41.63314],[2.33774,41.63319],[2.33809,41.63334],[2.33914,41.63319],[2.34052,41.63294],[2.34227,41.63309],[2.34243,41.63388],[2.34299,41.63473],[2.34334,41.63474],[2.34371,41.63477],[2.3443,41.63484],[2.34477,41.63501],[2.34536,41.63528],[2.34568,41.63542],[2.34637,41.6357],[2.34749,41.63602],[2.35056,41.63624],[2.35036,41.63524],[2.35098,41.63506],[2.3509,41.63518],[2.35091,41.63536],[2.35095,41.63549],[2.35125,41.6363],[2.35268,41.63639],[2.35279,41.63598],[2.35283,41.63575],[2.35286,41.63534],[2.35292,41.63475],[2.35303,41.6337],[2.3539,41.63377],[2.35433,41.63383],[2.35448,41.63386],[2.35599,41.63398],[2.35832,41.6338],[2.35873,41.63257],[2.35875,41.63249],[2.35874,41.63229],[2.3586,41.63181],[2.35855,41.63166],[2.35836,41.63127],[2.35777,41.62957],[2.35729,41.62866],[2.35716,41.62852],[2.35709,41.62831],[2.3571,41.62812],[2.35722,41.62744],[2.3573,41.62708],[2.35746,41.62655],[2.35763,41.62631],[2.35799,41.62598],[2.35809,41.62578],[2.35808,41.62563],[2.35803,41.62545],[2.35786,41.62508],[2.35748,41.62529],[2.35721,41.62607],[2.35549,41.62624],[2.35374,41.62541],[2.35315,41.62496],[2.35131,41.62583],[2.34913,41.62511],[2.34703,41.62462],[2.34664,41.62504],[2.34639,41.62535],[2.34625,41.62573],[2.34627,41.62595],[2.34639,41.62623],[2.34643,41.62644],[2.34643,41.62713],[2.34606,41.62722],[2.34553,41.62728],[2.34532,41.62722],[2.34514,41.62715],[2.34458,41.62608],[2.34544,41.62398],[2.34658,41.62245],[2.34801,41.61974],[2.35062,41.61657],[2.35542,41.61911],[2.36136,41.62013],[2.3671,41.62482],[2.37124,41.63213],[2.37306,41.635],[2.37484,41.63838],[2.37484,41.63858],[2.37437,41.63929],[2.37395,41.63996],[2.37296,41.64153],[2.37193,41.64317],[2.37086,41.64489],[2.37067,41.6454],[2.37051,41.64677],[2.36966,41.65108],[2.36911,41.65229],[2.36841,41.65375],[2.36832,41.65496],[2.36786,41.65707],[2.36708,41.66166],[2.36719,41.66222],[2.36734,41.66223],[2.36823,41.66234],[2.36787,41.6634],[2.36774,41.66375],[2.36752,41.66429],[2.36661,41.66409],[2.36546,41.66972]]]},"properties":{"codi_ine":"08046","nom":"Cardedeu","comarca":"Vallès Oriental"}},
{"type":"Feature","geometry":{"type":"Polygon","coordinates":[[[2.09093,41.66019],[2.09061,41.66014],[2.09001,41.66019],[2.08893,41.66104],[2.08833,41.66138],[2.08874,41.66226],[2.08879,41.66339],[2.08878,41.66344],[2.08806,41.66376],[2.08688,41.66455],[2.08655,41.66533],[2.08646,41.66553],[2.08619,41.66578],[2.08552,41.66602],[2.08496,41.66611],[2.08476,41.66612],[2.08288,41.666],[2.08196,41.66625],[2.08039,41.66657],[2.08025,41.66652],[2.0797,41.6661],[2.07825,41.66522],[2.07662,41.66466],[2.07641,41.6646],[2.07608,41.66457],[2.07566,41.66458],[2.07542,41.66462],[2.0751,41.66474],[2.07456,41.66487],[2.0722,41.66391],[2.07148,41.66347],[2.07132,41.66335],[2.07063,41.66273],[2.07059,41.66269],[2.07041,41.66236],[2.06994,41.66164],[2.06978,41.66152],[2.06954,41.66137],[2.06939,41.66131],[2.06901,41.66121],[2.06869,41.66115],[2.06855,41.66116],[2.06785,41.66082],[2.06757,41.66066],[2.06688,41.66019],[2.0656,41.65988],[2.06542,41.65996],[2.06519,41.65991],[2.06463,41.65971],[2.06444,41.65954],[2.06404,41.65914],[2.0625,41.65877],[2.06189,41.6587],[2.06171,41.6587],[2.06157,41.65872],[2.06035,41.65856],[2.05978,41.65822],[2.05965,41.65818],[2.059,41.65818],[2.05889,41.6582],[2.05879,41.65825],[2.0587,41.65832],[2.05858,41.65849],[2.0585,41.65853],[2.05794,41.65864],[2.05684,41.65856],[2.0546,41.65791],[2.05408,41.65768],[2.05022,41.65688],[2.04073,41.65301],[2.0408,41.65217],[2.04077,41.65184],[2.04065,41.65112],[2.04001,41.65001],[2.03975,41.6496],[2.03956,41.64935],[2.03938,41.64922],[2.03902,41.64898],[2.03871,41.64882],[2.03801,41.64863],[2.03785,41.64857],[2.0377,41.64848],[2.03743,41.64826],[2.03113,41.63626],[2.031,41.63605],[2.02936,41.63552],[2.02869,41.63538],[2.02851,41.63538],[2.02825,41.63532],[2.02747,41.63478],[2.02725,41.63461],[2.02576,41.63318],[2.02538,41.63203],[2.02568,41.63058],[2.02567,41.63034],[2.02568,41.63011],[2.0263,41.62971],[2.02673,41.62946],[2.02678,41.62945],[2.02722,41.62912],[2.02775,41.62859],[2.02816,41.62791],[2.02818,41.62768],[2.02811,41.6274],[2.02811,41.62718],[2.02827,41.62701],[2.02884,41.62646],[2.02904,41.62635],[2.02928,41.62632],[2.0299,41.62639],[2.03116,41.6259],[2.03195,41.62537],[2.03333,41.62499],[2.03458,41.62477],[2.03514,41.62471],[2.03531,41.62462],[2.03538,41.62428],[2.03536,41.6239],[2.03523,41.62352],[2.03521,41.62321],[2.03522,41.62267],[2.03548,41.62206],[2.03633,41.62097],[2.03685,41.62049],[2.0371,41.62004],[2.0375,41.61873],[2.03821,41.61676],[2.03887,41.61544],[2.03899,41.6153],[2.04007,41.61506],[2.0417,41.61469],[2.04207,41.61409],[2.04216,41.61387],[2.04212,41.61361],[2.04237,41.61237],[2.04292,41.611],[2.04312,41.61061],[2.04324,41.61054],[2.04393,41.6104],[2.04445,41.61035],[2.0457,41.60987],[2.04612,41.60959],[2.04627,41.60946],[2.04636,41.60932],[2.04642,41.6074],[2.04613,41.60659],[2.04577,41.60613],[2.04553,41.60581],[2.04544,41.60554],[2.04543,41.60505],[2.04536,41.60473],[2.0442,41.60384],[2.04428,41.6037],[2.0448,41.60338],[2.04607,41.60294],[2.04675,41.60251],[2.04756,41.6019],[2.04896,41.60083],[2.05031,41.59982],[2.05082,41.59907],[2.05212,41.599],[2.054,41.59814],[2.05407,41.59787],[2.05419,41.59771],[2.05468,41.59734],[2.05536,41.59737],[2.05611,41.59728],[2.05659,41.59714],[2.0568,41.59674],[2.05685,41.59645],[2.05702,41.59614],[2.05824,41.59538],[2.05895,41.59511],[2.05948,41.5945],[2.05989,41.59384],[2.06125,41.59252],[2.06063,41.59165],[2.06059,41.5912],[2.06104,41.59077],[2.06161,41.59055],[2.06178,41.59053],[2.06241,41.59031],[2.06251,41.59024],[2.06261,41.588],[2.06326,41.58786],[2.06362,41.58782],[2.06496,41.58789],[2.06498,41.58714],[2.06657,41.58618],[2.06937,41.58532],[2.06963,41.5853],[2.07042,41.58529],[2.07089,41.58532],[2.07132,41.58541],[2.07143,41.58546],[2.07374,41.58541],[2.0754,41.58517],[2.07817,41.58466],[2.07833,41.58462],[2.07861,41.58446],[2.07885,41.58426],[2.07908,41.58402],[2.07914,41.58388],[2.07918,41.58373],[2.07923,41.58361],[2.0794,41.58337],[2.07969,41.5831],[2.07983,41.58302],[2.08013,41.58294],[2.08041,41.58293],[2.08054,41.58294],[2.08077,41.58301],[2.08112,41.58312],[2.08172,41.58321],[2.08238,41.58327],[2.08295,41.58331],[2.08321,41.5833],[2.08344,41.58328],[2.08371,41.58315],[2.08411,41.58285],[2.08428,41.58261],[2.08449,41.58215],[2.08485,41.58158],[2.0851,41.58122],[2.08548,41.58076],[2.08577,41.58049],[2.086,41.58032],[2.08676,41.58108],[2.08691,41.58131],[2.08705,41.5816],[2.08713,41.58185],[2.08721,41.58252],[2.0879,41.58347],[2.08954,41.58321],[2.09116,41.58313],[2.09376,41.58321],[2.09386,41.58341],[2.09399,41.58361],[2.09412,41.58372],[2.09432,41.58378],[2.09649,41.58389],[2.09653,41.58396],[2.09673,41.58441],[2.09652,41.5846],[2.09709,41.58493],[2.09951,41.58532],[2.10083,41.5853],[2.10112,41.58448],[2.10092,41.58401],[2.10093,41.58398],[2.10188,41.58429],[2.10422,41.58511],[2.10527,41.5851],[2.10526,41.58517],[2.10496,41.58577],[2.10464,41.58634],[2.1068,41.58643],[2.10689,41.58646],[2.10681,41.58661],[2.10671,41.5867],[2.10644,41.58687],[2.10594,41.58786],[2.10636,41.58831],[2.10608,41.58941],[2.10563,41.59051],[2.10561,41.59058],[2.1065,41.59062],[2.10675,41.5906],[2.10701,41.59049],[2.10736,41.59026],[2.10765,41.59004],[2.108,41.58982],[2.10841,41.58969],[2.10888,41.58963],[2.1117,41.58936],[2.11724,41.59017],[2.11746,41.59087],[2.11769,41.59188],[2.1177,41.59299],[2.11765,41.59371],[2.11777,41.59547],[2.11791,41.59667],[2.118,41.59739],[2.11805,41.59803],[2.11791,41.59905],[2.1177,41.59952],[2.11768,41.59964],[2.11764,41.60019],[2.11765,41.60041],[2.11783,41.60088],[2.11815,41.60121],[2.11837,41.60248],[2.11827,41.60415],[2.11745,41.60514],[2.11704,41.60527],[2.11644,41.60555],[2.11634,41.60562],[2.11593,41.60601],[2.11578,41.6062],[2.11563,41.6065],[2.11556,41.60678],[2.1152,41.60789],[2.11475,41.60914],[2.11203,41.61127],[2.11219,41.61155],[2.11266,41.61225],[2.1128,41.61241],[2.11371,41.61322],[2.11541,41.61438],[2.11585,41.61447],[2.11649,41.6148],[2.11711,41.61514],[2.11691,41.61551],[2.11672,41.61576],[2.11626,41.61616],[2.11582,41.61652],[2.11474,41.61721],[2.11361,41.61742],[2.11344,41.61741],[2.1128,41.61749],[2.11212,41.61768],[2.11222,41.61815],[2.10823,41.61996],[2.10568,41.62143],[2.10378,41.62367],[2.10127,41.62914],[2.10105,41.62941],[2.10076,41.62971],[2.10002,41.63064],[2.09915,41.63221],[2.0988,41.63271],[2.09866,41.63296],[2.0986,41.63332],[2.09859,41.6337],[2.09861,41.63394],[2.09858,41.63445],[2.09841,41.63467],[2.09797,41.63516],[2.09786,41.63525],[2.10007,41.64339],[2.09954,41.64534],[2.09908,41.64607],[2.09833,41.64682],[2.09774,41.6473],[2.0983,41.64837],[2.09874,41.64917],[2.09837,41.6494],[2.0981,41.64968],[2.09759,41.65049],[2.09746,41.65083],[2.09748,41.651],[2.09744,41.65142],[2.09735,41.6516],[2.09692,41.65202],[2.09562,41.65281],[2.09509,41.65301],[2.09344,41.65355],[2.09195,41.65425],[2.09177,41.65439],[2.09159,41.65458],[2.09152,41.65473],[2.09138,41.65546],[2.09144,41.65672],[2.09153,41.6573],[2.09152,41.65753],[2.09149,41.65775],[2.09127,41.65828],[2.09112,41.65854],[2.09098,41.65895],[2.09089,41.65992],[2.09089,41.66001],[2.09093,41.66019]]]},"properties":{"codi_ine":"08051","nom":"Castellar del Vallès","comarca":"Vallès Occidental"}},
{"type":"Feature","geometry":{"type":"Polygon","coordinates":[[[1.89402,41.65604],[1.89266,41.65727],[1.89321,41.65793],[1.89339,41.65886],[1.89342,41.65928],[1.89376,41.66018],[1.89417,41.66109],[1.89435,41.66129],[1.8952,41.66163],[1.89602,41.66191],[1.89638,41.66214],[1.89682,41.66293],[1.89692,41.66313],[1.89692,41.66344],[1.89688,41.66378],[1.89677,41.664],[1.89659,41.66418],[1.89639,41.6643],[1.89474,41.66414],[1.89333,41.66399],[1.89235,41.66379],[1.8914,41.66355],[1.89197,41.66396],[1.89312,41.66469],[1.89402,41.6655],[1.89281,41.66752],[1.89213,41.66736],[1.89108,41.66667],[1.88975,41.66661],[1.88848,41.66642],[1.88654,41.66597],[1.88639,41.66601],[1.88606,41.66603],[1.88597,41.66599],[1.88585,41.66586],[1.88536,41.66527],[1.8853,41.66514],[1.88528,41.66488],[1.88526,41.66432],[1.88522,41.66307],[1.88496,41.6628],[1.88449,41.66268],[1.88401,41.66254],[1.88373,41.66235],[1.88307,41.66171],[1.88271,41.66142],[1.88185,41.661],[1.88142,41.66066],[1.88102,41.66027],[1.88092,41.65991],[1.88083,41.65974],[1.88038,41.65947],[1.88006,41.65932],[1.87938,41.65926],[1.87834,41.65919],[1.87777,41.65916],[1.87718,41.65895],[1.87667,41.65876],[1.87579,41.65835],[1.87516,41.65805],[1.87486,41.65785],[1.87414,41.65737],[1.87389,41.65713],[1.87362,41.65684],[1.87336,41.65685],[1.87311,41.65688],[1.87278,41.65695],[1.87216,41.65709],[1.87165,41.65725],[1.87129,41.65725],[1.86982,41.65677],[1.86913,41.65672],[1.86591,41.65631],[1.86434,41.6566],[1.86155,41.65676],[1.85942,41.65691],[1.85752,41.65704],[1.85526,41.6569],[1.85149,41.65551],[1.8513,41.65548],[1.84999,41.65551],[1.84908,41.65569],[1.84774,41.65605],[1.84647,41.65626],[1.84597,41.65608],[1.8457,41.65594],[1.84557,41.65578],[1.84539,41.65535],[1.84535,41.65528],[1.84515,41.6552],[1.845,41.65522],[1.84441,41.65604],[1.84401,41.65678],[1.84373,41.65716],[1.84345,41.65734],[1.84211,41.65632],[1.84158,41.65615],[1.84145,41.65628],[1.84142,41.65677],[1.8414,41.65731],[1.84107,41.65753],[1.8409,41.65762],[1.84045,41.65763],[1.84009,41.6575],[1.83897,41.65643],[1.83867,41.65618],[1.8384,41.65607],[1.83806,41.65598],[1.83791,41.65604],[1.83776,41.65614],[1.83763,41.65632],[1.83755,41.65647],[1.83729,41.65672],[1.83645,41.6566],[1.83584,41.65641],[1.83545,41.65609],[1.83496,41.6559],[1.8333,41.65635],[1.82997,41.65656],[1.82837,41.65599],[1.8265,41.65571],[1.8258,41.65589],[1.82534,41.65605],[1.82485,41.65645],[1.82417,41.65678],[1.82364,41.65679],[1.82233,41.65638],[1.82154,41.65609],[1.8212,41.656],[1.82129,41.65598],[1.82132,41.65572],[1.82132,41.65542],[1.82116,41.65527],[1.82104,41.65489],[1.82167,41.65423],[1.82232,41.65377],[1.82282,41.65323],[1.82337,41.652],[1.82351,41.65195],[1.82381,41.65172],[1.82394,41.65151],[1.82407,41.65124],[1.82413,41.65098],[1.82393,41.65051],[1.82333,41.65043],[1.82315,41.65045],[1.82287,41.65042],[1.82262,41.65035],[1.82185,41.65005],[1.82178,41.65001],[1.82164,41.64988],[1.82155,41.64976],[1.82054,41.64967],[1.8205,41.64973],[1.82014,41.65009],[1.81995,41.65024],[1.81942,41.65051],[1.8191,41.65064],[1.81869,41.65072],[1.81848,41.65071],[1.81817,41.65061],[1.81763,41.65042],[1.81755,41.65037],[1.81726,41.65007],[1.81717,41.64992],[1.81702,41.64974],[1.81684,41.64959],[1.81664,41.64947],[1.81647,41.6494],[1.81625,41.64936],[1.81621,41.64938],[1.81611,41.64958],[1.81606,41.64972],[1.81606,41.64991],[1.81602,41.65016],[1.81578,41.65083],[1.81575,41.65088],[1.81538,41.6513],[1.81518,41.65147],[1.81502,41.65155],[1.81487,41.65158],[1.81469,41.6516],[1.81448,41.65159],[1.81406,41.65154],[1.81385,41.65149],[1.81357,41.65147],[1.81289,41.65155],[1.81249,41.6516],[1.81199,41.6517],[1.81155,41.65174],[1.81127,41.65174],[1.811,41.65168],[1.81044,41.65148],[1.81034,41.65143],[1.81004,41.65118],[1.80994,41.65108],[1.80972,41.65081],[1.80951,41.65053],[1.80931,41.65032],[1.8092,41.65025],[1.80897,41.65012],[1.80821,41.64975],[1.80788,41.6496],[1.80742,41.64942],[1.807,41.64929],[1.80681,41.64929],[1.80667,41.64933],[1.80636,41.64949],[1.80625,41.64958],[1.80616,41.64969],[1.80607,41.64983],[1.80574,41.65032],[1.80544,41.65072],[1.8054,41.65074],[1.80488,41.6509],[1.80475,41.65091],[1.80438,41.65083],[1.80416,41.65075],[1.80403,41.65068],[1.80393,41.65056],[1.80383,41.65035],[1.80378,41.6501],[1.80387,41.64958],[1.80392,41.64938],[1.804,41.64924],[1.80421,41.64911],[1.80444,41.64903],[1.80488,41.64891],[1.80511,41.64882],[1.8052,41.64869],[1.80525,41.64855],[1.80524,41.64841],[1.80516,41.64824],[1.80473,41.64769],[1.80446,41.64739],[1.8035,41.64628],[1.80332,41.64604],[1.80286,41.64535],[1.80296,41.64511],[1.80312,41.64487],[1.80353,41.64439],[1.80383,41.64384],[1.80436,41.64283],[1.80458,41.64225],[1.80491,41.64128],[1.80462,41.64063],[1.80414,41.63822],[1.80412,41.63774],[1.80394,41.63706],[1.80361,41.63595],[1.80332,41.63522],[1.80327,41.63484],[1.80329,41.63452],[1.80338,41.63363],[1.80388,41.63203],[1.80456,41.6304],[1.80487,41.62957],[1.8035,41.62904],[1.80296,41.62809],[1.80279,41.62771],[1.80264,41.62702],[1.80262,41.62662],[1.80261,41.62616],[1.80262,41.62593],[1.80266,41.62572],[1.80256,41.62466],[1.80236,41.62265],[1.80191,41.62223],[1.80181,41.62205],[1.80166,41.62128],[1.80156,41.62072],[1.8016,41.62025],[1.80168,41.61958],[1.80172,41.61908],[1.80173,41.61862],[1.80166,41.6183],[1.80145,41.61785],[1.80145,41.61724],[1.80153,41.61638],[1.80153,41.61631],[1.80146,41.61612],[1.8012,41.61562],[1.801,41.61536],[1.80083,41.61514],[1.80075,41.61492],[1.80068,41.61464],[1.80064,41.61426],[1.80064,41.61413],[1.80103,41.61389],[1.80396,41.61635],[1.80399,41.61651],[1.80458,41.6179],[1.80523,41.61891],[1.80553,41.62077],[1.80544,41.62114],[1.80671,41.62169],[1.80692,41.62169],[1.80713,41.62192],[1.80725,41.62241],[1.80715,41.62276],[1.80694,41.62349],[1.8067,41.62423],[1.80666,41.62487],[1.80664,41.62561],[1.80706,41.62632],[1.80727,41.62674],[1.80758,41.6274],[1.80763,41.62752],[1.8084,41.62945],[1.80836,41.6295],[1.80842,41.62963],[1.80858,41.62977],[1.80932,41.63015],[1.81262,41.62886],[1.81662,41.6268],[1.82008,41.62739],[1.82261,41.62631],[1.82275,41.62606],[1.82297,41.62592],[1.82345,41.62569],[1.82404,41.62546],[1.82453,41.62533],[1.82475,41.6253],[1.82523,41.62527],[1.82537,41.62529],[1.82579,41.62546],[1.82659,41.62551],[1.82714,41.62553],[1.82822,41.6253],[1.82994,41.62466],[1.83065,41.62438],[1.83107,41.62406],[1.83137,41.62405],[1.83191,41.62416],[1.8327,41.62442],[1.83321,41.62464],[1.83331,41.62473],[1.83355,41.62485],[1.83371,41.6249],[1.83462,41.62515],[1.83577,41.62532],[1.83615,41.62522],[1.83622,41.62508],[1.83637,41.625],[1.83656,41.62497],[1.83802,41.62526],[1.84019,41.62523],[1.84112,41.6249],[1.84209,41.62463],[1.84246,41.62469],[1.84266,41.62469],[1.84348,41.62462],[1.84429,41.62448],[1.84537,41.62417],[1.84551,41.62412],[1.84583,41.62396],[1.84604,41.6238],[1.8461,41.62362],[1.84616,41.62335],[1.84616,41.62316],[1.84621,41.62291],[1.84711,41.6225],[1.84722,41.62249],[1.8489,41.6227],[1.84924,41.62279],[1.84984,41.62294],[1.85036,41.62306],[1.85083,41.62308],[1.85163,41.62274],[1.85289,41.6225],[1.85351,41.62253],[1.85395,41.6231],[1.85408,41.62327],[1.85418,41.62336],[1.85453,41.62362],[1.85474,41.62372],[1.85498,41.62381],[1.85712,41.62445],[1.85749,41.62453],[1.858,41.62453],[1.85826,41.62451],[1.85852,41.62448],[1.85869,41.62443],[1.85903,41.62432],[1.85961,41.62408],[1.86053,41.62371],[1.86265,41.61909],[1.86414,41.61786],[1.86463,41.6181],[1.86502,41.61834],[1.86512,41.61859],[1.86526,41.61873],[1.86589,41.61832],[1.86607,41.61817],[1.86797,41.61628],[1.86872,41.61572],[1.87014,41.61486],[1.87044,41.61446],[1.87081,41.61411],[1.8713,41.61371],[1.87267,41.61285],[1.87295,41.61274],[1.87323,41.61272],[1.87363,41.61273],[1.87556,41.61284],[1.87588,41.61289],[1.87631,41.61304],[1.87669,41.61323],[1.87673,41.61326],[1.87727,41.61381],[1.87754,41.61411],[1.8784,41.61407],[1.87911,41.61394],[1.87976,41.61397],[1.88119,41.61409],[1.88127,41.6141],[1.88162,41.61422],[1.88207,41.6144],[1.88231,41.61451],[1.88253,41.61475],[1.88272,41.61487],[1.88296,41.615],[1.88314,41.61507],[1.88372,41.61505],[1.88433,41.61486],[1.88453,41.61469],[1.88458,41.61461],[1.88485,41.6144],[1.88493,41.61436],[1.88532,41.61428],[1.88542,41.61428],[1.88647,41.61429],[1.88693,41.61436],[1.88922,41.6149],[1.89008,41.61533],[1.89168,41.61628],[1.89276,41.61694],[1.893,41.61718],[1.89304,41.61725],[1.89311,41.61745],[1.89323,41.61786],[1.89327,41.61805],[1.8933,41.61839],[1.89337,41.61872],[1.89348,41.61895],[1.89354,41.61899],[1.89384,41.61906],[1.89388,41.61913],[1.89391,41.61932],[1.8939,41.61965],[1.89383,41.61981],[1.89352,41.62061],[1.89327,41.62159],[1.89325,41.622],[1.89331,41.62239],[1.89333,41.62267],[1.89332,41.62322],[1.89324,41.62367],[1.89299,41.62434],[1.89286,41.62465],[1.89272,41.62485],[1.89258,41.62501],[1.89242,41.62511],[1.89188,41.62621],[1.89185,41.6266],[1.8918,41.627],[1.89097,41.62951],[1.89129,41.63244],[1.89142,41.63348],[1.89181,41.63422],[1.8925,41.63502],[1.89251,41.63508],[1.89244,41.63528],[1.89233,41.63548],[1.89208,41.6359],[1.89195,41.63607],[1.89183,41.63615],[1.89168,41.63616],[1.89149,41.63685],[1.89129,41.63772],[1.89126,41.63801],[1.89123,41.6384],[1.89127,41.63863],[1.89136,41.63883],[1.89072,41.63979],[1.88996,41.64062],[1.8898,41.64072],[1.8893,41.64063],[1.8898,41.64284],[1.89027,41.64354],[1.89053,41.64382],[1.89022,41.64589],[1.89013,41.64622],[1.88911,41.64833],[1.889,41.64828],[1.88882,41.64825],[1.88842,41.64827],[1.88832,41.64829],[1.88771,41.64857],[1.88673,41.64911],[1.88658,41.64921],[1.88651,41.64932],[1.8865,41.64946],[1.88659,41.64961],[1.88672,41.64972],[1.88682,41.64977],[1.88732,41.64991],[1.8877,41.65086],[1.88879,41.65201],[1.88917,41.65274],[1.88904,41.65286],[1.88903,41.65298],[1.88917,41.65318],[1.88923,41.65322],[1.88953,41.65333],[1.88968,41.65332],[1.89008,41.65318],[1.89026,41.65311],[1.89035,41.65305],[1.89048,41.65292],[1.89143,41.65319],[1.89237,41.65407],[1.8927,41.65438],[1.89318,41.65491],[1.89326,41.65503],[1.89331,41.65521],[1.89333,41.65545],[1.89338,41.65558],[1.89374,41.65592],[1.89395,41.65603],[1.89402,41.65604]]]},"properties":{"codi_ine":"08053","nom":"Castellbell i el Vilar","comarca":"Bages"}},
{"type":"Feature","geometry":{"type":"Polygon","coordinates":[[[2.00238,41.4616],[2.00297,41.46252],[2.00329,41.46295],[2.00346,41.46312],[2.00355,41.46318],[2.0037,41.46317],[2.0038,41.46312],[2.00414,41.46303],[2.00439,41.46298],[2.0046,41.46297],[2.00482,41.46297],[2.0053,41.46303],[2.00562,41.46326],[2.00566,41.46441],[2.00561,41.46464],[2.00558,41.46582],[2.00562,41.46634],[2.00566,41.46655],[2.00587,41.46716],[2.00588,41.46754],[2.00581,41.4681],[2.0056,41.46894],[2.00556,41.46898],[2.00494,41.46932],[2.00481,41.46941],[2.00463,41.46959],[2.00448,41.46984],[2.00433,41.47022],[2.00417,41.47073],[2.00396,41.47119],[2.00359,41.4718],[2.00308,41.4718],[2.00293,41.47267],[2.00294,41.47279],[2.0028,41.47326],[2.00223,41.47327],[2.00203,41.47326],[2.00021,41.47312],[1.99961,41.47306],[1.99927,41.473],[1.99909,41.47295],[1.99825,41.47285],[1.99701,41.47465],[1.99694,41.47477],[1.99678,41.47516],[1.99674,41.47528],[1.99674,41.4754],[1.99689,41.47716],[1.99708,41.47769],[1.99713,41.47791],[1.99708,41.47808],[1.99685,41.47849],[1.99636,41.47926],[1.99629,41.47945],[1.99629,41.47954],[1.99629,41.48081],[1.99645,41.48128],[1.99655,41.48221],[1.99624,41.48366],[1.99573,41.48477],[1.99557,41.48489],[1.99524,41.4852],[1.99517,41.48536],[1.99516,41.48549],[1.99522,41.48574],[1.9953,41.48589],[1.99548,41.486],[1.99079,41.48684],[1.99022,41.48808],[1.99016,41.48823],[1.99013,41.48837],[1.99017,41.48865],[1.99025,41.48879],[1.99038,41.4893],[1.98996,41.49016],[1.98925,41.4915],[1.98879,41.49205],[1.98852,41.4926],[1.9883,41.49395],[1.9882,41.49474],[1.98824,41.49614],[1.98823,41.49685],[1.98823,41.49826],[1.98812,41.49858],[1.98787,41.49902],[1.98778,41.49913],[1.98756,41.49924],[1.98732,41.49931],[1.98713,41.50071],[1.98711,41.50159],[1.98714,41.50283],[1.9872,41.50396],[1.98719,41.50417],[1.98696,41.50497],[1.98664,41.50543],[1.98644,41.50618],[1.98612,41.5074],[1.98592,41.50883],[1.98599,41.50893],[1.98607,41.50913],[1.98621,41.50958],[1.98619,41.51041],[1.98618,41.51072],[1.98609,41.51203],[1.98576,41.51318],[1.98534,41.5144],[1.98521,41.51469],[1.98511,41.51489],[1.98127,41.51555],[1.97866,41.52325],[1.97785,41.5224],[1.97747,41.52193],[1.97697,41.52132],[1.97659,41.52083],[1.97648,41.5207],[1.97625,41.52046],[1.97609,41.52033],[1.97582,41.52015],[1.97539,41.51994],[1.97474,41.51967],[1.97451,41.51955],[1.97434,41.51941],[1.9742,41.51918],[1.97417,41.51898],[1.97414,41.51863],[1.97409,41.51843],[1.97402,41.51833],[1.97347,41.51757],[1.97326,41.51735],[1.97315,41.51728],[1.973,41.51721],[1.97243,41.51687],[1.97188,41.5164],[1.9708,41.51531],[1.97007,41.51421],[1.97016,41.51404],[1.97018,41.51368],[1.97007,41.51333],[1.96991,41.51306],[1.96948,41.51248],[1.96914,41.51207],[1.96098,41.51326],[1.96091,41.51301],[1.96066,41.5125],[1.96004,41.51135],[1.95832,41.51086],[1.95143,41.50924],[1.94578,41.50768],[1.94083,41.50666],[1.93611,41.50781],[1.93606,41.50768],[1.936,41.50742],[1.93588,41.50679],[1.93585,41.50641],[1.93578,41.50607],[1.93562,41.50554],[1.93548,41.50532],[1.93509,41.50493],[1.93492,41.50482],[1.93476,41.50481],[1.93451,41.50482],[1.93401,41.50476],[1.93364,41.50468],[1.9335,41.50457],[1.93301,41.50336],[1.93281,41.5028],[1.93279,41.50259],[1.93285,41.50219],[1.93288,41.50205],[1.93298,41.50178],[1.93322,41.50109],[1.93325,41.50097],[1.93323,41.50079],[1.93272,41.49992],[1.93232,41.49906],[1.93218,41.4987],[1.93197,41.4983],[1.93185,41.49813],[1.93062,41.49645],[1.93038,41.49615],[1.9302,41.49594],[1.92995,41.49577],[1.92955,41.49558],[1.92934,41.4955],[1.92892,41.49538],[1.92813,41.49522],[1.92711,41.49505],[1.92682,41.49501],[1.92621,41.49498],[1.92398,41.49484],[1.92357,41.49479],[1.92339,41.49483],[1.92324,41.4949],[1.9223,41.49542],[1.9222,41.49503],[1.92213,41.49476],[1.92196,41.4943],[1.9218,41.49397],[1.92161,41.49351],[1.92157,41.49334],[1.92154,41.49288],[1.92155,41.49228],[1.92161,41.49175],[1.92165,41.49136],[1.92185,41.49061],[1.92188,41.4905],[1.92201,41.49021],[1.92222,41.48985],[1.92231,41.48972],[1.92274,41.48925],[1.92299,41.48899],[1.92345,41.48861],[1.92397,41.48825],[1.92423,41.48812],[1.92641,41.48736],[1.92747,41.48705],[1.92889,41.48671],[1.93137,41.48614],[1.93169,41.48604],[1.93184,41.48596],[1.93225,41.48563],[1.93243,41.48546],[1.93256,41.48527],[1.93347,41.48369],[1.93364,41.48333],[1.93376,41.48294],[1.93379,41.48273],[1.93381,41.48238],[1.93381,41.48211],[1.93376,41.48175],[1.93361,41.4811],[1.93352,41.48063],[1.93351,41.48049],[1.93357,41.48024],[1.93368,41.47994],[1.93377,41.47975],[1.93401,41.47926],[1.93443,41.47871],[1.93584,41.47703],[1.93602,41.47682],[1.93634,41.47649],[1.93676,41.47612],[1.93778,41.47496],[1.93799,41.4745],[1.93849,41.47388],[1.939,41.47332],[1.93942,41.47287],[1.94117,41.47103],[1.94231,41.46993],[1.94426,41.46814],[1.94462,41.46789],[1.94488,41.46772],[1.94516,41.46758],[1.94531,41.46751],[1.94573,41.46741],[1.94597,41.46737],[1.94609,41.46737],[1.94635,41.46742],[1.94649,41.46748],[1.94665,41.46763],[1.94692,41.46803],[1.94718,41.46843],[1.94758,41.46891],[1.94807,41.46946],[1.95074,41.47176],[1.95167,41.46897],[1.95122,41.46794],[1.95085,41.46701],[1.95191,41.46603],[1.95223,41.46575],[1.95274,41.46533],[1.95356,41.46476],[1.95366,41.4647],[1.95473,41.46403],[1.95521,41.46376],[1.95557,41.46354],[1.95628,41.46303],[1.9565,41.46287],[1.9571,41.46238],[1.95824,41.46176],[1.95915,41.46128],[1.95978,41.46093],[1.96049,41.46045],[1.96158,41.45973],[1.96172,41.45976],[1.96183,41.45981],[1.96289,41.46052],[1.96394,41.46121],[1.96497,41.46186],[1.96539,41.46209],[1.96735,41.46316],[1.96843,41.46373],[1.96869,41.46386],[1.96895,41.46392],[1.96923,41.46392],[1.97149,41.46373],[1.97329,41.46371],[1.97349,41.46345],[1.97368,41.4632],[1.9747,41.46159],[1.97492,41.46121],[1.97549,41.46011],[1.97652,41.45705],[1.97667,41.45638],[1.97674,41.45603],[1.97677,41.45581],[1.97675,41.45542],[1.97674,41.45501],[1.97693,41.45392],[1.97714,41.45292],[1.97728,41.45136],[1.97728,41.45103],[1.97731,41.45086],[1.97739,41.45063],[1.97769,41.45011],[1.97839,41.44915],[1.97859,41.44893],[1.9788,41.44877],[1.97921,41.44865],[1.97952,41.44851],[1.97961,41.44843],[1.97989,41.44815],[1.9801,41.44788],[1.98041,41.44744],[1.98057,41.4472],[1.98082,41.44673],[1.98098,41.44643],[1.98224,41.44528],[1.98421,41.44398],[1.98443,41.44384],[1.98499,41.44354],[1.98527,41.44329],[1.9874,41.44148],[1.98795,41.44106],[1.9883,41.44082],[1.98882,41.44049],[1.99041,41.43962],[1.99083,41.43936],[1.99147,41.43892],[1.99258,41.43803],[1.99322,41.43745],[1.99363,41.43704],[1.99391,41.43671],[1.99408,41.43635],[1.99409,41.43616],[1.99408,41.43559],[1.99509,41.43628],[1.99569,41.4386],[1.99596,41.43993],[1.99604,41.44096],[1.99615,41.44282],[1.99612,41.44443],[1.99596,41.44699],[1.99587,41.44767],[1.99573,41.44846],[1.99557,41.4498],[1.99556,41.4506],[1.99572,41.45141],[1.99591,41.45184],[1.9962,41.45227],[1.99644,41.45258],[1.9968,41.45295],[1.99733,41.45338],[1.9978,41.45365],[1.99838,41.45395],[1.99931,41.45439],[1.99954,41.45453],[2.00025,41.45524],[2.00105,41.45611],[2.00113,41.45631],[2.00104,41.45651],[2.00071,41.45707],[2.00045,41.45736],[1.99963,41.45808],[1.99938,41.45831],[1.99925,41.45845],[1.99898,41.45886],[1.99894,41.45899],[1.99895,41.45908],[1.9992,41.45984],[1.99926,41.45991],[1.99973,41.46024],[2.0004,41.46068],[2.00103,41.46105],[2.00152,41.46127],[2.00238,41.4616]]]},"properties":{"codi_ine":"08054","nom":"Castellbisbal","comarca":"Vallès Occidental"}},
{"type":"Feature","geometry":{"type":"Polygon","coordinates":[[[2.0032,41.26448],[2.00314,41.26458],[1.98732,41.29125],[1.98704,41.29121],[1.98613,41.29107],[1.98577,41.29101],[1.98446,41.29144],[1.9843,41.29175],[1.98415,41.29197],[1.98402,41.29212],[1.98392,41.2922],[1.98368,41.29231],[1.98292,41.29264],[1.98269,41.29277],[1.98257,41.29286],[1.98198,41.29338],[1.9818,41.29361],[1.98049,41.29428],[1.97948,41.29563],[1.97935,41.29573],[1.97908,41.29591],[1.97821,41.29645],[1.97411,41.29497],[1.97378,41.2948],[1.97327,41.29442],[1.9727,41.29394],[1.97244,41.29376],[1.97216,41.2936],[1.97187,41.29345],[1.97156,41.29332],[1.97125,41.29323],[1.97089,41.2932],[1.96894,41.29309],[1.96795,41.29307],[1.96651,41.2929],[1.96463,41.29253],[1.96429,41.29242],[1.96403,41.29231],[1.96376,41.29217],[1.96289,41.29149],[1.96091,41.28988],[1.96067,41.28969],[1.96045,41.28938],[1.96011,41.28876],[1.95979,41.28811],[1.95968,41.28793],[1.95954,41.28776],[1.95934,41.28762],[1.95911,41.2875],[1.95884,41.28743],[1.95842,41.28736],[1.95792,41.28728],[1.95759,41.2872],[1.95714,41.28708],[1.95684,41.28699],[1.95592,41.28635],[1.95573,41.28616],[1.95558,41.28587],[1.95528,41.28544],[1.95461,41.28454],[1.9542,41.28414],[1.95275,41.2835],[1.9525,41.28343],[1.95224,41.28341],[1.95162,41.28351],[1.95095,41.28363],[1.95063,41.28368],[1.95029,41.28371],[1.94994,41.28362],[1.94973,41.28352],[1.94942,41.28324],[1.94924,41.28302],[1.94911,41.28281],[1.94901,41.28257],[1.94886,41.28227],[1.94856,41.2817],[1.94824,41.28125],[1.94798,41.28101],[1.94776,41.28082],[1.94755,41.28067],[1.9473,41.2806],[1.94463,41.27988],[1.94427,41.2798],[1.94388,41.27979],[1.94354,41.27982],[1.9432,41.27989],[1.9429,41.28],[1.94263,41.28014],[1.94249,41.28027],[1.94261,41.28011],[1.94297,41.27993],[1.94338,41.27964],[1.94356,41.27945],[1.94374,41.27922],[1.94377,41.27908],[1.94376,41.27893],[1.94367,41.27873],[1.94355,41.27856],[1.94333,41.27833],[1.94325,41.27828],[1.94305,41.27821],[1.94028,41.27736],[1.93976,41.27723],[1.93956,41.27717],[1.93927,41.27707],[1.93901,41.27694],[1.93863,41.27661],[1.93797,41.27601],[1.93742,41.27527],[1.93738,41.27515],[1.93738,41.27499],[1.9374,41.27479],[1.93745,41.27455],[1.93813,41.27284],[1.9387,41.27181],[1.93892,41.27143],[1.93906,41.27122],[1.93924,41.27105],[1.93948,41.27088],[1.93967,41.27085],[1.93982,41.27072],[1.93984,41.27065],[1.93984,41.27038],[1.93974,41.27008],[1.93947,41.26942],[1.93938,41.26923],[1.93928,41.2692],[1.93924,41.26912],[1.9393,41.26904],[1.94206,41.2674],[1.94327,41.26625],[1.94401,41.26493],[1.94432,41.26461],[1.9445,41.26349],[1.94484,41.26353],[1.94519,41.26354],[1.94567,41.26356],[1.94673,41.26361],[1.94768,41.26364],[1.94885,41.26367],[1.94919,41.26369],[1.95012,41.2638],[1.95102,41.26386],[1.95262,41.26393],[1.95419,41.26402],[1.95456,41.26405],[1.95489,41.26406],[1.95553,41.26404],[1.95622,41.26401],[1.95647,41.26404],[1.95686,41.26407],[1.95752,41.26404],[1.95774,41.26404],[1.95828,41.2641],[1.95846,41.26411],[1.95933,41.2641],[1.96004,41.26407],[1.96053,41.26404],[1.96079,41.26403],[1.96137,41.26404],[1.96211,41.26407],[1.96303,41.26406],[1.96332,41.26406],[1.96396,41.26411],[1.96452,41.26413],[1.96484,41.26414],[1.96509,41.26412],[1.9663,41.2641],[1.96696,41.26412],[1.9675,41.26407],[1.96828,41.26407],[1.96869,41.26407],[1.96939,41.26403],[1.97009,41.26403],[1.9709,41.26402],[1.97176,41.26399],[1.97272,41.264],[1.97356,41.26402],[1.97383,41.26397],[1.97421,41.26393],[1.97453,41.26392],[1.97462,41.26395],[1.97519,41.26397],[1.97595,41.26395],[1.97697,41.26395],[1.97811,41.26392],[1.97874,41.26389],[1.97918,41.26388],[1.97972,41.26394],[1.98047,41.26393],[1.98091,41.26392],[1.98136,41.26389],[1.98236,41.26392],[1.98359,41.26394],[1.98401,41.26391],[1.98438,41.2639],[1.98497,41.2639],[1.98552,41.26394],[1.98618,41.26399],[1.98745,41.26396],[1.98846,41.26396],[1.98901,41.26397],[1.98961,41.26402],[1.99045,41.264],[1.99131,41.26407],[1.99193,41.2641],[1.9927,41.26406],[1.99296,41.26404],[1.99335,41.26405],[1.99358,41.26413],[1.99395,41.26413],[1.99441,41.26406],[1.99476,41.26408],[1.99492,41.26412],[1.99521,41.26417],[1.99563,41.26422],[1.99598,41.26424],[1.99678,41.26426],[1.99734,41.26422],[1.99756,41.26422],[1.99809,41.26426],[1.99842,41.26432],[1.99885,41.26435],[2.00018,41.26436],[2.00026,41.26439],[2.00052,41.26442],[2.00083,41.26442],[2.00127,41.26439],[2.00184,41.26439],[2.00293,41.26443],[2.0032,41.26448]]]},"properties":{"codi_ine":"08056","nom":"Castelldefels","comarca":"Baix Llobregat"}},
{"type":"Feature","geometry":{"type":"Polygon","coordinates":[[[1.94731,41.461],[1.94702,41.46091],[1.94625,41.46064],[1.94592,41.46045],[1.94558,41.46032],[1.94521,41.46029],[1.9448,41.46029],[1.94413,41.46037],[1.94354,41.4605],[1.94144,41.4615],[1.94116,41.46163],[1.94036,41.46206],[1.94014,41.46221],[1.93863,41.46317],[1.93798,41.4636],[1.93685,41.46469],[1.93614,41.4655],[1.93595,41.46568],[1.93576,41.46577],[1.93486,41.46603],[1.93419,41.4662],[1.93342,41.46632],[1.93315,41.46632],[1.93291,41.46626],[1.93063,41.46571],[1.93002,41.46544],[1.92961,41.46519],[1.92942,41.46492],[1.92918,41.4647],[1.92847,41.46417],[1.9281,41.464],[1.92766,41.46391],[1.92698,41.46365],[1.92594,41.46323],[1.92545,41.46296],[1.92481,41.46255],[1.92356,41.46157],[1.92256,41.46079],[1.92149,41.46041],[1.92044,41.45988],[1.91948,41.45929],[1.91905,41.45881],[1.91889,41.45768],[1.9186,41.45639],[1.91772,41.45555],[1.91578,41.45542],[1.91474,41.45544],[1.91373,41.45602],[1.91358,41.45608],[1.91341,41.45608],[1.91274,41.45578],[1.91266,41.4557],[1.9126,41.45557],[1.91131,41.4544],[1.91104,41.45425],[1.91079,41.45419],[1.91052,41.45418],[1.91038,41.4542],[1.90942,41.45435],[1.90934,41.45438],[1.90927,41.45447],[1.90914,41.45471],[1.90839,41.45617],[1.90836,41.45711],[1.90785,41.45807],[1.90745,41.45848],[1.9073,41.45913],[1.90722,41.45964],[1.9072,41.46021],[1.90713,41.46071],[1.90663,41.46367],[1.90649,41.46437],[1.90649,41.46461],[1.90662,41.465],[1.90674,41.46519],[1.90644,41.46521],[1.90579,41.46518],[1.90322,41.46481],[1.90199,41.46463],[1.90162,41.46456],[1.90089,41.46437],[1.89964,41.46389],[1.89932,41.46376],[1.89793,41.46323],[1.89639,41.46296],[1.89567,41.46293],[1.89498,41.46291],[1.89428,41.46295],[1.89315,41.46268],[1.89258,41.46237],[1.89226,41.46224],[1.89142,41.46192],[1.89051,41.46162],[1.88902,41.461],[1.8875,41.46034],[1.88726,41.46024],[1.88656,41.45978],[1.88628,41.45962],[1.88591,41.45947],[1.88559,41.45938],[1.88479,41.4593],[1.88452,41.45927],[1.88424,41.45917],[1.88408,41.45909],[1.88392,41.45899],[1.88365,41.45872],[1.88343,41.45842],[1.88321,41.458],[1.88304,41.4576],[1.88294,41.45723],[1.8825,41.45621],[1.88195,41.45534],[1.88188,41.45525],[1.88173,41.4552],[1.88074,41.45502],[1.88013,41.45498],[1.87798,41.45484],[1.88509,41.44668],[1.8852,41.44667],[1.88568,41.44627],[1.88612,41.4459],[1.88645,41.4456],[1.88745,41.44466],[1.88815,41.44386],[1.8886,41.44327],[1.88911,41.44268],[1.88984,41.44198],[1.89024,41.44161],[1.89068,41.44122],[1.89119,41.44044],[1.89131,41.4401],[1.89145,41.43985],[1.89198,41.43934],[1.89292,41.43845],[1.89312,41.43832],[1.8934,41.43829],[1.89396,41.43831],[1.8943,41.43825],[1.8945,41.43809],[1.8946,41.43796],[1.89463,41.4376],[1.89464,41.43713],[1.89471,41.43684],[1.89555,41.43568],[1.89615,41.43499],[1.89687,41.43344],[1.89691,41.43271],[1.89644,41.4317],[1.89634,41.43155],[1.89613,41.43128],[1.89569,41.43084],[1.89513,41.4304],[1.89488,41.43007],[1.89508,41.43002],[1.89553,41.42981],[1.89647,41.42933],[1.8967,41.42917],[1.89682,41.42906],[1.89708,41.42877],[1.89766,41.42888],[1.89895,41.42941],[1.89923,41.42955],[1.90001,41.43005],[1.90051,41.43061],[1.90068,41.43083],[1.90125,41.43147],[1.90191,41.43168],[1.90221,41.43175],[1.90262,41.4317],[1.90305,41.4315],[1.90332,41.43135],[1.90371,41.43118],[1.90433,41.431],[1.90484,41.43092],[1.90509,41.43089],[1.90613,41.43088],[1.9065,41.43096],[1.9068,41.43104],[1.90717,41.43118],[1.90887,41.43202],[1.91075,41.43242],[1.91173,41.43253],[1.91261,41.43274],[1.91271,41.43277],[1.91315,41.43297],[1.91399,41.43292],[1.91553,41.43251],[1.91679,41.43213],[1.91716,41.43188],[1.9173,41.4318],[1.91795,41.43169],[1.91849,41.43165],[1.91944,41.43163],[1.91975,41.43167],[1.91992,41.43172],[1.92027,41.43185],[1.92039,41.43187],[1.92133,41.43191],[1.92154,41.43189],[1.92197,41.43176],[1.92257,41.43145],[1.92361,41.4316],[1.92471,41.43205],[1.93262,41.43469],[1.93311,41.43474],[1.93332,41.43473],[1.93501,41.4347],[1.93616,41.43494],[1.93662,41.43499],[1.93698,41.43499],[1.93743,41.43492],[1.93779,41.43476],[1.93808,41.43463],[1.93849,41.43437],[1.94076,41.43535],[1.94096,41.43545],[1.94137,41.43569],[1.94317,41.43619],[1.94355,41.43615],[1.94402,41.43617],[1.94411,41.43618],[1.94436,41.43625],[1.94468,41.43648],[1.94481,41.43661],[1.94491,41.4368],[1.94488,41.43699],[1.94588,41.4378],[1.94608,41.43786],[1.94632,41.43801],[1.94655,41.43833],[1.94704,41.43911],[1.94735,41.43984],[1.9477,41.44008],[1.94879,41.44083],[1.94951,41.44112],[1.94961,41.4414],[1.94962,41.44154],[1.9496,41.44167],[1.94925,41.44223],[1.94913,41.44232],[1.94857,41.44267],[1.94816,41.44283],[1.94782,41.44299],[1.94746,41.44362],[1.94746,41.44369],[1.94752,41.44385],[1.9467,41.44528],[1.94611,41.44617],[1.94626,41.44624],[1.94751,41.44675],[1.94796,41.44692],[1.94806,41.447],[1.94832,41.44759],[1.94838,41.44811],[1.94832,41.44825],[1.9483,41.44844],[1.94831,41.44893],[1.94836,41.44925],[1.94946,41.4499],[1.95019,41.45012],[1.95053,41.45015],[1.95099,41.45021],[1.9511,41.45027],[1.9513,41.45044],[1.95134,41.4505],[1.95143,41.45079],[1.9514,41.45095],[1.95128,41.45146],[1.95117,41.4522],[1.95117,41.4524],[1.95128,41.45285],[1.95145,41.45319],[1.95164,41.45347],[1.95177,41.45358],[1.95195,41.45367],[1.95207,41.45377],[1.95222,41.45402],[1.95256,41.45491],[1.95238,41.4556],[1.95201,41.45558],[1.95131,41.45556],[1.95104,41.45603],[1.95107,41.45633],[1.95105,41.45673],[1.95101,41.45695],[1.95074,41.45769],[1.95065,41.45786],[1.95029,41.45834],[1.94968,41.45911],[1.94856,41.45999],[1.94794,41.46043],[1.94744,41.46075],[1.94731,41.461]]]},"properties":{"codi_ine":"08066","nom":"Castellví de Rosanes","comarca":"Baix Llobregat"}},
{"type":"Feature","geometry":{"type":"Polygon","coordinates":[[[1.98916,41.40758],[1.98888,41.40726],[1.98865,41.40703],[1.9881,41.40651],[1.98777,41.40619],[1.98756,41.40596],[1.98738,41.40575],[1.98725,41.40558],[1.98698,41.40517],[1.98684,41.40493],[1.98673,41.40469],[1.98664,41.40446],[1.98653,41.40415],[1.98639,41.40357],[1.98628,41.40306],[1.9862,41.40274],[1.98611,41.40243],[1.98602,41.40219],[1.98595,41.40204],[1.98576,41.40172],[1.98528,41.40115],[1.98503,41.40092],[1.98471,41.40066],[1.98435,41.40041],[1.98413,41.40028],[1.98385,41.40013],[1.98355,41.39998],[1.9832,41.39982],[1.98292,41.39972],[1.98243,41.39976],[1.98051,41.39991],[1.97933,41.40038],[1.97882,41.40086],[1.9768,41.40099],[1.97502,41.40075],[1.97477,41.40075],[1.97426,41.40081],[1.97408,41.40084],[1.9739,41.40095],[1.97382,41.40115],[1.97383,41.4014],[1.97364,41.40196],[1.97315,41.40266],[1.97261,41.40328],[1.97251,41.40336],[1.97228,41.40345],[1.97057,41.40393],[1.96964,41.40405],[1.96878,41.40461],[1.96711,41.40491],[1.96681,41.40546],[1.96672,41.40628],[1.96635,41.40642],[1.96568,41.40595],[1.96469,41.40602],[1.96445,41.40606],[1.96429,41.40618],[1.96336,41.40712],[1.9638,41.40759],[1.96407,41.40782],[1.96411,41.40787],[1.96413,41.40813],[1.96178,41.40883],[1.96117,41.40881],[1.96055,41.40879],[1.96012,41.40875],[1.95666,41.40743],[1.95544,41.40695],[1.95504,41.40679],[1.95493,41.40673],[1.9543,41.40623],[1.95373,41.40577],[1.95364,41.40568],[1.95348,41.40546],[1.95316,41.40494],[1.95309,41.40479],[1.95309,41.40465],[1.95262,41.40404],[1.95248,41.40388],[1.95234,41.40376],[1.95205,41.40355],[1.9518,41.40344],[1.95148,41.40331],[1.95098,41.40315],[1.95035,41.40295],[1.94999,41.40286],[1.94984,41.40284],[1.94925,41.40289],[1.94929,41.40323],[1.94901,41.40346],[1.94583,41.40366],[1.94592,41.40405],[1.94605,41.40489],[1.94602,41.40506],[1.94593,41.40532],[1.94559,41.40616],[1.9454,41.40654],[1.94531,41.40668],[1.94512,41.40693],[1.94505,41.40688],[1.9435,41.40703],[1.94261,41.40723],[1.94249,41.40723],[1.94207,41.40712],[1.94127,41.40663],[1.93891,41.40528],[1.93828,41.40512],[1.93809,41.40609],[1.9381,41.4062],[1.93816,41.40651],[1.93825,41.40678],[1.93828,41.40684],[1.93842,41.40695],[1.93867,41.40708],[1.93978,41.408],[1.94084,41.40997],[1.93994,41.4125],[1.94002,41.41341],[1.94002,41.41346],[1.93991,41.41416],[1.93984,41.41443],[1.93944,41.41456],[1.93917,41.41465],[1.93883,41.41469],[1.93851,41.41466],[1.93835,41.41464],[1.93794,41.41456],[1.93741,41.41452],[1.93707,41.41464],[1.93655,41.41486],[1.93644,41.41495],[1.93665,41.41521],[1.93631,41.41487],[1.93537,41.41452],[1.93514,41.41449],[1.93488,41.41449],[1.93476,41.41454],[1.9345,41.41467],[1.93406,41.41483],[1.93371,41.41492],[1.93331,41.41493],[1.93307,41.41491],[1.93295,41.41488],[1.93252,41.4147],[1.93244,41.41464],[1.93141,41.41385],[1.92739,41.41164],[1.9272,41.41156],[1.927,41.41143],[1.92673,41.41113],[1.92635,41.41059],[1.9262,41.41018],[1.92528,41.40938],[1.92455,41.40848],[1.92437,41.40831],[1.92358,41.40784],[1.92348,41.40782],[1.92333,41.40785],[1.92293,41.40809],[1.92278,41.4082],[1.92263,41.40837],[1.92248,41.40858],[1.92235,41.4088],[1.92227,41.40889],[1.92212,41.409],[1.92194,41.40908],[1.92176,41.4091],[1.92164,41.40904],[1.92147,41.40886],[1.92097,41.40786],[1.92044,41.40686],[1.91824,41.40639],[1.91641,41.4063],[1.91615,41.4064],[1.91596,41.40646],[1.91571,41.40651],[1.91566,41.40649],[1.9154,41.40631],[1.91526,41.40616],[1.91523,41.4061],[1.91518,41.40582],[1.91522,41.40566],[1.91439,41.40509],[1.91136,41.4055],[1.91088,41.40539],[1.90982,41.40513],[1.90936,41.40498],[1.90899,41.40472],[1.90844,41.40452],[1.90722,41.40446],[1.90465,41.40465],[1.90444,41.40473],[1.90418,41.40488],[1.90172,41.40626],[1.90042,41.40699],[1.90001,41.40723],[1.89967,41.40763],[1.89946,41.40805],[1.89939,41.40845],[1.89853,41.4083],[1.89814,41.40818],[1.89761,41.40798],[1.89609,41.40766],[1.89596,41.40768],[1.89404,41.4076],[1.89371,41.40746],[1.89347,41.40724],[1.89317,41.40698],[1.89287,41.40685],[1.89258,41.40678],[1.89233,41.40679],[1.89187,41.40709],[1.89105,41.40759],[1.89088,41.40768],[1.89067,41.40775],[1.88982,41.40801],[1.8892,41.40818],[1.88822,41.40828],[1.88789,41.40825],[1.88563,41.40824],[1.88495,41.40814],[1.88401,41.40763],[1.88337,41.40722],[1.88309,41.40696],[1.88296,41.40682],[1.88291,41.40672],[1.8828,41.40643],[1.88275,41.40627],[1.88266,41.40572],[1.8826,41.40563],[1.88216,41.40548],[1.88172,41.40538],[1.88094,41.4053],[1.88067,41.40527],[1.88038,41.40527],[1.88014,41.40528],[1.87966,41.40532],[1.87933,41.40531],[1.87883,41.40517],[1.87859,41.40504],[1.87791,41.40444],[1.87762,41.40417],[1.87746,41.40346],[1.87743,41.40327],[1.8765,41.40051],[1.87657,41.40023],[1.87655,41.40001],[1.87652,41.39993],[1.8764,41.39972],[1.87578,41.39894],[1.87483,41.395],[1.87667,41.38961],[1.87737,41.38909],[1.8804,41.38912],[1.88266,41.38914],[1.88397,41.38921],[1.88623,41.38933],[1.88934,41.38947],[1.89031,41.38953],[1.89059,41.38955],[1.89109,41.38963],[1.89199,41.38982],[1.89292,41.39001],[1.89336,41.39009],[1.89354,41.3901],[1.89375,41.39009],[1.89422,41.39002],[1.89465,41.38998],[1.89507,41.38996],[1.89586,41.38994],[1.89618,41.38995],[1.89646,41.39],[1.89737,41.39019],[1.89859,41.39046],[1.90074,41.39094],[1.90831,41.38951],[1.91039,41.38993],[1.91092,41.38984],[1.91262,41.38964],[1.91359,41.38965],[1.91511,41.38959],[1.91598,41.38941],[1.91622,41.38919],[1.91723,41.38852],[1.91816,41.3883],[1.91921,41.38869],[1.91963,41.38895],[1.92178,41.38974],[1.92212,41.3899],[1.92233,41.39039],[1.92224,41.39104],[1.92327,41.39172],[1.92461,41.39289],[1.92631,41.39343],[1.92741,41.39377],[1.92818,41.39459],[1.92816,41.39478],[1.92805,41.39502],[1.92723,41.39635],[1.92747,41.39643],[1.92837,41.39646],[1.92978,41.39684],[1.93111,41.39806],[1.93191,41.39764],[1.93234,41.39764],[1.93302,41.39813],[1.93326,41.39873],[1.93619,41.3984],[1.93665,41.39815],[1.93788,41.39771],[1.93855,41.39752],[1.93921,41.39741],[1.94016,41.39682],[1.94073,41.3963],[1.94111,41.39555],[1.94148,41.39463],[1.9423,41.39356],[1.94339,41.39206],[1.94447,41.38954],[1.9451,41.38943],[1.94566,41.38904],[1.94853,41.38501],[1.94924,41.37864],[1.949,41.37852],[1.94869,41.37833],[1.94846,41.37811],[1.94832,41.37791],[1.94861,41.37756],[1.94885,41.37737],[1.94907,41.37711],[1.94921,41.3769],[1.94932,41.37666],[1.94929,41.37623],[1.94924,41.37601],[1.94926,41.37567],[1.94974,41.37523],[1.94994,41.3751],[1.95021,41.37495],[1.95049,41.37447],[1.95049,41.37387],[1.95042,41.37344],[1.95037,41.37332],[1.95016,41.37217],[1.95012,41.37119],[1.95012,41.37086],[1.95034,41.37024],[1.95063,41.36985],[1.9509,41.3696],[1.95151,41.36907],[1.95177,41.36886],[1.95252,41.3684],[1.953,41.36814],[1.95355,41.36787],[1.95373,41.36782],[1.9541,41.3678],[1.9542,41.36772],[1.95482,41.3674],[1.95701,41.36703],[1.95939,41.36638],[1.96245,41.36568],[1.96367,41.36535],[1.96452,41.365],[1.96611,41.36525],[1.96798,41.36564],[1.97024,41.36633],[1.97174,41.36661],[1.9741,41.36724],[1.97426,41.36728],[1.97447,41.36729],[1.97507,41.36721],[1.9756,41.36708],[1.9765,41.36708],[1.97689,41.36714],[1.97748,41.36727],[1.97766,41.36736],[1.97828,41.36797],[1.97859,41.36824],[1.9787,41.36831],[1.97958,41.3685],[1.9803,41.36846],[1.98055,41.3685],[1.98133,41.36901],[1.98098,41.3694],[1.98264,41.37188],[1.98198,41.37228],[1.98345,41.37243],[1.98389,41.37244],[1.98463,41.37245],[1.98538,41.37242],[1.98562,41.37243],[1.98653,41.37264],[1.9869,41.37285],[1.98715,41.37303],[1.98848,41.37396],[1.9897,41.37499],[1.99065,41.37589],[1.99006,41.37631],[1.98975,41.37647],[1.98945,41.37658],[1.9891,41.37658],[1.98877,41.37657],[1.98841,41.37652],[1.98786,41.37633],[1.98699,41.37587],[1.98633,41.37547],[1.98601,41.37534],[1.98515,41.37557],[1.98501,41.37572],[1.98489,41.37597],[1.98473,41.37622],[1.98454,41.37648],[1.98435,41.37664],[1.98403,41.37678],[1.98267,41.37708],[1.98152,41.37728],[1.98115,41.37724],[1.98085,41.37724],[1.98057,41.37726],[1.98032,41.37736],[1.98019,41.37745],[1.97986,41.37777],[1.97927,41.38033],[1.9808,41.38039],[1.98147,41.38089],[1.98118,41.3814],[1.98119,41.38162],[1.98124,41.38214],[1.98131,41.38237],[1.98186,41.38382],[1.98235,41.38518],[1.9826,41.38576],[1.98312,41.38681],[1.98366,41.38725],[1.98379,41.38732],[1.98394,41.38738],[1.98421,41.38741],[1.98449,41.38753],[1.98522,41.38806],[1.98543,41.38825],[1.98551,41.39018],[1.98584,41.39039],[1.98648,41.39079],[1.98663,41.39082],[1.9869,41.39107],[1.98725,41.39153],[1.98761,41.39237],[1.98829,41.39331],[1.98849,41.39357],[1.98888,41.39392],[1.9894,41.39432],[1.98993,41.3941],[1.99002,41.39408],[1.99083,41.39416],[1.9916,41.39426],[1.99191,41.39435],[1.99213,41.39443],[1.99271,41.39484],[1.99319,41.39515],[1.99345,41.39529],[1.99405,41.39556],[1.99433,41.39567],[1.99507,41.39605],[1.99525,41.39621],[1.99528,41.39658],[1.99522,41.39735],[1.99503,41.39973],[1.99521,41.40014],[1.9953,41.40033],[1.9955,41.40056],[1.9956,41.40066],[1.99567,41.40076],[1.99571,41.40098],[1.99564,41.40133],[1.99554,41.40161],[1.99515,41.40241],[1.99494,41.40244],[1.99429,41.40288],[1.99413,41.40303],[1.99403,41.40319],[1.994,41.40329],[1.99396,41.40351],[1.9939,41.40366],[1.99383,41.40371],[1.9936,41.40374],[1.99235,41.40383],[1.99133,41.40447],[1.99067,41.40491],[1.9906,41.405],[1.99007,41.40586],[1.98983,41.40658],[1.98957,41.40716],[1.98916,41.40758]]]},"properties":{"codi_ine":"08068","nom":"Cervelló","comarca":"Baix Llobregat"}},
{"type":"Feature","geometry":{"type":"Polygon","coordinates":[[[1.85182,41.59091],[1.85125,41.59074],[1.85096,41.59067],[1.85081,41.59066],[1.8506,41.59067],[1.84889,41.59114],[1.84541,41.59165],[1.84519,41.59153],[1.84447,41.59141],[1.84401,41.59142],[1.84228,41.5916],[1.84208,41.59163],[1.84115,41.59195],[1.84019,41.59232],[1.84004,41.59238],[1.83972,41.59248],[1.83953,41.59251],[1.83906,41.59254],[1.83818,41.59259],[1.8378,41.59257],[1.83722,41.5925],[1.83681,41.59243],[1.83648,41.59234],[1.83429,41.59207],[1.83399,41.59208],[1.83352,41.59201],[1.83316,41.59194],[1.83268,41.59183],[1.83246,41.59175],[1.83234,41.59165],[1.83213,41.59138],[1.8318,41.59101],[1.83169,41.5909],[1.83053,41.59136],[1.8297,41.59178],[1.82897,41.59221],[1.82805,41.5923],[1.82768,41.59228],[1.82716,41.59229],[1.827,41.59233],[1.82563,41.59287],[1.82554,41.59293],[1.82508,41.59343],[1.8248,41.59399],[1.82464,41.59461],[1.8241,41.59569],[1.82369,41.59589],[1.82331,41.59598],[1.82293,41.59613],[1.82278,41.59627],[1.8225,41.59666],[1.8223,41.597],[1.82232,41.59706],[1.82238,41.59779],[1.82088,41.59906],[1.82041,41.59931],[1.82014,41.59938],[1.81947,41.59938],[1.81883,41.59972],[1.81776,41.60032],[1.81722,41.60082],[1.8168,41.60159],[1.81588,41.60205],[1.815,41.60196],[1.81413,41.6019],[1.81281,41.60207],[1.81284,41.6035],[1.81232,41.60225],[1.81214,41.60057],[1.80901,41.5835],[1.80898,41.58295],[1.80917,41.58208],[1.80875,41.57947],[1.80708,41.57461],[1.80622,41.57478],[1.80683,41.57379],[1.80602,41.57173],[1.80571,41.57142],[1.80546,41.57114],[1.80475,41.57006],[1.80467,41.56986],[1.80453,41.56958],[1.80444,41.56949],[1.80313,41.56831],[1.80159,41.56708],[1.79944,41.56542],[1.79915,41.56524],[1.79775,41.56478],[1.79765,41.56468],[1.79753,41.56421],[1.79756,41.56396],[1.79742,41.56342],[1.79703,41.56302],[1.79625,41.56275],[1.79605,41.56268],[1.79586,41.5626],[1.79542,41.56236],[1.79506,41.56214],[1.79434,41.56165],[1.79454,41.56154],[1.79465,41.56152],[1.79494,41.56152],[1.79528,41.56153],[1.79552,41.56148],[1.79569,41.5614],[1.79601,41.56121],[1.79663,41.56079],[1.79668,41.56074],[1.79671,41.56064],[1.79656,41.5603],[1.79658,41.56017],[1.79696,41.55965],[1.79791,41.55868],[1.79827,41.55837],[1.79843,41.55826],[1.79867,41.55819],[1.79891,41.55821],[1.79914,41.55831],[1.79933,41.55836],[1.79957,41.55839],[1.79998,41.55842],[1.80053,41.5583],[1.80078,41.5582],[1.80091,41.55809],[1.80198,41.55799],[1.80238,41.55818],[1.80253,41.55824],[1.80269,41.55823],[1.80323,41.55811],[1.80356,41.55803],[1.80459,41.55735],[1.80516,41.55693],[1.80529,41.55681],[1.80546,41.55661],[1.80633,41.55649],[1.80672,41.55664],[1.80754,41.55692],[1.80777,41.55694],[1.80798,41.55687],[1.8096,41.55611],[1.81131,41.55577],[1.81278,41.55554],[1.81345,41.55572],[1.8144,41.55576],[1.81492,41.55573],[1.81505,41.55568],[1.81607,41.55517],[1.81738,41.55437],[1.81762,41.55404],[1.81771,41.55388],[1.81779,41.55366],[1.81781,41.55352],[1.8179,41.552],[1.81751,41.55143],[1.81731,41.55111],[1.81728,41.55102],[1.8173,41.5508],[1.81752,41.5504],[1.8183,41.54905],[1.81875,41.54865],[1.81883,41.5486],[1.81959,41.54754],[1.8201,41.54597],[1.82013,41.54589],[1.82068,41.54536],[1.82085,41.54522],[1.82102,41.54513],[1.82163,41.5447],[1.82341,41.54304],[1.82351,41.54296],[1.82376,41.54295],[1.82391,41.54301],[1.82401,41.5431],[1.82408,41.54312],[1.82444,41.54315],[1.82459,41.54313],[1.82545,41.5428],[1.82563,41.54273],[1.82371,41.54077],[1.82668,41.53905],[1.83008,41.54295],[1.8295,41.54458],[1.83326,41.54597],[1.83147,41.54857],[1.83462,41.55221],[1.83942,41.5593],[1.83948,41.56032],[1.84092,41.56349],[1.84167,41.5646],[1.84199,41.56484],[1.84209,41.5649],[1.84225,41.56494],[1.84319,41.56583],[1.84345,41.56608],[1.84436,41.56709],[1.84482,41.56771],[1.84499,41.56799],[1.84536,41.56845],[1.84604,41.56903],[1.84684,41.56944],[1.8473,41.56943],[1.84983,41.56989],[1.85002,41.57007],[1.85038,41.57034],[1.85058,41.57042],[1.85099,41.57048],[1.8522,41.5706],[1.85277,41.57071],[1.8531,41.57087],[1.85323,41.57106],[1.85355,41.5714],[1.85443,41.57194],[1.8554,41.57235],[1.85655,41.57274],[1.85777,41.57287],[1.85807,41.57286],[1.85858,41.57289],[1.8587,41.57291],[1.85893,41.57298],[1.85971,41.57329],[1.86007,41.57351],[1.86059,41.57396],[1.86079,41.57418],[1.86067,41.57437],[1.86045,41.57495],[1.8604,41.57512],[1.86034,41.57537],[1.86031,41.57562],[1.86028,41.57623],[1.86032,41.57671],[1.86044,41.57708],[1.8607,41.57798],[1.86094,41.57891],[1.86102,41.57922],[1.86105,41.57953],[1.86107,41.57994],[1.86105,41.58023],[1.86102,41.58049],[1.86086,41.58088],[1.86079,41.58099],[1.86049,41.58132],[1.86021,41.58157],[1.86003,41.58171],[1.8592,41.58221],[1.85824,41.58272],[1.85729,41.58334],[1.85617,41.58412],[1.85591,41.58433],[1.85579,41.58445],[1.85568,41.5846],[1.85563,41.58473],[1.85549,41.58536],[1.85553,41.58561],[1.85544,41.58617],[1.85505,41.58712],[1.85468,41.58771],[1.85412,41.58851],[1.85393,41.58874],[1.85365,41.58902],[1.85335,41.58929],[1.85216,41.59031],[1.85205,41.59045],[1.85192,41.59069],[1.85182,41.59091]]]},"properties":{"codi_ine":"08069","nom":"Collbató","comarca":"Baix Llobregat"}},
{"type":"Feature","geometry":{"type":"Polygon","coordinates":[[[1.99041,41.43962],[1.98882,41.44049],[1.9883,41.44082],[1.98795,41.44106],[1.9874,41.44148],[1.98527,41.44329],[1.98499,41.44354],[1.98408,41.44332],[1.98392,41.44327],[1.98342,41.44313],[1.98263,41.44297],[1.98225,41.4429],[1.98158,41.44284],[1.98002,41.44277],[1.97944,41.44278],[1.97913,41.44284],[1.97883,41.44286],[1.97868,41.44282],[1.97865,41.44271],[1.97869,41.44258],[1.97882,41.44229],[1.97922,41.44172],[1.97927,41.44157],[1.97927,41.44146],[1.97897,41.44103],[1.9782,41.44125],[1.97808,41.44131],[1.97754,41.4416],[1.97686,41.44179],[1.9765,41.44182],[1.976,41.44179],[1.97583,41.44178],[1.97512,41.44178],[1.97484,41.44179],[1.97432,41.44191],[1.97391,41.44205],[1.97385,41.44228],[1.97359,41.44245],[1.97338,41.44256],[1.97308,41.44263],[1.9724,41.44266],[1.9712,41.44269],[1.97095,41.44268],[1.97064,41.44265],[1.97031,41.4426],[1.96927,41.4425],[1.96853,41.44248],[1.96815,41.44253],[1.96794,41.44258],[1.96759,41.44272],[1.96715,41.44283],[1.9667,41.44294],[1.96621,41.44298],[1.96451,41.44283],[1.96436,41.4428],[1.96378,41.44259],[1.96274,41.44213],[1.96162,41.44145],[1.96089,41.44091],[1.95728,41.43988],[1.95708,41.43978],[1.95692,41.43972],[1.95532,41.43926],[1.95482,41.43919],[1.95463,41.43921],[1.95361,41.43955],[1.95339,41.43971],[1.95278,41.44048],[1.95274,41.44058],[1.95278,41.44073],[1.9519,41.44103],[1.95062,41.44126],[1.95035,41.44128],[1.95016,41.44127],[1.94951,41.44112],[1.94879,41.44083],[1.9477,41.44008],[1.94735,41.43984],[1.94704,41.43911],[1.94655,41.43833],[1.94632,41.43801],[1.94608,41.43786],[1.94588,41.4378],[1.94488,41.43699],[1.94491,41.4368],[1.94481,41.43661],[1.94468,41.43648],[1.94436,41.43625],[1.94411,41.43618],[1.94402,41.43617],[1.94355,41.43615],[1.94317,41.43619],[1.94137,41.43569],[1.94096,41.43545],[1.94076,41.43535],[1.93849,41.43437],[1.93808,41.43463],[1.93779,41.43476],[1.93743,41.43492],[1.93698,41.43499],[1.93662,41.43499],[1.93616,41.43494],[1.93501,41.4347],[1.93332,41.43473],[1.93311,41.43474],[1.93262,41.43469],[1.92471,41.43205],[1.92361,41.4316],[1.92257,41.43145],[1.92197,41.43176],[1.92154,41.43189],[1.92133,41.43191],[1.92039,41.43187],[1.92027,41.43185],[1.91992,41.43172],[1.91975,41.43167],[1.91944,41.43163],[1.91849,41.43165],[1.91795,41.43169],[1.9173,41.4318],[1.91716,41.43188],[1.91679,41.43213],[1.91553,41.43251],[1.91399,41.43292],[1.91315,41.43297],[1.91271,41.43277],[1.91261,41.43274],[1.91173,41.43253],[1.91075,41.43242],[1.90887,41.43202],[1.90717,41.43118],[1.9068,41.43104],[1.9065,41.43096],[1.90613,41.43088],[1.90509,41.43089],[1.90484,41.43092],[1.90433,41.431],[1.90371,41.43118],[1.90332,41.43135],[1.90305,41.4315],[1.90262,41.4317],[1.90221,41.43175],[1.90191,41.43168],[1.90125,41.43147],[1.90068,41.43083],[1.90051,41.43061],[1.90001,41.43005],[1.89923,41.42955],[1.89895,41.42941],[1.89766,41.42888],[1.89708,41.42877],[1.89682,41.42906],[1.8967,41.42917],[1.89647,41.42933],[1.89553,41.42981],[1.89508,41.43002],[1.89488,41.43007],[1.89463,41.43018],[1.89418,41.43034],[1.89382,41.43044],[1.89356,41.43049],[1.89296,41.43061],[1.89285,41.43061],[1.89248,41.43058],[1.89195,41.4305],[1.89181,41.43048],[1.89145,41.43016],[1.89131,41.43002],[1.89111,41.42943],[1.89105,41.42919],[1.89106,41.4291],[1.89111,41.42898],[1.89119,41.42871],[1.89121,41.42856],[1.89121,41.42806],[1.89003,41.42676],[1.88894,41.42577],[1.88874,41.42566],[1.88838,41.42536],[1.88774,41.42455],[1.88752,41.42412],[1.88738,41.42361],[1.88738,41.42322],[1.88744,41.42304],[1.88751,41.42301],[1.88773,41.42298],[1.88797,41.42293],[1.889,41.4226],[1.88919,41.42249],[1.88939,41.42231],[1.88943,41.42225],[1.88933,41.42209],[1.88918,41.4219],[1.8889,41.42164],[1.88886,41.42155],[1.88871,41.42059],[1.88874,41.42045],[1.88893,41.42017],[1.88902,41.41987],[1.88901,41.41977],[1.88885,41.41906],[1.88875,41.41892],[1.88833,41.41869],[1.8877,41.41785],[1.88736,41.41706],[1.88605,41.41611],[1.88511,41.41546],[1.88335,41.4147],[1.88229,41.41423],[1.88147,41.41242],[1.88119,41.41159],[1.88198,41.41089],[1.88229,41.41027],[1.8824,41.41013],[1.88292,41.40959],[1.88432,41.40856],[1.88495,41.40814],[1.88563,41.40824],[1.88789,41.40825],[1.88822,41.40828],[1.8892,41.40818],[1.88982,41.40801],[1.89067,41.40775],[1.89088,41.40768],[1.89105,41.40759],[1.89187,41.40709],[1.89233,41.40679],[1.89258,41.40678],[1.89287,41.40685],[1.89317,41.40698],[1.89347,41.40724],[1.89371,41.40746],[1.89404,41.4076],[1.89596,41.40768],[1.89609,41.40766],[1.89761,41.40798],[1.89814,41.40818],[1.89853,41.4083],[1.89939,41.40845],[1.89946,41.40805],[1.89967,41.40763],[1.90001,41.40723],[1.90042,41.40699],[1.90172,41.40626],[1.90418,41.40488],[1.90444,41.40473],[1.90465,41.40465],[1.90722,41.40446],[1.90844,41.40452],[1.90899,41.40472],[1.90936,41.40498],[1.90982,41.40513],[1.91088,41.40539],[1.91136,41.4055],[1.91439,41.40509],[1.91522,41.40566],[1.91518,41.40582],[1.91523,41.4061],[1.91526,41.40616],[1.9154,41.40631],[1.91566,41.40649],[1.91571,41.40651],[1.91596,41.40646],[1.91615,41.4064],[1.91641,41.4063],[1.91824,41.40639],[1.92044,41.40686],[1.92097,41.40786],[1.92147,41.40886],[1.92164,41.40904],[1.92176,41.4091],[1.92194,41.40908],[1.92212,41.409],[1.92227,41.40889],[1.92235,41.4088],[1.92248,41.40858],[1.92263,41.40837],[1.92278,41.4082],[1.92293,41.40809],[1.92333,41.40785],[1.92348,41.40782],[1.92358,41.40784],[1.92437,41.40831],[1.92455,41.40848],[1.92528,41.40938],[1.9262,41.41018],[1.92635,41.41059],[1.92673,41.41113],[1.927,41.41143],[1.9272,41.41156],[1.92739,41.41164],[1.93141,41.41385],[1.93244,41.41464],[1.93252,41.4147],[1.93295,41.41488],[1.93307,41.41491],[1.93331,41.41493],[1.93371,41.41492],[1.93406,41.41483],[1.9345,41.41467],[1.93476,41.41454],[1.93488,41.41449],[1.93514,41.41449],[1.93537,41.41452],[1.93631,41.41487],[1.93665,41.41521],[1.93632,41.41525],[1.93566,41.41597],[1.93565,41.41608],[1.9358,41.41698],[1.93602,41.41729],[1.93631,41.41769],[1.93682,41.41826],[1.93721,41.41861],[1.93782,41.41888],[1.93804,41.41895],[1.93886,41.41898],[1.93936,41.419],[1.94051,41.41898],[1.94227,41.41868],[1.94281,41.41844],[1.94387,41.41791],[1.94457,41.41758],[1.94478,41.41753],[1.94518,41.41751],[1.9452,41.41779],[1.94521,41.41868],[1.94519,41.41929],[1.94517,41.41971],[1.94526,41.41979],[1.94606,41.42009],[1.9463,41.42018],[1.94655,41.42023],[1.94671,41.42026],[1.94694,41.42026],[1.94717,41.42022],[1.94874,41.42097],[1.95049,41.42065],[1.95187,41.42038],[1.95318,41.4199],[1.95569,41.4196],[1.95661,41.4199],[1.95759,41.42028],[1.95848,41.42065],[1.95888,41.4208],[1.95941,41.42097],[1.95995,41.421],[1.96063,41.42112],[1.96241,41.42153],[1.96259,41.42158],[1.96341,41.42204],[1.9638,41.42227],[1.96465,41.42278],[1.96482,41.42291],[1.96499,41.42308],[1.96507,41.42325],[1.96513,41.42353],[1.96517,41.42379],[1.96521,41.42419],[1.96526,41.42445],[1.96536,41.42462],[1.96604,41.42516],[1.96642,41.42545],[1.96656,41.4255],[1.96677,41.42553],[1.96712,41.42562],[1.96797,41.42643],[1.96812,41.42663],[1.96834,41.42706],[1.96847,41.42735],[1.96976,41.42787],[1.97053,41.42789],[1.97097,41.42798],[1.97114,41.42803],[1.97187,41.42833],[1.97226,41.42857],[1.9729,41.43033],[1.9742,41.43217],[1.97608,41.43238],[1.97821,41.43296],[1.97913,41.43334],[1.98031,41.43375],[1.98232,41.43419],[1.98248,41.43465],[1.98345,41.43465],[1.98376,41.43458],[1.98416,41.4344],[1.9846,41.43427],[1.98681,41.43484],[1.9869,41.43562],[1.98591,41.43691],[1.99041,41.43962]]]},"properties":{"codi_ine":"08072","nom":"Corbera de Llobregat","comarca":"Baix Llobregat"}},
{"type":"Feature","geometry":{"type":"Polygon","coordinates":[[[2.08678,41.36678],[2.08639,41.36662],[2.08538,41.36595],[2.08355,41.36592],[2.08153,41.36786],[2.08049,41.36726],[2.07905,41.36984],[2.07903,41.36981],[2.07799,41.36914],[2.07716,41.36864],[2.07539,41.36761],[2.07342,41.36649],[2.07256,41.36596],[2.07129,41.36554],[2.0681,41.36426],[2.06686,41.36354],[2.06617,41.36311],[2.06553,41.36274],[2.0652,41.36257],[2.06432,41.36299],[2.06345,41.36343],[2.06316,41.36368],[2.06265,41.3641],[2.06211,41.36448],[2.06113,41.36488],[2.05879,41.36349],[2.05914,41.36314],[2.05963,41.36268],[2.06009,41.36223],[2.05829,41.36102],[2.05893,41.35959],[2.05911,41.35926],[2.05486,41.35636],[2.05667,41.3549],[2.05761,41.35417],[2.05754,41.35411],[2.05716,41.35382],[2.05615,41.35308],[2.05464,41.35198],[2.0544,41.35177],[2.05384,41.35123],[2.05017,41.34751],[2.05074,41.34763],[2.05137,41.34775],[2.05216,41.34788],[2.05316,41.34802],[2.05447,41.34818],[2.05588,41.34825],[2.05693,41.34824],[2.05797,41.34817],[2.05893,41.34805],[2.06004,41.34787],[2.06115,41.34766],[2.0624,41.34729],[2.06363,41.34687],[2.06746,41.34522],[2.06877,41.34465],[2.06943,41.34426],[2.07006,41.34398],[2.07033,41.34392],[2.07056,41.34396],[2.07124,41.34417],[2.07174,41.34439],[2.07202,41.34475],[2.07217,41.34494],[2.07227,41.34517],[2.07217,41.34597],[2.07223,41.34635],[2.07231,41.34662],[2.07258,41.34708],[2.07273,41.34728],[2.073,41.3475],[2.07343,41.34767],[2.07388,41.34774],[2.07441,41.34773],[2.07477,41.34769],[2.07524,41.3476],[2.07572,41.34749],[2.0766,41.3472],[2.07704,41.34704],[2.07759,41.34682],[2.07819,41.34665],[2.07893,41.34645],[2.07958,41.34629],[2.08028,41.34633],[2.08094,41.3464],[2.08123,41.34651],[2.08159,41.34662],[2.08196,41.34671],[2.08245,41.34677],[2.08272,41.34672],[2.08296,41.34666],[2.08332,41.34656],[2.08351,41.34648],[2.08379,41.34631],[2.08407,41.34608],[2.08515,41.34491],[2.08612,41.34393],[2.08706,41.34316],[2.08816,41.34234],[2.08952,41.3413],[2.08972,41.34153],[2.08998,41.34186],[2.0904,41.34243],[2.09061,41.34274],[2.09083,41.34309],[2.091,41.34339],[2.09118,41.34372],[2.09138,41.34413],[2.09157,41.34458],[2.09172,41.34497],[2.09182,41.34526],[2.09198,41.34579],[2.09212,41.34642],[2.09221,41.34694],[2.09226,41.34733],[2.09229,41.34774],[2.0923,41.34807],[2.09331,41.34865],[2.09479,41.34949],[2.09545,41.34985],[2.09724,41.35076],[2.09757,41.35091],[2.09988,41.35192],[2.09849,41.35398],[2.09755,41.35538],[2.09717,41.35586],[2.09663,41.35669],[2.09552,41.35844],[2.09586,41.35856],[2.0956,41.35904],[2.09544,41.35903],[2.09514,41.35895],[2.09359,41.35852],[2.09317,41.35922],[2.09313,41.35927],[2.09146,41.36092],[2.09045,41.36158],[2.08918,41.36301],[2.08936,41.36361],[2.08801,41.36405],[2.08744,41.36421],[2.08728,41.36431],[2.08705,41.36453],[2.08698,41.36476],[2.0868,41.3662],[2.08678,41.36678]]]},"properties":{"codi_ine":"08073","nom":"Cornellà de Llobregat","comarca":"Baix Llobregat"}},
{"type":"Feature","geometry":{"type":"Polygon","coordinates":[[[2.4976,41.6059],[2.49741,41.60599],[2.4972,41.6061],[2.49703,41.60633],[2.49659,41.60718],[2.49673,41.60755],[2.49697,41.60771],[2.49725,41.60797],[2.49732,41.60806],[2.49733,41.60832],[2.49727,41.6086],[2.49721,41.60874],[2.49607,41.6094],[2.49538,41.60972],[2.49459,41.61002],[2.49441,41.61007],[2.49412,41.61007],[2.49415,41.6106],[2.49491,41.61138],[2.49564,41.61168],[2.49571,41.61172],[2.49576,41.6118],[2.49582,41.61201],[2.49595,41.61326],[2.49566,41.6143],[2.49544,41.61497],[2.49542,41.61509],[2.49545,41.61513],[2.49578,41.61536],[2.49594,41.61544],[2.49609,41.61549],[2.4962,41.61635],[2.49569,41.61725],[2.49574,41.61799],[2.4956,41.61861],[2.49515,41.61942],[2.49529,41.6204],[2.49554,41.62095],[2.49606,41.6219],[2.49616,41.62199],[2.49694,41.62279],[2.49721,41.62331],[2.49717,41.62341],[2.49682,41.62374],[2.49667,41.62385],[2.49612,41.62422],[2.49601,41.62428],[2.49489,41.62468],[2.49457,41.6247],[2.49393,41.62445],[2.4934,41.62424],[2.49323,41.62413],[2.49313,41.62409],[2.49289,41.62407],[2.49263,41.62408],[2.49172,41.62434],[2.49094,41.62463],[2.48956,41.62519],[2.4884,41.62591],[2.48681,41.62645],[2.48597,41.62656],[2.48522,41.62686],[2.48523,41.62733],[2.48488,41.62819],[2.48468,41.62841],[2.48433,41.62882],[2.48428,41.62889],[2.48402,41.62961],[2.48402,41.62971],[2.48408,41.62993],[2.48415,41.63007],[2.4843,41.63027],[2.48451,41.63041],[2.4852,41.63097],[2.48518,41.63098],[2.4844,41.63116],[2.48349,41.63113],[2.48305,41.6308],[2.48305,41.63058],[2.48301,41.63046],[2.48295,41.63035],[2.48265,41.63003],[2.48198,41.62953],[2.48175,41.62941],[2.48145,41.62932],[2.48124,41.62928],[2.4809,41.62926],[2.48028,41.62922],[2.47952,41.62919],[2.47858,41.63034],[2.47824,41.63076],[2.47778,41.63129],[2.47728,41.63098],[2.4769,41.63086],[2.47643,41.63076],[2.47598,41.63074],[2.47559,41.63074],[2.47516,41.63076],[2.47446,41.63086],[2.47386,41.631],[2.4733,41.63106],[2.47298,41.63045],[2.47288,41.63033],[2.47278,41.63024],[2.47218,41.63],[2.47168,41.62982],[2.47132,41.62974],[2.47088,41.62972],[2.47063,41.62972],[2.46905,41.62992],[2.4678,41.63009],[2.46554,41.63049],[2.46381,41.63058],[2.46225,41.62988],[2.46093,41.62955],[2.46072,41.62951],[2.46051,41.62946],[2.45994,41.62924],[2.45972,41.62911],[2.459,41.62852],[2.45887,41.62844],[2.45861,41.62839],[2.45796,41.62841],[2.45717,41.62846],[2.45678,41.62851],[2.45678,41.62864],[2.45682,41.62875],[2.45704,41.62906],[2.45717,41.62928],[2.4572,41.62938],[2.45719,41.62953],[2.45667,41.63008],[2.45613,41.63059],[2.45591,41.63069],[2.45562,41.63123],[2.45526,41.6309],[2.45403,41.62964],[2.45376,41.62925],[2.45327,41.62841],[2.45308,41.62805],[2.45278,41.62705],[2.45208,41.62605],[2.45143,41.62609],[2.45116,41.62612],[2.45105,41.62615],[2.4505,41.62635],[2.44831,41.62744],[2.44806,41.62759],[2.44858,41.62814],[2.44798,41.6287],[2.44757,41.62907],[2.44757,41.62925],[2.44783,41.63031],[2.44793,41.63048],[2.44798,41.6306],[2.44617,41.63031],[2.44582,41.63023],[2.44518,41.62978],[2.44426,41.63019],[2.44236,41.63092],[2.44065,41.63066],[2.44001,41.63039],[2.43879,41.6296],[2.43782,41.62859],[2.43708,41.62836],[2.43634,41.62829],[2.43581,41.62846],[2.43558,41.62859],[2.43433,41.62962],[2.43391,41.63044],[2.43192,41.63089],[2.43108,41.62965],[2.43045,41.62996],[2.43035,41.63034],[2.43012,41.63077],[2.43005,41.63083],[2.42994,41.63088],[2.42923,41.63103],[2.42911,41.63095],[2.42892,41.63024],[2.42876,41.62943],[2.42766,41.62982],[2.42617,41.63008],[2.42606,41.63005],[2.42523,41.62999],[2.42448,41.62999],[2.42373,41.63018],[2.42282,41.63041],[2.42165,41.63066],[2.42163,41.63063],[2.42134,41.62986],[2.42079,41.62811],[2.4204,41.62659],[2.42027,41.62587],[2.42034,41.62567],[2.42034,41.62559],[2.41971,41.62557],[2.41951,41.62558],[2.41937,41.62565],[2.41917,41.62581],[2.41876,41.62628],[2.41856,41.62673],[2.4185,41.62682],[2.41839,41.62692],[2.41816,41.62705],[2.41799,41.62711],[2.41767,41.62716],[2.41733,41.62716],[2.41719,41.62707],[2.41715,41.62697],[2.41718,41.62685],[2.41719,41.62658],[2.41709,41.62647],[2.41614,41.62618],[2.4155,41.62621],[2.41538,41.6262],[2.41523,41.62616],[2.41508,41.62601],[2.41495,41.6256],[2.41493,41.62527],[2.41472,41.62486],[2.41396,41.62386],[2.41374,41.62364],[2.41339,41.62338],[2.41273,41.62301],[2.41169,41.62239],[2.41089,41.62183],[2.4103,41.62138],[2.40895,41.61954],[2.4085,41.61857],[2.40771,41.61773],[2.40685,41.61681],[2.40661,41.61667],[2.40642,41.61652],[2.40626,41.61636],[2.40615,41.61621],[2.40585,41.61578],[2.40566,41.61545],[2.4054,41.61489],[2.4054,41.61477],[2.40545,41.61466],[2.40488,41.61391],[2.40352,41.61316],[2.40338,41.61307],[2.4031,41.61283],[2.40298,41.61263],[2.40284,41.61214],[2.40283,41.61199],[2.40291,41.61174],[2.40291,41.61167],[2.40285,41.61156],[2.40272,41.61144],[2.4012,41.61091],[2.40112,41.6099],[2.40114,41.60896],[2.40118,41.60854],[2.40121,41.60792],[2.40116,41.60778],[2.40107,41.6077],[2.39943,41.60837],[2.39907,41.60825],[2.39417,41.60855],[2.3941,41.60839],[2.39409,41.60824],[2.39403,41.608],[2.39381,41.60745],[2.39346,41.60679],[2.39337,41.60663],[2.39314,41.60634],[2.39286,41.60631],[2.39082,41.60543],[2.39085,41.60531],[2.39086,41.60471],[2.39081,41.60457],[2.39069,41.60444],[2.39035,41.60431],[2.39018,41.60431],[2.38972,41.60403],[2.38957,41.60347],[2.38962,41.60292],[2.3896,41.60278],[2.38929,41.60221],[2.38901,41.60181],[2.3884,41.60146],[2.38765,41.60105],[2.38693,41.60029],[2.38614,41.59953],[2.38507,41.6001],[2.38468,41.6],[2.38425,41.59973],[2.38253,41.59994],[2.38329,41.59899],[2.3829,41.59707],[2.38277,41.59676],[2.38233,41.59604],[2.38221,41.59589],[2.38042,41.59476],[2.3751,41.59512],[2.37839,41.59357],[2.38056,41.59431],[2.38091,41.59387],[2.38122,41.59347],[2.38139,41.59321],[2.38146,41.59306],[2.38664,41.59296],[2.38696,41.5927],[2.38702,41.5925],[2.38706,41.59208],[2.38717,41.59146],[2.38732,41.59102],[2.38769,41.59072],[2.38822,41.59038],[2.38832,41.59028],[2.38834,41.59023],[2.3884,41.58934],[2.38831,41.58893],[2.38824,41.5887],[2.38807,41.58828],[2.38798,41.5881],[2.38782,41.58788],[2.38769,41.58767],[2.3876,41.5874],[2.38757,41.58711],[2.38765,41.58687],[2.38788,41.58647],[2.38802,41.58632],[2.38827,41.58566],[2.38866,41.58445],[2.38866,41.58398],[2.38874,41.58374],[2.38884,41.58362],[2.39034,41.58238],[2.39085,41.58174],[2.39087,41.58161],[2.39109,41.58112],[2.39118,41.58096],[2.39166,41.58023],[2.39173,41.58015],[2.39185,41.58009],[2.39213,41.58],[2.39248,41.57993],[2.39265,41.57997],[2.39413,41.57915],[2.39428,41.579],[2.39477,41.57809],[2.39485,41.57797],[2.39503,41.57779],[2.39955,41.57557],[2.40566,41.57943],[2.40658,41.57929],[2.40794,41.5789],[2.40874,41.57867],[2.40942,41.57855],[2.41014,41.57845],[2.41095,41.57838],[2.41118,41.57838],[2.41154,41.57836],[2.4118,41.57829],[2.41252,41.57788],[2.41268,41.57771],[2.4139,41.57708],[2.41535,41.57683],[2.41636,41.57694],[2.42019,41.57658],[2.42685,41.57838],[2.43157,41.57835],[2.43335,41.5782],[2.43366,41.57817],[2.43537,41.57796],[2.43625,41.5778],[2.43645,41.57772],[2.43704,41.57781],[2.44048,41.57866],[2.4435,41.57953],[2.44761,41.58051],[2.44924,41.58056],[2.45631,41.58011],[2.46058,41.58348],[2.46399,41.58702],[2.46421,41.58743],[2.46429,41.58768],[2.46446,41.58781],[2.46463,41.58792],[2.46474,41.58796],[2.46533,41.5881],[2.46569,41.5881],[2.46614,41.58797],[2.46642,41.58796],[2.46658,41.58797],[2.46679,41.58803],[2.46734,41.58825],[2.46884,41.58913],[2.47106,41.59071],[2.47208,41.59171],[2.47362,41.59285],[2.47486,41.59362],[2.4763,41.59464],[2.4768,41.59543],[2.477,41.59594],[2.47704,41.5961],[2.4771,41.59664],[2.47677,41.59744],[2.47672,41.59793],[2.47673,41.59807],[2.47705,41.59908],[2.47716,41.5993],[2.47741,41.59939],[2.47784,41.59952],[2.47811,41.59957],[2.47969,41.60025],[2.48161,41.60116],[2.48349,41.60212],[2.48394,41.60229],[2.48415,41.60233],[2.48897,41.60266],[2.48971,41.60323],[2.48979,41.60344],[2.48985,41.60369],[2.48991,41.60377],[2.49005,41.60379],[2.49104,41.60386],[2.49163,41.60386],[2.49218,41.60383],[2.49438,41.60407],[2.49536,41.60411],[2.49634,41.60413],[2.4976,41.6059]]]},"properties":{"codi_ine":"08075","nom":"Dosrius","comarca":"Maresme"}},
{"type":"Feature","geometry":{"type":"Polygon","coordinates":[[[1.88444,41.57907],[1.89117,41.58069],[1.89089,41.58123],[1.89053,41.58167],[1.89034,41.58188],[1.88998,41.58207],[1.88962,41.58231],[1.88927,41.58285],[1.88926,41.58307],[1.88926,41.5833],[1.88905,41.58354],[1.8887,41.58383],[1.88841,41.58399],[1.8864,41.58489],[1.88616,41.58494],[1.88576,41.58498],[1.88548,41.585],[1.88441,41.58513],[1.88361,41.5853],[1.8825,41.58564],[1.88225,41.58567],[1.88193,41.58565],[1.88143,41.58553],[1.88101,41.5854],[1.88049,41.58648],[1.88047,41.58681],[1.88041,41.58727],[1.87999,41.58816],[1.87912,41.58936],[1.87888,41.58949],[1.87878,41.58953],[1.87779,41.58971],[1.87737,41.58978],[1.87689,41.58984],[1.87664,41.58987],[1.87558,41.58988],[1.87532,41.58987],[1.87495,41.58976],[1.87299,41.58962],[1.87271,41.5896],[1.8713,41.58941],[1.87078,41.58928],[1.8705,41.58918],[1.87027,41.58902],[1.87005,41.58884],[1.86985,41.58865],[1.8698,41.58856],[1.86973,41.58825],[1.86965,41.5882],[1.8686,41.58857],[1.86807,41.58921],[1.86793,41.58963],[1.86804,41.58978],[1.86824,41.58987],[1.86796,41.59039],[1.86769,41.59075],[1.86737,41.59101],[1.86724,41.59109],[1.86701,41.59117],[1.86683,41.5912],[1.86557,41.59138],[1.86413,41.59191],[1.86331,41.59228],[1.85182,41.59091],[1.85192,41.59069],[1.85205,41.59045],[1.85216,41.59031],[1.85335,41.58929],[1.85365,41.58902],[1.85393,41.58874],[1.85412,41.58851],[1.85468,41.58771],[1.85505,41.58712],[1.85544,41.58617],[1.85553,41.58561],[1.85549,41.58536],[1.85563,41.58473],[1.85568,41.5846],[1.85579,41.58445],[1.85591,41.58433],[1.85617,41.58412],[1.85729,41.58334],[1.85824,41.58272],[1.8592,41.58221],[1.86003,41.58171],[1.86021,41.58157],[1.86049,41.58132],[1.86079,41.58099],[1.86086,41.58088],[1.86102,41.58049],[1.86105,41.58023],[1.86107,41.57994],[1.86105,41.57953],[1.86102,41.57922],[1.86094,41.57891],[1.8607,41.57798],[1.86044,41.57708],[1.86032,41.57671],[1.86028,41.57623],[1.86031,41.57562],[1.86034,41.57537],[1.8604,41.57512],[1.86045,41.57495],[1.86067,41.57437],[1.86079,41.57418],[1.86059,41.57396],[1.86007,41.57351],[1.85971,41.57329],[1.85893,41.57298],[1.8587,41.57291],[1.85858,41.57289],[1.85807,41.57286],[1.85777,41.57287],[1.85655,41.57274],[1.8554,41.57235],[1.85443,41.57194],[1.85355,41.5714],[1.85323,41.57106],[1.8531,41.57087],[1.85277,41.57071],[1.8522,41.5706],[1.85099,41.57048],[1.85058,41.57042],[1.85038,41.57034],[1.85002,41.57007],[1.84983,41.56989],[1.8473,41.56943],[1.84684,41.56944],[1.84604,41.56903],[1.84536,41.56845],[1.84499,41.56799],[1.84482,41.56771],[1.84436,41.56709],[1.84345,41.56608],[1.84319,41.56583],[1.84225,41.56494],[1.84209,41.5649],[1.84199,41.56484],[1.84167,41.5646],[1.84092,41.56349],[1.83948,41.56032],[1.83942,41.5593],[1.83462,41.55221],[1.83147,41.54857],[1.83326,41.54597],[1.8295,41.54458],[1.83008,41.54295],[1.82668,41.53905],[1.8289,41.53481],[1.82923,41.53467],[1.8295,41.53452],[1.82965,41.53443],[1.83001,41.53413],[1.83006,41.53407],[1.83023,41.53375],[1.83025,41.53355],[1.83033,41.53332],[1.83049,41.53306],[1.83063,41.53286],[1.83123,41.53231],[1.83176,41.532],[1.833,41.53163],[1.8336,41.5311],[1.83421,41.53035],[1.8345,41.53009],[1.83484,41.52991],[1.83666,41.52944],[1.83763,41.52891],[1.83801,41.52835],[1.83807,41.52823],[1.83811,41.52804],[1.83811,41.52778],[1.8382,41.52742],[1.83831,41.52722],[1.83854,41.52684],[1.83866,41.52668],[1.83893,41.52642],[1.84066,41.52509],[1.84151,41.52455],[1.84185,41.52371],[1.84198,41.5236],[1.84257,41.52338],[1.84283,41.52332],[1.84306,41.52329],[1.84346,41.5233],[1.84395,41.52337],[1.84496,41.52328],[1.84519,41.52325],[1.84591,41.52309],[1.84615,41.52298],[1.84633,41.52285],[1.84643,41.52268],[1.84645,41.52248],[1.84738,41.52186],[1.84898,41.52121],[1.84961,41.52117],[1.85134,41.52084],[1.8528,41.52077],[1.85352,41.51994],[1.85522,41.51748],[1.85505,41.51678],[1.85504,41.5165],[1.85517,41.51588],[1.85531,41.51575],[1.85546,41.51566],[1.85571,41.51557],[1.8559,41.51557],[1.856,41.51559],[1.85656,41.5158],[1.85685,41.51595],[1.85706,41.5161],[1.85714,41.51619],[1.85724,41.51634],[1.85727,41.51645],[1.85726,41.51658],[1.85722,41.51679],[1.85716,41.51697],[1.85716,41.51715],[1.85722,41.51744],[1.85727,41.51753],[1.85747,41.5177],[1.85769,41.51782],[1.858,41.51787],[1.85816,41.51785],[1.85843,41.51775],[1.8586,41.51763],[1.85877,41.51746],[1.85895,41.51723],[1.85905,41.51705],[1.85915,41.51667],[1.85921,41.51626],[1.8593,41.51592],[1.85939,41.51571],[1.85949,41.51553],[1.85965,41.51526],[1.85987,41.51505],[1.85998,41.51501],[1.86017,41.515],[1.86032,41.51504],[1.8604,41.51508],[1.86051,41.51522],[1.86062,41.5155],[1.86078,41.5159],[1.86087,41.51617],[1.86103,41.51647],[1.86122,41.51664],[1.86162,41.51684],[1.8618,41.5169],[1.86222,41.51702],[1.86233,41.51703],[1.86246,41.51701],[1.86258,41.51691],[1.86271,41.51685],[1.86287,41.51684],[1.86365,41.51684],[1.86396,41.5169],[1.86415,41.51702],[1.86427,41.51714],[1.86436,41.51725],[1.86438,41.51735],[1.86429,41.5175],[1.86411,41.51757],[1.86379,41.51758],[1.86364,41.5176],[1.86351,41.51765],[1.86339,41.51774],[1.86338,41.51785],[1.86344,41.51795],[1.8637,41.51831],[1.8638,41.51842],[1.86406,41.51862],[1.86445,41.51881],[1.86472,41.51891],[1.865,41.519],[1.8655,41.51908],[1.86615,41.51914],[1.86641,41.51917],[1.86672,41.51924],[1.86701,41.51936],[1.86714,41.5195],[1.86717,41.51966],[1.86714,41.51979],[1.86703,41.51989],[1.86688,41.51992],[1.8665,41.51995],[1.86642,41.51998],[1.86628,41.52013],[1.86621,41.52032],[1.8662,41.52052],[1.86625,41.52062],[1.86636,41.52078],[1.86673,41.52117],[1.86688,41.52129],[1.86738,41.52165],[1.86818,41.52216],[1.86847,41.5223],[1.86953,41.52271],[1.86993,41.5229],[1.87023,41.52306],[1.87047,41.52324],[1.87062,41.52345],[1.87068,41.52358],[1.8707,41.52379],[1.87338,41.52478],[1.87346,41.52481],[1.87364,41.52483],[1.87384,41.5248],[1.87441,41.52469],[1.87458,41.52463],[1.87482,41.52452],[1.87515,41.52433],[1.87538,41.52415],[1.8756,41.52397],[1.87576,41.52379],[1.87593,41.52353],[1.8763,41.52294],[1.87649,41.52273],[1.87672,41.52258],[1.87689,41.52251],[1.87708,41.52247],[1.87731,41.52246],[1.87756,41.52249],[1.87819,41.52261],[1.87862,41.5227],[1.88089,41.52302],[1.88182,41.52311],[1.88229,41.52316],[1.88253,41.5232],[1.88306,41.52335],[1.88328,41.52346],[1.88347,41.52357],[1.88404,41.52397],[1.88424,41.52415],[1.88456,41.52456],[1.88586,41.52471],[1.88643,41.52454],[1.88666,41.52448],[1.88715,41.52438],[1.88803,41.52423],[1.88971,41.52399],[1.8909,41.52389],[1.89124,41.52387],[1.89158,41.52389],[1.89196,41.52396],[1.89239,41.52405],[1.89281,41.52415],[1.89567,41.52488],[1.89599,41.52497],[1.8966,41.52517],[1.89696,41.52534],[1.8971,41.52544],[1.89723,41.52556],[1.89741,41.52582],[1.89746,41.52602],[1.89747,41.52611],[1.8974,41.5264],[1.8974,41.52654],[1.89742,41.52668],[1.89747,41.52679],[1.89763,41.52693],[1.89777,41.52697],[1.89791,41.52698],[1.89811,41.52695],[1.89887,41.52669],[1.89915,41.52662],[1.8995,41.52657],[1.89988,41.52653],[1.90019,41.52653],[1.90051,41.52657],[1.90077,41.52667],[1.90106,41.52687],[1.90116,41.52703],[1.90121,41.52715],[1.90131,41.52728],[1.90175,41.52764],[1.90205,41.52783],[1.90316,41.5285],[1.90352,41.52869],[1.90403,41.5289],[1.9043,41.52898],[1.90466,41.52907],[1.90519,41.52918],[1.90589,41.5293],[1.90842,41.52979],[1.90902,41.52993],[1.90931,41.52998],[1.9099,41.53003],[1.9106,41.53004],[1.91103,41.53001],[1.91151,41.53033],[1.91144,41.53079],[1.91142,41.53102],[1.91171,41.53286],[1.91165,41.53307],[1.91153,41.53335],[1.91139,41.53358],[1.91126,41.53371],[1.91094,41.53396],[1.9106,41.53418],[1.90964,41.53469],[1.90949,41.53473],[1.90933,41.53475],[1.90905,41.53476],[1.90879,41.53475],[1.90802,41.53457],[1.90754,41.53442],[1.90677,41.53413],[1.90661,41.53406],[1.90648,41.53397],[1.90489,41.53407],[1.90424,41.5343],[1.90397,41.53438],[1.9036,41.53443],[1.90104,41.53463],[1.89902,41.53476],[1.89862,41.53475],[1.89673,41.53464],[1.89652,41.53461],[1.89641,41.53458],[1.89586,41.53434],[1.89568,41.53425],[1.89533,41.53404],[1.89496,41.53374],[1.89466,41.53329],[1.89459,41.53313],[1.89456,41.53286],[1.89449,41.53275],[1.89439,41.53267],[1.89429,41.53263],[1.89393,41.53261],[1.89379,41.53263],[1.89327,41.53275],[1.8929,41.53286],[1.89255,41.53301],[1.89224,41.53316],[1.89193,41.53335],[1.89177,41.53347],[1.89164,41.53362],[1.89142,41.53393],[1.89129,41.53417],[1.89115,41.53435],[1.89097,41.53452],[1.89069,41.53475],[1.8902,41.53514],[1.88974,41.53547],[1.88919,41.53582],[1.88873,41.53611],[1.88815,41.53656],[1.8866,41.53797],[1.8863,41.53827],[1.88602,41.53863],[1.88528,41.53962],[1.88476,41.54032],[1.88417,41.54092],[1.88376,41.54125],[1.88339,41.5415],[1.88303,41.54172],[1.88246,41.54201],[1.88223,41.54209],[1.88154,41.54224],[1.88093,41.54236],[1.88011,41.54245],[1.87938,41.54252],[1.87897,41.54255],[1.87723,41.54287],[1.87497,41.54342],[1.87433,41.54334],[1.87366,41.54329],[1.87343,41.54331],[1.87312,41.54341],[1.87293,41.54354],[1.87276,41.54381],[1.87273,41.54396],[1.8726,41.54577],[1.87265,41.54588],[1.87278,41.54607],[1.87291,41.5462],[1.87311,41.54634],[1.87341,41.54648],[1.87367,41.54657],[1.87394,41.54663],[1.87419,41.54669],[1.87437,41.54676],[1.87445,41.54684],[1.87461,41.54713],[1.87473,41.54748],[1.87492,41.54934],[1.87493,41.54962],[1.87484,41.55013],[1.87468,41.55083],[1.8746,41.55107],[1.87477,41.55237],[1.87511,41.55358],[1.87533,41.55436],[1.87553,41.55476],[1.87571,41.55505],[1.87655,41.55598],[1.87678,41.55616],[1.87709,41.55631],[1.87732,41.55639],[1.87755,41.55645],[1.87845,41.55655],[1.87867,41.5566],[1.87879,41.55665],[1.87913,41.55681],[1.87934,41.55697],[1.87949,41.55717],[1.87955,41.55741],[1.87956,41.55762],[1.87952,41.55788],[1.87944,41.55842],[1.8791,41.55926],[1.87888,41.55959],[1.87883,41.55979],[1.87882,41.5599],[1.87893,41.56015],[1.87911,41.56036],[1.87933,41.56053],[1.87951,41.56062],[1.87977,41.56069],[1.88007,41.56081],[1.88036,41.56097],[1.88056,41.56109],[1.88068,41.56119],[1.88082,41.5614],[1.88103,41.56186],[1.88116,41.56222],[1.88117,41.56236],[1.88103,41.56339],[1.88092,41.56367],[1.88058,41.5645],[1.88031,41.56501],[1.88014,41.56529],[1.87997,41.56561],[1.87988,41.56584],[1.87976,41.56624],[1.87974,41.56637],[1.87973,41.56664],[1.87976,41.56704],[1.87923,41.56821],[1.879,41.56843],[1.8786,41.56882],[1.8784,41.56902],[1.87867,41.56927],[1.87878,41.56933],[1.87959,41.56969],[1.8817,41.57152],[1.88164,41.57282],[1.88219,41.57379],[1.88238,41.57402],[1.88264,41.57446],[1.88299,41.57542],[1.88301,41.57583],[1.88298,41.57601],[1.88283,41.57606],[1.88275,41.57614],[1.88257,41.57636],[1.88244,41.57664],[1.8824,41.57681],[1.88242,41.57688],[1.88356,41.57842],[1.88373,41.57862],[1.884,41.57886],[1.88435,41.57904],[1.88444,41.57907]]]},"properties":{"codi_ine":"08076","nom":"Esparreguera","comarca":"Baix Llobregat"}},
{"type":"Feature","geometry":{"type":"Polygon","coordinates":[[[2.09779,41.39396],[2.09695,41.39435],[2.09677,41.39436],[2.09408,41.39398],[2.09388,41.39394],[2.09359,41.39375],[2.09245,41.39284],[2.09212,41.39253],[2.09067,41.39097],[2.09,41.39021],[2.08852,41.38978],[2.08824,41.38981],[2.08718,41.38965],[2.08647,41.38938],[2.08548,41.38887],[2.08419,41.38774],[2.08392,41.38698],[2.08373,41.38571],[2.08373,41.38531],[2.08365,41.38487],[2.08333,41.38389],[2.08287,41.38281],[2.08202,41.38295],[2.08191,41.38207],[2.08189,41.38175],[2.08107,41.38132],[2.08027,41.38091],[2.08029,41.3806],[2.08066,41.37921],[2.08076,41.3789],[2.08066,41.37831],[2.08024,41.37769],[2.07955,41.37711],[2.07746,41.3759],[2.0766,41.37556],[2.0764,41.37542],[2.0762,41.37515],[2.07584,41.37421],[2.07576,41.37404],[2.07565,41.37387],[2.07523,41.3734],[2.07556,41.37314],[2.07836,41.37104],[2.07905,41.36984],[2.08049,41.36726],[2.08153,41.36786],[2.08355,41.36592],[2.08538,41.36595],[2.08639,41.36662],[2.08678,41.36678],[2.08786,41.36903],[2.09129,41.36911],[2.09178,41.36895],[2.0918,41.36881],[2.09192,41.36858],[2.09202,41.36844],[2.09243,41.368],[2.09398,41.36712],[2.09928,41.36866],[2.09873,41.37023],[2.10129,41.37396],[2.10128,41.37417],[2.10123,41.37457],[2.10026,41.37642],[2.10034,41.37655],[2.10212,41.37772],[2.10332,41.37898],[2.10283,41.38058],[2.10259,41.38069],[2.10241,41.38084],[2.10203,41.38122],[2.10188,41.38148],[2.10176,41.38173],[2.10124,41.38293],[2.10211,41.38757],[2.10188,41.38765],[2.10159,41.38779],[2.10117,41.38801],[2.10071,41.38826],[2.10059,41.38841],[2.10031,41.38895],[2.10021,41.3893],[2.09998,41.39027],[2.09986,41.39079],[2.09983,41.39098],[2.09978,41.39146],[2.09978,41.39165],[2.0998,41.39182],[2.0998,41.392],[2.09972,41.39211],[2.09923,41.3927],[2.09913,41.39281],[2.09891,41.39297],[2.09866,41.39303],[2.09797,41.39336],[2.09779,41.39396]]]},"properties":{"codi_ine":"08077","nom":"Esplugues de Llobregat","comarca":"Baix Llobregat"}},
{"type":"Feature","geometry":{"type":"Polygon","coordinates":[[[2.35024,41.67414],[2.3501,41.67421],[2.34976,41.67442],[2.34928,41.67474],[2.34934,41.67482],[2.34936,41.67493],[2.34871,41.67511],[2.3473,41.67543],[2.34679,41.67556],[2.34574,41.67607],[2.34472,41.67692],[2.34506,41.67736],[2.34521,41.67753],[2.34514,41.67818],[2.34378,41.68215],[2.33977,41.68428],[2.33624,41.68491],[2.33181,41.6862],[2.32988,41.68481],[2.32846,41.68352],[2.32753,41.68255],[2.32631,41.6814],[2.32599,41.68121],[2.32576,41.68104],[2.32516,41.68045],[2.32566,41.67967],[2.32519,41.67895],[2.32356,41.67848],[2.32309,41.67834],[2.3186,41.67438],[2.31848,41.67423],[2.31791,41.67343],[2.31725,41.67255],[2.3169,41.67211],[2.31643,41.67157],[2.31209,41.67389],[2.31116,41.67429],[2.3096,41.67302],[2.30722,41.67233],[2.30378,41.67243],[2.30099,41.67098],[2.29767,41.66911],[2.29401,41.66643],[2.28955,41.66326],[2.28712,41.6591],[2.28669,41.65908],[2.28637,41.6591],[2.28585,41.65908],[2.28519,41.65902],[2.28422,41.6589],[2.28406,41.65884],[2.2838,41.6587],[2.28355,41.65851],[2.28331,41.65844],[2.28207,41.65818],[2.28113,41.65802],[2.2776,41.65746],[2.27723,41.6574],[2.27688,41.65257],[2.27701,41.6497],[2.27682,41.64788],[2.2774,41.64667],[2.27687,41.64447],[2.27441,41.64412],[2.27432,41.64409],[2.27832,41.64],[2.27747,41.63536],[2.28635,41.63291],[2.28855,41.6328],[2.28856,41.63243],[2.28853,41.63213],[2.28851,41.63198],[2.28833,41.63125],[2.28824,41.63032],[2.28825,41.62995],[2.28829,41.62981],[2.2883,41.62918],[2.28828,41.6286],[2.28827,41.6285],[2.28816,41.62817],[2.28798,41.62777],[2.28755,41.62636],[2.28718,41.62465],[2.28702,41.6239],[2.28692,41.62331],[2.28692,41.62323],[2.28674,41.62226],[2.28655,41.62167],[2.28769,41.62217],[2.28823,41.62246],[2.28851,41.62259],[2.28864,41.6226],[2.28887,41.62258],[2.28961,41.62241],[2.28983,41.62236],[2.29026,41.62219],[2.2905,41.62209],[2.29103,41.6218],[2.2913,41.62167],[2.29146,41.62162],[2.29161,41.6216],[2.29185,41.6216],[2.29204,41.62162],[2.29231,41.62172],[2.2925,41.62181],[2.293,41.62208],[2.2942,41.62228],[2.29575,41.62192],[2.29475,41.62047],[2.29411,41.61939],[2.29356,41.61844],[2.29352,41.61834],[2.29322,41.61741],[2.293,41.61669],[2.30074,41.61493],[2.30247,41.61418],[2.30252,41.61348],[2.30387,41.61039],[2.30303,41.60741],[2.31001,41.60789],[2.31179,41.60981],[2.31922,41.61244],[2.31721,41.61813],[2.32293,41.62544],[2.3249,41.62857],[2.3266,41.63246],[2.33044,41.63546],[2.33248,41.63608],[2.33239,41.63683],[2.33232,41.63722],[2.33245,41.63748],[2.33316,41.63845],[2.33322,41.63848],[2.33366,41.63972],[2.33387,41.64063],[2.33477,41.64287],[2.33488,41.64303],[2.33495,41.64318],[2.33547,41.64446],[2.33558,41.64476],[2.33578,41.64543],[2.33583,41.64572],[2.33586,41.64603],[2.33592,41.64663],[2.33596,41.64683],[2.33608,41.64712],[2.33638,41.64765],[2.33647,41.64778],[2.33661,41.6479],[2.33679,41.64795],[2.33744,41.64797],[2.33791,41.64798],[2.33822,41.64805],[2.33831,41.64812],[2.33851,41.64847],[2.33858,41.64863],[2.33861,41.64891],[2.33865,41.65021],[2.33863,41.65111],[2.33868,41.65211],[2.33874,41.65316],[2.33899,41.65443],[2.33931,41.65572],[2.33941,41.65603],[2.33949,41.65627],[2.34035,41.65855],[2.34507,41.65845],[2.34801,41.65722],[2.34783,41.66117],[2.34914,41.66432],[2.34896,41.66466],[2.34869,41.66516],[2.34857,41.66546],[2.34851,41.66566],[2.34847,41.66601],[2.34851,41.66664],[2.34849,41.66682],[2.34835,41.66728],[2.3482,41.6677],[2.34799,41.66823],[2.34767,41.66892],[2.34748,41.66925],[2.34733,41.66966],[2.34832,41.67146],[2.34864,41.67373],[2.35024,41.67414]]]},"properties":{"codi_ine":"08086","nom":"les Franqueses del Vallès","comarca":"Vallès Oriental"}},
{"type":"Feature","geometry":{"type":"Polygon","coordinates":[[[2.13305,41.71559],[2.12492,41.71248],[2.11704,41.71458],[2.11413,41.71557],[2.11034,41.71742],[2.11011,41.71767],[2.10962,41.71791],[2.10908,41.718],[2.10809,41.7179],[2.10784,41.71783],[2.10775,41.71774],[2.10759,41.71748],[2.10737,41.71732],[2.10711,41.71719],[2.10665,41.71708],[2.10552,41.71687],[2.10394,41.7168],[2.10376,41.71674],[2.10326,41.71653],[2.10238,41.71609],[2.1019,41.71557],[2.10118,41.71552],[2.09969,41.71486],[2.0994,41.71429],[2.09937,41.71418],[2.09937,41.71397],[2.0994,41.7138],[2.0994,41.71342],[2.09938,41.71272],[2.09926,41.71168],[2.09917,41.71132],[2.09906,41.71096],[2.09799,41.71015],[2.09763,41.70958],[2.09752,41.70947],[2.09722,41.70923],[2.09691,41.70908],[2.09669,41.709],[2.09658,41.709],[2.09594,41.70912],[2.09549,41.70926],[2.09501,41.70935],[2.09388,41.70935],[2.09349,41.70932],[2.09301,41.70917],[2.09216,41.70884],[2.09111,41.70872],[2.09051,41.70873],[2.0894,41.70847],[2.08881,41.70812],[2.08748,41.70778],[2.08728,41.70776],[2.08713,41.70779],[2.08679,41.70706],[2.08651,41.70637],[2.08622,41.70548],[2.08619,41.70479],[2.08625,41.7045],[2.08629,41.70415],[2.08627,41.70409],[2.08595,41.70372],[2.08558,41.70348],[2.08525,41.70335],[2.08486,41.70313],[2.08463,41.70159],[2.08446,41.70062],[2.0844,41.70014],[2.08441,41.69925],[2.08445,41.69907],[2.08473,41.69825],[2.08476,41.69816],[2.08491,41.69797],[2.08517,41.69765],[2.08528,41.69758],[2.08638,41.69678],[2.08639,41.69644],[2.08625,41.69635],[2.08613,41.69623],[2.08597,41.69584],[2.08598,41.69576],[2.08611,41.69544],[2.08618,41.69533],[2.08625,41.69528],[2.08697,41.6949],[2.08718,41.6949],[2.08832,41.69473],[2.08972,41.69436],[2.09094,41.69406],[2.09194,41.69292],[2.09353,41.69137],[2.0941,41.6901],[2.09477,41.68897],[2.09504,41.68881],[2.09533,41.68866],[2.09559,41.68855],[2.09638,41.68829],[2.09646,41.68828],[2.09738,41.68548],[2.09702,41.68457],[2.0969,41.68438],[2.09679,41.68311],[2.09684,41.68179],[2.09688,41.68164],[2.09775,41.68157],[2.09842,41.68156],[2.09912,41.68159],[2.09939,41.68164],[2.09975,41.68165],[2.09997,41.6816],[2.10345,41.67913],[2.10676,41.67808],[2.11045,41.67318],[2.11043,41.67286],[2.11078,41.67173],[2.1119,41.67076],[2.11333,41.66939],[2.11303,41.66716],[2.11322,41.66696],[2.1141,41.66736],[2.11492,41.66799],[2.11546,41.66824],[2.11559,41.66828],[2.11578,41.66831],[2.11584,41.6683],[2.11603,41.66821],[2.11621,41.66816],[2.11637,41.66816],[2.11689,41.66828],[2.11706,41.66837],[2.11758,41.66873],[2.11789,41.66896],[2.11795,41.66902],[2.11799,41.66912],[2.11796,41.66918],[2.11895,41.66952],[2.11914,41.66949],[2.11937,41.66948],[2.12021,41.66951],[2.12047,41.66954],[2.12059,41.66958],[2.12075,41.66968],[2.12089,41.66983],[2.121,41.67003],[2.12103,41.67011],[2.1215,41.67015],[2.13456,41.66925],[2.13441,41.67436],[2.13343,41.67521],[2.13204,41.67677],[2.13212,41.67777],[2.13217,41.67783],[2.1323,41.67807],[2.13236,41.6782],[2.13231,41.67837],[2.13221,41.67847],[2.13174,41.67877],[2.13131,41.67902],[2.13107,41.67919],[2.13091,41.67937],[2.13084,41.67948],[2.13078,41.67963],[2.13078,41.67973],[2.13082,41.67997],[2.13088,41.68023],[2.13095,41.6804],[2.13113,41.68064],[2.13122,41.6807],[2.13154,41.68114],[2.13196,41.68194],[2.13199,41.68203],[2.13205,41.68245],[2.13206,41.68274],[2.13206,41.68318],[2.13206,41.68351],[2.13208,41.68362],[2.13225,41.68391],[2.13252,41.68432],[2.13278,41.68465],[2.13324,41.68532],[2.13371,41.68607],[2.13375,41.68616],[2.13376,41.68633],[2.13371,41.6866],[2.13355,41.6868],[2.13335,41.68699],[2.134,41.68751],[2.13477,41.68812],[2.13587,41.68852],[2.13686,41.689],[2.13783,41.68958],[2.13843,41.68983],[2.13875,41.69052],[2.13961,41.69233],[2.13976,41.69277],[2.13928,41.69407],[2.13919,41.69424],[2.13907,41.69442],[2.13894,41.69455],[2.13846,41.69488],[2.13824,41.69511],[2.13788,41.69562],[2.13745,41.6963],[2.13741,41.69639],[2.13741,41.6965],[2.1375,41.69663],[2.13776,41.69735],[2.13792,41.69806],[2.1379,41.69833],[2.13787,41.69842],[2.13753,41.69884],[2.13742,41.69897],[2.13728,41.69906],[2.13711,41.69911],[2.1369,41.69913],[2.13661,41.69911],[2.13633,41.69919],[2.13582,41.69941],[2.13555,41.69956],[2.13529,41.69975],[2.13505,41.69994],[2.13489,41.70009],[2.1348,41.70027],[2.13479,41.70036],[2.13486,41.70047],[2.13498,41.70059],[2.13524,41.70136],[2.13554,41.70226],[2.13546,41.70276],[2.13534,41.70422],[2.13514,41.70447],[2.13507,41.70455],[2.1349,41.70465],[2.13463,41.70477],[2.13412,41.70488],[2.13393,41.70572],[2.13388,41.70723],[2.13334,41.71219],[2.13305,41.71559]]]},"properties":{"codi_ine":"08087","nom":"Gallifa","comarca":"Vallès Occidental"}},
{"type":"Feature","geometry":{"type":"Polygon","coordinates":[[[2.31137,41.70882],[2.30767,41.71059],[2.29968,41.71506],[2.29216,41.7191],[2.28625,41.71725],[2.28481,41.71683],[2.28517,41.71353],[2.28531,41.71327],[2.28542,41.71312],[2.28598,41.71238],[2.28612,41.71224],[2.28626,41.71205],[2.28224,41.71237],[2.27947,41.7147],[2.27937,41.71567],[2.2759,41.71597],[2.2698,41.71391],[2.26953,41.71372],[2.26884,41.71298],[2.26866,41.71252],[2.26347,41.70617],[2.26142,41.70327],[2.25994,41.69671],[2.25252,41.68609],[2.25324,41.68579],[2.25346,41.68568],[2.2537,41.68552],[2.25389,41.68539],[2.25415,41.68518],[2.25423,41.68511],[2.25505,41.68415],[2.25539,41.68374],[2.25748,41.68197],[2.2583,41.68143],[2.25921,41.68103],[2.25981,41.68091],[2.26062,41.68078],[2.2608,41.68076],[2.26105,41.68076],[2.26116,41.68074],[2.26165,41.68061],[2.2618,41.68056],[2.26246,41.68007],[2.26267,41.67989],[2.26297,41.67954],[2.26312,41.67936],[2.26325,41.67915],[2.26336,41.67897],[2.26347,41.67873],[2.2636,41.67831],[2.26365,41.67809],[2.26302,41.67526],[2.26323,41.6751],[2.2648,41.67392],[2.26585,41.67335],[2.26645,41.67209],[2.26753,41.6711],[2.26798,41.67081],[2.26834,41.67058],[2.27065,41.66925],[2.27126,41.66908],[2.27244,41.66801],[2.27496,41.66734],[2.27716,41.6619],[2.27723,41.6574],[2.2776,41.65746],[2.28113,41.65802],[2.28207,41.65818],[2.28331,41.65844],[2.28355,41.65851],[2.2838,41.6587],[2.28406,41.65884],[2.28422,41.6589],[2.28519,41.65902],[2.28585,41.65908],[2.28637,41.6591],[2.28669,41.65908],[2.28712,41.6591],[2.28955,41.66326],[2.29401,41.66643],[2.29767,41.66911],[2.30099,41.67098],[2.30378,41.67243],[2.30002,41.67738],[2.3011,41.68171],[2.30089,41.68376],[2.30099,41.68784],[2.30075,41.68868],[2.30083,41.68997],[2.30136,41.69194],[2.30173,41.69325],[2.30217,41.69475],[2.30232,41.69543],[2.30229,41.69573],[2.30225,41.69597],[2.302,41.6979],[2.30196,41.69894],[2.30077,41.70153],[2.30028,41.70442],[2.30584,41.70689],[2.31137,41.70882]]]},"properties":{"codi_ine":"08088","nom":"la Garriga","comarca":"Vallès Oriental"}},
{"type":"Feature","geometry":{"type":"Polygon","coordinates":[[[1.98824,41.31401],[1.98808,41.31375],[1.98817,41.31367],[1.98807,41.31358],[1.98792,41.31354],[1.98775,41.31354],[1.9875,41.31357],[1.98723,41.31364],[1.98689,41.31376],[1.98647,41.3141],[1.98586,41.31449],[1.98475,41.31504],[1.98403,41.31513],[1.98311,41.31579],[1.98193,41.31662],[1.98132,41.3174],[1.98101,41.31796],[1.97985,41.31814],[1.97884,41.31826],[1.97712,41.31912],[1.97679,41.31923],[1.97581,41.3194],[1.97466,41.31954],[1.97218,41.31977],[1.96846,41.32053],[1.96836,41.32049],[1.96794,41.32052],[1.96733,41.3206],[1.96699,41.32066],[1.96568,41.32102],[1.96525,41.32118],[1.96459,41.32254],[1.96244,41.32228],[1.96119,41.32202],[1.9604,41.32154],[1.95881,41.32091],[1.95796,41.32252],[1.95767,41.32259],[1.95722,41.32256],[1.957,41.32253],[1.95669,41.32246],[1.95605,41.32222],[1.95595,41.3222],[1.95561,41.32324],[1.94547,41.31745],[1.93132,41.30187],[1.93018,41.29477],[1.91487,41.28896],[1.91609,41.2893],[1.91673,41.28951],[1.91732,41.28973],[1.91778,41.28999],[1.91966,41.29067],[1.91996,41.29067],[1.92031,41.29063],[1.92118,41.29052],[1.92154,41.29054],[1.92196,41.29061],[1.92281,41.29088],[1.92348,41.29113],[1.92383,41.29126],[1.92409,41.2913],[1.92434,41.29128],[1.92488,41.29112],[1.92573,41.29062],[1.92587,41.29044],[1.92601,41.29022],[1.92605,41.29002],[1.92619,41.28943],[1.92634,41.28893],[1.92656,41.2888],[1.92686,41.28872],[1.92772,41.28836],[1.92819,41.2881],[1.9287,41.28773],[1.92903,41.28732],[1.92924,41.287],[1.92951,41.28675],[1.9298,41.2865],[1.93089,41.28568],[1.93187,41.28506],[1.93336,41.28438],[1.93413,41.28409],[1.93457,41.28398],[1.93491,41.28396],[1.93531,41.28384],[1.93546,41.28377],[1.93586,41.28355],[1.9362,41.28334],[1.93662,41.28302],[1.93745,41.28253],[1.93923,41.28174],[1.93977,41.28153],[1.94023,41.28135],[1.94083,41.28112],[1.94146,41.2809],[1.94175,41.28077],[1.942,41.28061],[1.94249,41.28027],[1.94263,41.28014],[1.9429,41.28],[1.9432,41.27989],[1.94354,41.27982],[1.94388,41.27979],[1.94427,41.2798],[1.94463,41.27988],[1.9473,41.2806],[1.94755,41.28067],[1.94776,41.28082],[1.94798,41.28101],[1.94824,41.28125],[1.94856,41.2817],[1.94886,41.28227],[1.94901,41.28257],[1.94911,41.28281],[1.94924,41.28302],[1.94942,41.28324],[1.94973,41.28352],[1.94994,41.28362],[1.95029,41.28371],[1.95063,41.28368],[1.95095,41.28363],[1.95162,41.28351],[1.95224,41.28341],[1.9525,41.28343],[1.95275,41.2835],[1.9542,41.28414],[1.95461,41.28454],[1.95528,41.28544],[1.95558,41.28587],[1.95573,41.28616],[1.95592,41.28635],[1.95684,41.28699],[1.95714,41.28708],[1.95759,41.2872],[1.95792,41.28728],[1.95842,41.28736],[1.95884,41.28743],[1.95911,41.2875],[1.95934,41.28762],[1.95954,41.28776],[1.95968,41.28793],[1.95979,41.28811],[1.96011,41.28876],[1.96045,41.28938],[1.96067,41.28969],[1.96091,41.28988],[1.96289,41.29149],[1.96376,41.29217],[1.96403,41.29231],[1.96429,41.29242],[1.96463,41.29253],[1.96651,41.2929],[1.96795,41.29307],[1.96894,41.29309],[1.97089,41.2932],[1.97125,41.29323],[1.97156,41.29332],[1.97187,41.29345],[1.97216,41.2936],[1.97244,41.29376],[1.9727,41.29394],[1.97327,41.29442],[1.97378,41.2948],[1.97411,41.29497],[1.97821,41.29645],[1.97908,41.29591],[1.97935,41.29573],[1.97948,41.29563],[1.98049,41.29428],[1.9818,41.29361],[1.98198,41.29338],[1.98257,41.29286],[1.98269,41.29277],[1.98292,41.29264],[1.98368,41.29231],[1.98392,41.2922],[1.98402,41.29212],[1.98415,41.29197],[1.9843,41.29175],[1.98446,41.29144],[1.98577,41.29101],[1.98613,41.29107],[1.98704,41.29121],[1.98732,41.29125],[2.00314,41.26458],[2.0032,41.26448],[2.00342,41.26453],[2.0046,41.26463],[2.00518,41.26465],[2.00534,41.26463],[2.006,41.26461],[2.00684,41.26466],[2.0074,41.26472],[2.00802,41.26478],[2.00902,41.26485],[2.00931,41.26489],[2.00957,41.26495],[2.00991,41.265],[2.01022,41.265],[2.01055,41.26498],[2.01085,41.26499],[2.01112,41.26501],[2.01142,41.26507],[2.01159,41.26512],[2.01178,41.26521],[2.01209,41.26527],[2.01227,41.26527],[2.01338,41.26534],[2.01377,41.26533],[2.01431,41.26537],[2.0145,41.2654],[2.01521,41.26554],[2.01645,41.26577],[2.01709,41.26587],[2.01729,41.26588],[2.01771,41.26586],[2.01791,41.26587],[2.01845,41.26591],[2.01895,41.26598],[2.01976,41.26606],[2.02002,41.26607],[2.02044,41.26604],[2.02108,41.26597],[2.02149,41.26597],[2.02185,41.26602],[2.02208,41.26604],[2.02255,41.26607],[2.023,41.26607],[2.02379,41.26613],[2.02393,41.26615],[2.02423,41.26623],[2.02454,41.26633],[2.02529,41.26651],[2.02673,41.2668],[2.02744,41.26693],[2.02802,41.26709],[2.02851,41.26719],[2.02881,41.26728],[2.02899,41.26733],[2.02967,41.2674],[2.02991,41.26745],[2.03023,41.26754],[2.03045,41.26759],[2.03168,41.26779],[2.03258,41.26796],[2.0329,41.268],[2.03361,41.26807],[2.03471,41.26825],[2.03572,41.2684],[2.03603,41.26846],[2.03711,41.26865],[2.03837,41.26884],[2.03899,41.26893],[2.0397,41.26901],[2.03997,41.26907],[2.04049,41.26919],[2.04136,41.26938],[2.04155,41.26941],[2.04219,41.26951],[2.04297,41.26962],[2.04357,41.26969],[2.04376,41.26971],[2.04426,41.26979],[2.04452,41.26985],[2.04479,41.26993],[2.04514,41.27001],[2.04553,41.27007],[2.04588,41.27011],[2.04576,41.27044],[2.04529,41.27189],[2.04452,41.27251],[2.04412,41.27254],[2.04371,41.2726],[2.04308,41.27276],[2.04262,41.27289],[2.042,41.27322],[2.04143,41.27368],[2.04084,41.27424],[2.03933,41.27521],[2.03843,41.27617],[2.03837,41.27655],[2.03832,41.2767],[2.03789,41.27783],[2.03787,41.27788],[2.03656,41.27972],[2.03549,41.28071],[2.03394,41.28179],[2.03277,41.28242],[2.03161,41.28292],[2.03052,41.28349],[2.02986,41.28389],[2.02948,41.28417],[2.02939,41.28426],[2.0289,41.28488],[2.02844,41.28557],[2.02699,41.28677],[2.02648,41.28745],[2.02619,41.28811],[2.02593,41.28869],[2.02555,41.28938],[2.02529,41.28983],[2.02486,41.29048],[2.02396,41.29167],[2.02363,41.29206],[2.02405,41.29285],[2.02341,41.29388],[2.02501,41.29452],[2.02392,41.29588],[2.02281,41.29721],[2.02213,41.298],[2.0211,41.29917],[2.02067,41.29961],[2.02026,41.29998],[2.01836,41.30154],[2.0178,41.30201],[2.01656,41.303],[2.01646,41.30306],[2.01612,41.30322],[2.01553,41.30346],[2.0148,41.30387],[2.0144,41.3041],[2.01401,41.30434],[2.01361,41.30464],[2.01342,41.30479],[2.01319,41.305],[2.01262,41.30556],[2.01235,41.30588],[2.01228,41.30602],[2.01203,41.30623],[2.01147,41.30656],[2.0107,41.30652],[2.00795,41.30638],[2.00772,41.3064],[2.00752,41.30647],[2.00713,41.30672],[2.00667,41.30705],[2.00637,41.30729],[2.00615,41.3075],[2.00602,41.30764],[2.00579,41.30792],[2.00558,41.30821],[2.00538,41.30845],[2.00378,41.31036],[2.00306,41.31114],[2.00295,41.31124],[2.00278,41.31134],[2.00254,41.31144],[2.00238,41.31148],[2.00212,41.31151],[2.00185,41.31149],[2.00029,41.31161],[1.99493,41.31226],[1.99205,41.31298],[1.98999,41.31371],[1.98948,41.31396],[1.98921,41.31403],[1.9889,41.31404],[1.98824,41.31401]]]},"properties":{"codi_ine":"08089","nom":"Gavà","comarca":"Baix Llobregat"}},
{"type":"Feature","geometry":{"type":"Polygon","coordinates":[[[1.87489,41.45797],[1.87487,41.45792],[1.87412,41.45758],[1.87369,41.45746],[1.87206,41.45745],[1.87165,41.45748],[1.87061,41.45763],[1.87028,41.45771],[1.86985,41.45794],[1.86962,41.45802],[1.86914,41.45814],[1.86906,41.45814],[1.86873,41.45808],[1.86805,41.45791],[1.86796,41.45776],[1.86764,41.45764],[1.86599,41.4575],[1.86557,41.45762],[1.86466,41.45785],[1.86378,41.45804],[1.86292,41.45804],[1.86282,41.45787],[1.86254,41.45756],[1.8623,41.45739],[1.86214,41.45735],[1.86097,41.45741],[1.86083,41.45743],[1.86054,41.45755],[1.86041,41.45766],[1.86042,41.45784],[1.86048,41.45799],[1.8606,41.45817],[1.86072,41.45833],[1.86092,41.4585],[1.86131,41.45878],[1.86142,41.45888],[1.86151,41.45906],[1.8615,41.45925],[1.86144,41.45934],[1.86117,41.45955],[1.8609,41.4597],[1.86056,41.4598],[1.86023,41.45982],[1.85944,41.45982],[1.85878,41.45981],[1.85847,41.45977],[1.85821,41.45972],[1.85781,41.45959],[1.85745,41.45957],[1.85723,41.45958],[1.85706,41.45962],[1.85647,41.4598],[1.85637,41.45986],[1.85587,41.46071],[1.85575,41.46137],[1.85565,41.46158],[1.85559,41.46163],[1.85544,41.46169],[1.85522,41.4617],[1.85502,41.46168],[1.85477,41.46161],[1.85464,41.46148],[1.85453,41.46131],[1.85454,41.46114],[1.85469,41.46085],[1.8547,41.46065],[1.85468,41.4606],[1.85452,41.46029],[1.85444,41.46022],[1.85371,41.45973],[1.85361,41.45968],[1.85341,41.45967],[1.85325,41.45969],[1.8521,41.46006],[1.85202,41.46009],[1.85164,41.46029],[1.85153,41.46041],[1.85152,41.46058],[1.85154,41.46065],[1.85165,41.46078],[1.8519,41.46102],[1.8524,41.46139],[1.85247,41.46152],[1.85251,41.46168],[1.85247,41.46183],[1.85234,41.46201],[1.85218,41.46209],[1.85162,41.4622],[1.85125,41.46219],[1.85054,41.46193],[1.85042,41.46186],[1.85016,41.46167],[1.84962,41.46177],[1.84842,41.46232],[1.84757,41.46287],[1.84727,41.46307],[1.84715,41.46318],[1.84708,41.46328],[1.84707,41.46346],[1.84749,41.4642],[1.84766,41.46441],[1.84788,41.46465],[1.84811,41.46482],[1.84836,41.46496],[1.84841,41.46506],[1.84837,41.46521],[1.8483,41.4653],[1.8482,41.46537],[1.84799,41.46541],[1.84777,41.46541],[1.84763,41.46537],[1.84743,41.46529],[1.84723,41.46515],[1.847,41.46497],[1.84647,41.46472],[1.84599,41.46452],[1.84573,41.46443],[1.84553,41.46439],[1.84531,41.46439],[1.84473,41.46443],[1.84296,41.46432],[1.84229,41.46386],[1.84121,41.46323],[1.84044,41.46346],[1.83958,41.46375],[1.83854,41.4636],[1.83838,41.46356],[1.83801,41.46343],[1.83722,41.46314],[1.83639,41.46278],[1.83627,41.46262],[1.83596,41.46192],[1.83586,41.46159],[1.8358,41.46134],[1.83577,41.4607],[1.83597,41.45946],[1.83602,41.45924],[1.8362,41.45876],[1.83634,41.45851],[1.83643,41.45813],[1.83649,41.45739],[1.83649,41.45713],[1.83647,41.45708],[1.83625,41.45674],[1.83533,41.45682],[1.83525,41.45683],[1.83465,41.45699],[1.83453,41.45684],[1.83439,41.45649],[1.83411,41.45549],[1.83317,41.45432],[1.83291,41.45395],[1.83297,41.45337],[1.83298,41.45255],[1.83285,41.45118],[1.83235,41.45063],[1.83123,41.45034],[1.83027,41.45018],[1.82888,41.45031],[1.82688,41.45044],[1.82677,41.45027],[1.82634,41.44926],[1.82594,41.4479],[1.82475,41.44781],[1.8243,41.44687],[1.82423,41.44663],[1.82395,41.44656],[1.82337,41.44662],[1.82198,41.4469],[1.82139,41.44726],[1.82102,41.44718],[1.82014,41.4461],[1.81948,41.44504],[1.81808,41.44432],[1.81635,41.44366],[1.81518,41.44325],[1.81467,41.44322],[1.81571,41.43898],[1.82293,41.43342],[1.83391,41.43011],[1.83518,41.42959],[1.83929,41.4232],[1.83965,41.42332],[1.84023,41.4222],[1.84086,41.4217],[1.84157,41.42115],[1.84388,41.41901],[1.84375,41.41848],[1.84366,41.41839],[1.84363,41.41831],[1.84365,41.4182],[1.84372,41.41812],[1.84382,41.41808],[1.84528,41.41763],[1.84579,41.41713],[1.84802,41.41513],[1.84873,41.41447],[1.84889,41.41431],[1.85302,41.41014],[1.85396,41.40975],[1.86422,41.40618],[1.86584,41.41092],[1.87578,41.39894],[1.8764,41.39972],[1.87652,41.39993],[1.87655,41.40001],[1.87657,41.40023],[1.8765,41.40051],[1.87743,41.40327],[1.87746,41.40346],[1.87762,41.40417],[1.87791,41.40444],[1.87859,41.40504],[1.87883,41.40517],[1.87933,41.40531],[1.87966,41.40532],[1.88014,41.40528],[1.88038,41.40527],[1.88067,41.40527],[1.88094,41.4053],[1.88172,41.40538],[1.88216,41.40548],[1.8826,41.40563],[1.88266,41.40572],[1.88275,41.40627],[1.8828,41.40643],[1.88291,41.40672],[1.88296,41.40682],[1.88309,41.40696],[1.88337,41.40722],[1.88401,41.40763],[1.88495,41.40814],[1.88432,41.40856],[1.88292,41.40959],[1.8824,41.41013],[1.88229,41.41027],[1.88198,41.41089],[1.88119,41.41159],[1.88147,41.41242],[1.88229,41.41423],[1.88335,41.4147],[1.88511,41.41546],[1.88605,41.41611],[1.88736,41.41706],[1.8877,41.41785],[1.88833,41.41869],[1.88875,41.41892],[1.88885,41.41906],[1.88901,41.41977],[1.88902,41.41987],[1.88893,41.42017],[1.88874,41.42045],[1.88871,41.42059],[1.88886,41.42155],[1.8889,41.42164],[1.88918,41.4219],[1.88933,41.42209],[1.88943,41.42225],[1.88939,41.42231],[1.88919,41.42249],[1.889,41.4226],[1.88797,41.42293],[1.88773,41.42298],[1.88751,41.42301],[1.88744,41.42304],[1.88738,41.42322],[1.88738,41.42361],[1.88752,41.42412],[1.88774,41.42455],[1.88838,41.42536],[1.88874,41.42566],[1.88894,41.42577],[1.89003,41.42676],[1.89121,41.42806],[1.89121,41.42856],[1.89119,41.42871],[1.89111,41.42898],[1.89106,41.4291],[1.89105,41.42919],[1.89111,41.42943],[1.89131,41.43002],[1.89145,41.43016],[1.89181,41.43048],[1.89195,41.4305],[1.89248,41.43058],[1.89285,41.43061],[1.89296,41.43061],[1.89356,41.43049],[1.89382,41.43044],[1.89418,41.43034],[1.89463,41.43018],[1.89488,41.43007],[1.89513,41.4304],[1.89569,41.43084],[1.89613,41.43128],[1.89634,41.43155],[1.89644,41.4317],[1.89691,41.43271],[1.89687,41.43344],[1.89615,41.43499],[1.89555,41.43568],[1.89471,41.43684],[1.89464,41.43713],[1.89463,41.4376],[1.8946,41.43796],[1.8945,41.43809],[1.8943,41.43825],[1.89396,41.43831],[1.8934,41.43829],[1.89312,41.43832],[1.89292,41.43845],[1.89198,41.43934],[1.89145,41.43985],[1.89131,41.4401],[1.89119,41.44044],[1.89068,41.44122],[1.89024,41.44161],[1.88984,41.44198],[1.88911,41.44268],[1.8886,41.44327],[1.88815,41.44386],[1.88745,41.44466],[1.88645,41.4456],[1.88612,41.4459],[1.88568,41.44627],[1.8852,41.44667],[1.88509,41.44668],[1.87798,41.45484],[1.87621,41.45579],[1.87544,41.45694],[1.87489,41.45797]]]},"properties":{"codi_ine":"08091","nom":"Gelida","comarca":"Alt Penedès"}},
{"type":"Feature","geometry":{"type":"MultiPolygon","coordinates":[[[[1.73254,41.38457],[1.72921,41.38592],[1.72898,41.38278],[1.72884,41.38264],[1.72863,41.38253],[1.72833,41.38249],[1.72802,41.38242],[1.72745,41.38223],[1.72703,41.38207],[1.72655,41.38188],[1.72585,41.38154],[1.72558,41.38137],[1.72525,41.38106],[1.72486,41.38082],[1.72346,41.38011],[1.72099,41.37972],[1.71611,41.38172],[1.70998,41.38468],[1.70765,41.38409],[1.70497,41.38647],[1.70473,41.38577],[1.70453,41.38529],[1.70436,41.38501],[1.70406,41.38463],[1.70396,41.38452],[1.70279,41.38314],[1.70277,41.38305],[1.70264,41.38283],[1.70256,41.38279],[1.70177,41.38289],[1.70159,41.38293],[1.70132,41.38301],[1.70113,41.38309],[1.70003,41.38362],[1.69968,41.38381],[1.69935,41.38403],[1.69912,41.38384],[1.69911,41.38376],[1.69913,41.38349],[1.69941,41.38202],[1.69885,41.38136],[1.6982,41.38112],[1.69785,41.38066],[1.69751,41.37983],[1.69773,41.37918],[1.69806,41.37823],[1.69818,41.37794],[1.6982,41.37775],[1.69791,41.37721],[1.69593,41.37305],[1.69584,41.37295],[1.69526,41.37259],[1.69474,41.37231],[1.69418,41.37201],[1.69414,41.37186],[1.69419,41.3717],[1.69427,41.37155],[1.69466,41.37112],[1.69512,41.37064],[1.69567,41.37006],[1.696,41.36964],[1.69629,41.36978],[1.69647,41.36985],[1.69785,41.37036],[1.69838,41.37055],[1.70091,41.37139],[1.70135,41.3712],[1.70337,41.37032],[1.70406,41.37009],[1.70455,41.36989],[1.7049,41.36967],[1.70514,41.3695],[1.70554,41.36916],[1.70569,41.36906],[1.70627,41.3687],[1.70646,41.3686],[1.70721,41.36828],[1.70743,41.36821],[1.7081,41.36809],[1.70834,41.36806],[1.71029,41.36734],[1.71217,41.36662],[1.7142,41.36594],[1.71457,41.36576],[1.71489,41.36564],[1.71558,41.36541],[1.71729,41.36665],[1.71749,41.36681],[1.71813,41.36736],[1.71889,41.36808],[1.7193,41.36846],[1.72073,41.36972],[1.7211,41.37003],[1.72155,41.37041],[1.72265,41.3713],[1.72292,41.37119],[1.72302,41.37112],[1.7237,41.37067],[1.7252,41.36958],[1.72533,41.36903],[1.72534,41.36897],[1.72609,41.36841],[1.72647,41.36813],[1.72654,41.3681],[1.7286,41.36715],[1.72909,41.36693],[1.72999,41.36653],[1.73008,41.36653],[1.73047,41.36636],[1.73091,41.36614],[1.73173,41.36552],[1.7322,41.36504],[1.73229,41.36486],[1.73242,41.3647],[1.73266,41.36444],[1.73301,41.3642],[1.73355,41.36388],[1.73368,41.36383],[1.73375,41.36386],[1.73446,41.36422],[1.73487,41.36445],[1.73528,41.36471],[1.73602,41.36528],[1.73622,41.36545],[1.73653,41.36573],[1.73664,41.36589],[1.73685,41.36614],[1.73747,41.36688],[1.738,41.36745],[1.73824,41.3677],[1.73852,41.36778],[1.73883,41.36783],[1.74034,41.36777],[1.74057,41.36778],[1.7407,41.36783],[1.74143,41.36848],[1.74146,41.36859],[1.74198,41.36943],[1.74332,41.37121],[1.74192,41.37168],[1.74142,41.37188],[1.74096,41.37213],[1.73971,41.37285],[1.73837,41.37361],[1.7369,41.3742],[1.73621,41.37439],[1.73396,41.37516],[1.73189,41.37572],[1.73069,41.37602],[1.73042,41.37607],[1.72961,41.37615],[1.73217,41.37966],[1.73187,41.38004],[1.73171,41.38021],[1.73153,41.38035],[1.73112,41.38071],[1.73052,41.3813],[1.73043,41.38145],[1.73049,41.38152],[1.73124,41.38216],[1.73177,41.38245],[1.73193,41.38252],[1.7322,41.38259],[1.73277,41.38263],[1.73306,41.38306],[1.73317,41.38327],[1.73333,41.38378],[1.73336,41.38404],[1.73299,41.38462],[1.73254,41.38457]]],[[[1.75645,41.38806],[1.75626,41.38815],[1.75615,41.38824],[1.75614,41.38834],[1.75612,41.38863],[1.75616,41.38873],[1.75625,41.38883],[1.75549,41.38945],[1.75529,41.38938],[1.75508,41.38943],[1.75476,41.38956],[1.75437,41.38983],[1.75396,41.39039],[1.75381,41.39056],[1.75363,41.39062],[1.75346,41.39061],[1.75276,41.39057],[1.75263,41.39054],[1.75232,41.39039],[1.75198,41.39028],[1.75186,41.39026],[1.75169,41.39032],[1.75148,41.39049],[1.75141,41.39059],[1.75135,41.39076],[1.75135,41.39085],[1.75141,41.39121],[1.7516,41.39149],[1.75171,41.39182],[1.75178,41.39235],[1.75177,41.39246],[1.75172,41.39253],[1.74948,41.39261],[1.74889,41.39232],[1.74713,41.3917],[1.74627,41.39133],[1.74561,41.3909],[1.74378,41.3898],[1.74269,41.38895],[1.74257,41.38884],[1.74097,41.3873],[1.74052,41.38681],[1.74019,41.3864],[1.73976,41.38585],[1.73963,41.38572],[1.73924,41.3854],[1.73885,41.3851],[1.73839,41.38476],[1.73854,41.38436],[1.73937,41.38461],[1.74077,41.38369],[1.74154,41.38281],[1.74165,41.38247],[1.74178,41.38237],[1.7421,41.38218],[1.74241,41.38205],[1.7427,41.38196],[1.74296,41.38193],[1.74397,41.38191],[1.74618,41.38219],[1.74848,41.38252],[1.74909,41.38291],[1.74914,41.38298],[1.74946,41.38328],[1.74969,41.38345],[1.75008,41.38371],[1.75092,41.3841],[1.75116,41.3842],[1.75145,41.38427],[1.75241,41.38447],[1.75313,41.38456],[1.75392,41.38481],[1.75404,41.38485],[1.75437,41.38502],[1.75677,41.38691],[1.75679,41.38766],[1.75645,41.38806]]]]},"properties":{"codi_ine":"08094","nom":"la Granada","comarca":"Alt Penedès"}},
{"type":"Feature","geometry":{"type":"Polygon","coordinates":[[[2.30303,41.60741],[2.30387,41.61039],[2.30252,41.61348],[2.30247,41.61418],[2.30074,41.61493],[2.293,41.61669],[2.29322,41.61741],[2.29352,41.61834],[2.29356,41.61844],[2.29411,41.61939],[2.29475,41.62047],[2.29575,41.62192],[2.2942,41.62228],[2.293,41.62208],[2.2925,41.62181],[2.29231,41.62172],[2.29204,41.62162],[2.29185,41.6216],[2.29161,41.6216],[2.29146,41.62162],[2.2913,41.62167],[2.29103,41.6218],[2.2905,41.62209],[2.29026,41.62219],[2.28983,41.62236],[2.28961,41.62241],[2.28887,41.62258],[2.28864,41.6226],[2.28851,41.62259],[2.28823,41.62246],[2.28769,41.62217],[2.28655,41.62167],[2.28658,41.62144],[2.28663,41.62099],[2.28659,41.61989],[2.28645,41.61859],[2.28636,41.61794],[2.28624,41.61744],[2.2861,41.61706],[2.28541,41.6156],[2.28484,41.61454],[2.28347,41.61445],[2.28301,41.61391],[2.28172,41.61427],[2.28125,41.61441],[2.27756,41.61526],[2.27725,41.61532],[2.2768,41.61532],[2.27681,41.61525],[2.27522,41.61499],[2.27504,41.61506],[2.27444,41.61544],[2.27358,41.61548],[2.27194,41.61502],[2.27131,41.61463],[2.26991,41.61483],[2.26786,41.61473],[2.26546,41.6144],[2.26557,41.61355],[2.26734,41.60963],[2.26787,41.6079],[2.2665,41.60677],[2.26518,41.60329],[2.26512,41.60298],[2.26495,41.60235],[2.26371,41.60074],[2.26332,41.59941],[2.2622,41.59862],[2.26241,41.59638],[2.26062,41.59409],[2.25941,41.58621],[2.2595,41.58489],[2.25893,41.58248],[2.25919,41.58242],[2.25891,41.58155],[2.25878,41.58157],[2.25794,41.5787],[2.25668,41.57386],[2.26261,41.56973],[2.26439,41.56863],[2.26427,41.56834],[2.26417,41.56822],[2.26594,41.56616],[2.26672,41.56522],[2.26913,41.56412],[2.27035,41.56483],[2.27036,41.56493],[2.27041,41.56502],[2.27049,41.56511],[2.27104,41.5656],[2.27158,41.56606],[2.27207,41.56645],[2.27267,41.56691],[2.27293,41.56708],[2.27316,41.56719],[2.27483,41.56848],[2.27585,41.56916],[2.27654,41.56958],[2.27672,41.56967],[2.27716,41.56983],[2.27741,41.56997],[2.27781,41.57033],[2.27868,41.57113],[2.27984,41.572],[2.28,41.57209],[2.28056,41.57241],[2.28117,41.57284],[2.28203,41.57346],[2.28248,41.57374],[2.28763,41.57209],[2.28879,41.57256],[2.29014,41.57307],[2.29031,41.57396],[2.29077,41.57603],[2.29139,41.57678],[2.29173,41.57769],[2.29188,41.57805],[2.29253,41.57959],[2.29358,41.58039],[2.29292,41.58202],[2.29255,41.58333],[2.29322,41.58441],[2.29352,41.58553],[2.2936,41.58573],[2.29373,41.58596],[2.29393,41.58629],[2.29419,41.58661],[2.29433,41.58676],[2.29477,41.58813],[2.295,41.5889],[2.29482,41.59],[2.295,41.59063],[2.29524,41.59145],[2.2954,41.59193],[2.29563,41.59246],[2.29608,41.5944],[2.29593,41.59534],[2.29574,41.59663],[2.29576,41.59753],[2.29626,41.59869],[2.29674,41.60106],[2.29699,41.60214],[2.29771,41.60405],[2.29862,41.60663],[2.30022,41.60648],[2.30131,41.60582],[2.30159,41.60628],[2.3017,41.6064],[2.30303,41.60741]]]},"properties":{"codi_ine":"08096","nom":"Granollers","comarca":"Vallès Oriental"}},
{"type":"Feature","geometry":{"type":"Polygon","coordinates":[[[2.10053,41.33604],[2.10137,41.33633],[2.10333,41.33647],[2.1369,41.34845],[2.13743,41.34888],[2.13706,41.34928],[2.13674,41.34962],[2.13624,41.3501],[2.13562,41.35072],[2.13526,41.35111],[2.13404,41.35267],[2.13359,41.35334],[2.13284,41.3545],[2.13233,41.35571],[2.13252,41.35578],[2.13271,41.35587],[2.13278,41.35595],[2.1331,41.35688],[2.13319,41.35742],[2.13321,41.35802],[2.13322,41.35876],[2.13325,41.35929],[2.13332,41.3599],[2.13398,41.36053],[2.13472,41.36111],[2.1355,41.36209],[2.13536,41.36224],[2.13495,41.36257],[2.13407,41.36341],[2.13303,41.36444],[2.13247,41.36611],[2.13173,41.36779],[2.13164,41.36798],[2.13071,41.36947],[2.13004,41.37009],[2.12973,41.37036],[2.12938,41.37064],[2.12913,41.3708],[2.12886,41.37095],[2.12855,41.37107],[2.12783,41.37135],[2.12693,41.3719],[2.12476,41.3733],[2.12402,41.37396],[2.12288,41.37502],[2.12251,41.37521],[2.12206,41.37544],[2.12178,41.37575],[2.12161,41.37595],[2.12146,41.37626],[2.12144,41.37636],[2.12149,41.37669],[2.12154,41.37707],[2.12144,41.37799],[2.12109,41.37773],[2.11933,41.37668],[2.11791,41.37585],[2.1178,41.37579],[2.11653,41.37581],[2.11081,41.37592],[2.11003,41.37594],[2.1096,41.37597],[2.10911,41.37663],[2.10815,41.37773],[2.10773,41.37814],[2.1069,41.37877],[2.10646,41.37897],[2.10554,41.37927],[2.105,41.37934],[2.10283,41.38058],[2.10332,41.37898],[2.10212,41.37772],[2.10034,41.37655],[2.10026,41.37642],[2.10123,41.37457],[2.10128,41.37417],[2.10129,41.37396],[2.09873,41.37023],[2.09928,41.36866],[2.09398,41.36712],[2.09243,41.368],[2.09202,41.36844],[2.09192,41.36858],[2.0918,41.36881],[2.09178,41.36895],[2.09129,41.36911],[2.08786,41.36903],[2.08678,41.36678],[2.0868,41.3662],[2.08698,41.36476],[2.08705,41.36453],[2.08728,41.36431],[2.08744,41.36421],[2.08801,41.36405],[2.08936,41.36361],[2.08918,41.36301],[2.09045,41.36158],[2.09146,41.36092],[2.09313,41.35927],[2.09317,41.35922],[2.09359,41.35852],[2.09514,41.35895],[2.09544,41.35903],[2.0956,41.35904],[2.09586,41.35856],[2.09552,41.35844],[2.09663,41.35669],[2.09717,41.35586],[2.09755,41.35538],[2.09849,41.35398],[2.09988,41.35192],[2.09757,41.35091],[2.09724,41.35076],[2.09545,41.34985],[2.09479,41.34949],[2.09331,41.34865],[2.0923,41.34807],[2.09229,41.34774],[2.09226,41.34733],[2.09221,41.34694],[2.09212,41.34642],[2.09198,41.34579],[2.09182,41.34526],[2.09172,41.34497],[2.09157,41.34458],[2.09138,41.34413],[2.09118,41.34372],[2.091,41.34339],[2.09083,41.34309],[2.09061,41.34274],[2.0904,41.34243],[2.08998,41.34186],[2.08972,41.34153],[2.08952,41.3413],[2.09207,41.34055],[2.09313,41.34019],[2.09379,41.3399],[2.09444,41.3396],[2.09522,41.33921],[2.09606,41.33877],[2.09856,41.33738],[2.09985,41.33662],[2.10053,41.33604]]]},"properties":{"codi_ine":"08101","nom":"l'Hospitalet de Llobregat","comarca":"Barcelonès"}},
{"type":"Feature","geometry":{"type":"Polygon","coordinates":[[[2.21595,41.52395],[2.21546,41.52404],[2.21494,41.52419],[2.21405,41.52461],[2.21357,41.52483],[2.21249,41.52525],[2.21145,41.52536],[2.20982,41.52577],[2.20885,41.52602],[2.20721,41.52636],[2.20672,41.52642],[2.2071,41.52696],[2.20772,41.52746],[2.20645,41.52807],[2.20613,41.52763],[2.20562,41.52688],[2.20331,41.52342],[2.20301,41.52269],[2.20242,41.52115],[2.20187,41.51972],[2.20167,41.51914],[2.20147,41.51887],[2.2013,41.5187],[2.2,41.51749],[2.19913,41.51672],[2.19886,41.51649],[2.19461,41.51686],[2.18933,41.51547],[2.18908,41.51549],[2.18924,41.51467],[2.1894,41.51393],[2.18952,41.51365],[2.18979,41.51305],[2.18992,41.51281],[2.1902,41.51235],[2.19044,41.51202],[2.19106,41.51119],[2.1916,41.51056],[2.19192,41.51021],[2.19263,41.50925],[2.19325,41.50828],[2.19339,41.50802],[2.194,41.5075],[2.1951,41.50656],[2.19605,41.50587],[2.19705,41.50506],[2.19774,41.50445],[2.19805,41.50413],[2.19887,41.50317],[2.19913,41.50284],[2.19932,41.50258],[2.19943,41.50238],[2.19962,41.50214],[2.19999,41.50182],[2.20048,41.50142],[2.20087,41.50166],[2.20139,41.50202],[2.20194,41.50241],[2.2027,41.50312],[2.20317,41.50347],[2.20381,41.5039],[2.20436,41.50442],[2.20488,41.50491],[2.2055,41.50552],[2.20588,41.50591],[2.20632,41.50647],[2.20657,41.50683],[2.20683,41.50719],[2.20723,41.50767],[2.20784,41.50812],[2.20837,41.50862],[2.20878,41.50909],[2.20902,41.50943],[2.20937,41.51013],[2.20946,41.51042],[2.20954,41.51079],[2.21013,41.51212],[2.21141,41.51402],[2.21171,41.51448],[2.21184,41.51471],[2.21266,41.51675],[2.2132,41.51814],[2.21472,41.52188],[2.21502,41.52257],[2.21537,41.52311],[2.21595,41.52395]]]},"properties":{"codi_ine":"08105","nom":"la Llagosta","comarca":"Vallès Oriental"}},
{"type":"Feature","geometry":{"type":"Polygon","coordinates":[[[2.45562,41.63123],[2.45645,41.63279],[2.45529,41.6337],[2.45376,41.63456],[2.45377,41.63481],[2.45379,41.63503],[2.45355,41.63517],[2.45307,41.6353],[2.45274,41.63535],[2.45239,41.63536],[2.45196,41.63534],[2.45183,41.63539],[2.45175,41.63547],[2.45172,41.6356],[2.45178,41.63572],[2.45227,41.6363],[2.45272,41.63673],[2.45286,41.63685],[2.45293,41.63694],[2.45301,41.63721],[2.45299,41.63739],[2.45293,41.63746],[2.45278,41.63757],[2.45255,41.6377],[2.45229,41.63782],[2.45205,41.63783],[2.45171,41.63779],[2.4511,41.63778],[2.45088,41.6378],[2.45067,41.63784],[2.45051,41.63791],[2.45037,41.63799],[2.4503,41.63807],[2.45021,41.63831],[2.45022,41.63836],[2.45036,41.63845],[2.45056,41.63849],[2.45104,41.6384],[2.45126,41.63841],[2.45178,41.63849],[2.4519,41.63853],[2.45207,41.63868],[2.45209,41.63875],[2.45207,41.63886],[2.45186,41.6393],[2.45134,41.6401],[2.4512,41.64027],[2.45104,41.6404],[2.45089,41.64046],[2.45074,41.64049],[2.45058,41.64049],[2.45034,41.64047],[2.44907,41.64028],[2.44885,41.64021],[2.44849,41.64],[2.44816,41.63985],[2.44795,41.63977],[2.44778,41.63973],[2.44764,41.63973],[2.4468,41.63975],[2.4452,41.64453],[2.43901,41.64809],[2.43674,41.64868],[2.43539,41.65042],[2.43509,41.65172],[2.43584,41.65522],[2.4366,41.65544],[2.43656,41.65575],[2.43639,41.65647],[2.43646,41.65672],[2.43656,41.65698],[2.43701,41.65746],[2.43746,41.65773],[2.43839,41.65796],[2.43859,41.65798],[2.43898,41.65795],[2.43916,41.65797],[2.43995,41.6582],[2.44007,41.65825],[2.44054,41.65857],[2.44095,41.65886],[2.44146,41.65808],[2.44263,41.65325],[2.44383,41.65386],[2.44509,41.65449],[2.44536,41.65419],[2.44581,41.65771],[2.44573,41.65807],[2.44567,41.65839],[2.4455,41.65957],[2.4455,41.65975],[2.44554,41.65984],[2.44792,41.66451],[2.44928,41.66832],[2.44633,41.67195],[2.44606,41.67199],[2.44324,41.67268],[2.44268,41.67285],[2.44229,41.67299],[2.44145,41.67336],[2.441,41.67353],[2.44,41.67379],[2.43912,41.67399],[2.43669,41.6743],[2.43528,41.67479],[2.43296,41.67563],[2.43216,41.67576],[2.43142,41.67579],[2.43055,41.6755],[2.43038,41.67547],[2.43011,41.67549],[2.42997,41.67552],[2.42938,41.67574],[2.42853,41.67603],[2.42773,41.67627],[2.42711,41.67635],[2.42661,41.6764],[2.42631,41.67642],[2.42539,41.67647],[2.42366,41.67521],[2.42518,41.66886],[2.42165,41.66358],[2.42179,41.66354],[2.42201,41.66337],[2.42266,41.66277],[2.42297,41.66238],[2.42309,41.6622],[2.42369,41.66125],[2.42417,41.66027],[2.42425,41.66002],[2.4243,41.65966],[2.42437,41.65874],[2.41745,41.65478],[2.41569,41.65183],[2.41421,41.64897],[2.41489,41.64784],[2.41422,41.64736],[2.41246,41.646],[2.41213,41.64573],[2.41079,41.64472],[2.41054,41.64453],[2.40982,41.64508],[2.409,41.64518],[2.40887,41.64504],[2.40562,41.64715],[2.40562,41.64718],[2.40496,41.64761],[2.40352,41.64852],[2.40012,41.64966],[2.39915,41.65011],[2.39913,41.65015],[2.39864,41.65077],[2.39733,41.65054],[2.39293,41.65112],[2.3881,41.64991],[2.38915,41.64836],[2.38852,41.64721],[2.3886,41.64704],[2.38871,41.64676],[2.38872,41.64668],[2.38875,41.64577],[2.38875,41.6457],[2.38848,41.64564],[2.38804,41.64556],[2.38779,41.64558],[2.38724,41.64571],[2.38686,41.64579],[2.38528,41.64401],[2.3862,41.64326],[2.37767,41.6416],[2.37484,41.63838],[2.37306,41.635],[2.37124,41.63213],[2.3671,41.62482],[2.36136,41.62013],[2.36275,41.61771],[2.36267,41.61737],[2.36376,41.61533],[2.37602,41.60602],[2.37606,41.60598],[2.37628,41.60532],[2.37689,41.60344],[2.37728,41.60186],[2.37748,41.60103],[2.37749,41.6009],[2.37736,41.60008],[2.37732,41.5999],[2.37722,41.59966],[2.37712,41.5995],[2.37702,41.59943],[2.37668,41.59922],[2.37613,41.59892],[2.37603,41.59884],[2.37562,41.59814],[2.37551,41.5979],[2.37548,41.5978],[2.37549,41.5977],[2.3756,41.59755],[2.37575,41.59744],[2.37584,41.59741],[2.37635,41.5973],[2.37675,41.59722],[2.37701,41.59723],[2.37775,41.59746],[2.37796,41.59751],[2.37818,41.59754],[2.37836,41.59755],[2.37867,41.59752],[2.37886,41.59748],[2.37933,41.59735],[2.37975,41.59722],[2.38007,41.59713],[2.38025,41.59711],[2.38176,41.59708],[2.3829,41.59707],[2.38329,41.59899],[2.38253,41.59994],[2.38425,41.59973],[2.38468,41.6],[2.38507,41.6001],[2.38614,41.59953],[2.38693,41.60029],[2.38765,41.60105],[2.3884,41.60146],[2.38901,41.60181],[2.38929,41.60221],[2.3896,41.60278],[2.38962,41.60292],[2.38957,41.60347],[2.38972,41.60403],[2.39018,41.60431],[2.39035,41.60431],[2.39069,41.60444],[2.39081,41.60457],[2.39086,41.60471],[2.39085,41.60531],[2.39082,41.60543],[2.39286,41.60631],[2.39314,41.60634],[2.39337,41.60663],[2.39346,41.60679],[2.39381,41.60745],[2.39403,41.608],[2.39409,41.60824],[2.3941,41.60839],[2.39417,41.60855],[2.39907,41.60825],[2.39943,41.60837],[2.40107,41.6077],[2.40116,41.60778],[2.40121,41.60792],[2.40118,41.60854],[2.40114,41.60896],[2.40112,41.6099],[2.4012,41.61091],[2.40272,41.61144],[2.40285,41.61156],[2.40291,41.61167],[2.40291,41.61174],[2.40283,41.61199],[2.40284,41.61214],[2.40298,41.61263],[2.4031,41.61283],[2.40338,41.61307],[2.40352,41.61316],[2.40488,41.61391],[2.40545,41.61466],[2.4054,41.61477],[2.4054,41.61489],[2.40566,41.61545],[2.40585,41.61578],[2.40615,41.61621],[2.40626,41.61636],[2.40642,41.61652],[2.40661,41.61667],[2.40685,41.61681],[2.40771,41.61773],[2.4085,41.61857],[2.40895,41.61954],[2.4103,41.62138],[2.41089,41.62183],[2.41169,41.62239],[2.41273,41.62301],[2.41339,41.62338],[2.41374,41.62364],[2.41396,41.62386],[2.41472,41.62486],[2.41493,41.62527],[2.41495,41.6256],[2.41508,41.62601],[2.41523,41.62616],[2.41538,41.6262],[2.4155,41.62621],[2.41614,41.62618],[2.41709,41.62647],[2.41719,41.62658],[2.41718,41.62685],[2.41715,41.62697],[2.41719,41.62707],[2.41733,41.62716],[2.41767,41.62716],[2.41799,41.62711],[2.41816,41.62705],[2.41839,41.62692],[2.4185,41.62682],[2.41856,41.62673],[2.41876,41.62628],[2.41917,41.62581],[2.41937,41.62565],[2.41951,41.62558],[2.41971,41.62557],[2.42034,41.62559],[2.42034,41.62567],[2.42027,41.62587],[2.4204,41.62659],[2.42079,41.62811],[2.42134,41.62986],[2.42163,41.63063],[2.42165,41.63066],[2.42282,41.63041],[2.42373,41.63018],[2.42448,41.62999],[2.42523,41.62999],[2.42606,41.63005],[2.42617,41.63008],[2.42766,41.62982],[2.42876,41.62943],[2.42892,41.63024],[2.42911,41.63095],[2.42923,41.63103],[2.42994,41.63088],[2.43005,41.63083],[2.43012,41.63077],[2.43035,41.63034],[2.43045,41.62996],[2.43108,41.62965],[2.43192,41.63089],[2.43391,41.63044],[2.43433,41.62962],[2.43558,41.62859],[2.43581,41.62846],[2.43634,41.62829],[2.43708,41.62836],[2.43782,41.62859],[2.43879,41.6296],[2.44001,41.63039],[2.44065,41.63066],[2.44236,41.63092],[2.44426,41.63019],[2.44518,41.62978],[2.44582,41.63023],[2.44617,41.63031],[2.44798,41.6306],[2.44793,41.63048],[2.44783,41.63031],[2.44757,41.62925],[2.44757,41.62907],[2.44798,41.6287],[2.44858,41.62814],[2.44806,41.62759],[2.44831,41.62744],[2.4505,41.62635],[2.45105,41.62615],[2.45116,41.62612],[2.45143,41.62609],[2.45208,41.62605],[2.45278,41.62705],[2.45308,41.62805],[2.45327,41.62841],[2.45376,41.62925],[2.45403,41.62964],[2.45526,41.6309],[2.45562,41.63123]]]},"properties":{"codi_ine":"08106","nom":"Llinars del Vallès","comarca":"Vallès Oriental"}},
{"type":"Feature","geometry":{"type":"Polygon","coordinates":[[[2.25323,41.63098],[2.2482,41.6318],[2.24665,41.63207],[2.24633,41.63203],[2.24607,41.63197],[2.24587,41.63187],[2.2453,41.63153],[2.24394,41.63095],[2.24233,41.63079],[2.24024,41.63055],[2.23277,41.63144],[2.23262,41.63143],[2.23203,41.63143],[2.23186,41.63146],[2.23173,41.63151],[2.23159,41.63161],[2.23138,41.63182],[2.23123,41.632],[2.23105,41.63234],[2.23094,41.63252],[2.23082,41.63265],[2.23048,41.63295],[2.22989,41.63344],[2.22954,41.63369],[2.2283,41.63455],[2.22803,41.63473],[2.22776,41.63487],[2.22751,41.63497],[2.22728,41.63503],[2.22708,41.63506],[2.22445,41.63541],[2.22433,41.63542],[2.22411,41.63537],[2.22366,41.63512],[2.22359,41.63504],[2.22347,41.63479],[2.22337,41.63469],[2.22301,41.6345],[2.22292,41.63447],[2.22275,41.63446],[2.22125,41.63459],[2.22003,41.63487],[2.21966,41.63493],[2.21826,41.63499],[2.2177,41.63497],[2.21747,41.63495],[2.2172,41.63495],[2.21696,41.63497],[2.21676,41.63501],[2.21649,41.63509],[2.21613,41.6352],[2.21502,41.6356],[2.21497,41.63551],[2.2149,41.63533],[2.21462,41.63421],[2.2131,41.63367],[2.21226,41.6333],[2.21114,41.63274],[2.20869,41.63063],[2.20788,41.63087],[2.20726,41.63048],[2.20716,41.63041],[2.20759,41.63018],[2.2077,41.6301],[2.20787,41.62995],[2.20697,41.62939],[2.20495,41.62865],[2.20368,41.62964],[2.2036,41.62934],[2.19845,41.62806],[2.19986,41.62039],[2.19975,41.62007],[2.19945,41.61963],[2.19929,41.61918],[2.19925,41.61886],[2.19928,41.6185],[2.19961,41.61792],[2.19977,41.61704],[2.19982,41.61675],[2.19976,41.61652],[2.1994,41.6157],[2.19682,41.6152],[2.19632,41.61411],[2.19438,41.61384],[2.19347,41.61399],[2.19202,41.61419],[2.19179,41.61408],[2.19146,41.61315],[2.19142,41.61294],[2.19128,41.61213],[2.19123,41.61195],[2.18555,41.61206],[2.18787,41.60661],[2.18796,41.60656],[2.18839,41.60542],[2.18905,41.60335],[2.18906,41.60323],[2.18903,41.60285],[2.18894,41.60259],[2.18871,41.6021],[2.1886,41.60186],[2.18842,41.6014],[2.18839,41.60125],[2.18839,41.60102],[2.18846,41.59967],[2.1885,41.59934],[2.18886,41.59844],[2.19011,41.5977],[2.19098,41.59727],[2.1911,41.59717],[2.19131,41.59687],[2.19135,41.59673],[2.19146,41.59619],[2.1918,41.59506],[2.19213,41.59441],[2.19236,41.59367],[2.19223,41.59332],[2.19258,41.59299],[2.19361,41.59224],[2.19434,41.59168],[2.19514,41.59101],[2.19606,41.5893],[2.19629,41.58895],[2.19658,41.58847],[2.19677,41.5881],[2.19737,41.58676],[2.19796,41.58545],[2.19805,41.58508],[2.19813,41.58428],[2.19827,41.58325],[2.19884,41.58262],[2.19971,41.58132],[2.20009,41.58047],[2.20018,41.58033],[2.20025,41.58028],[2.20036,41.58023],[2.20111,41.58035],[2.20125,41.58041],[2.2025,41.58052],[2.2032,41.58012],[2.20327,41.58003],[2.20343,41.57944],[2.20349,41.57943],[2.20609,41.57972],[2.20578,41.58033],[2.20529,41.58076],[2.20646,41.58148],[2.20648,41.58181],[2.20629,41.5822],[2.20607,41.58278],[2.20605,41.58312],[2.20611,41.58342],[2.20889,41.58415],[2.20903,41.58404],[2.20918,41.58374],[2.20935,41.58326],[2.20968,41.58302],[2.21018,41.58282],[2.21082,41.58262],[2.21108,41.58286],[2.21133,41.58317],[2.2115,41.58339],[2.21152,41.58355],[2.21144,41.58373],[2.21138,41.58382],[2.2112,41.58402],[2.21106,41.58423],[2.21101,41.58505],[2.21108,41.58523],[2.21122,41.58551],[2.21131,41.58565],[2.21186,41.58641],[2.21232,41.58707],[2.21257,41.58856],[2.21277,41.59031],[2.21283,41.59158],[2.21276,41.59268],[2.21291,41.59436],[2.21327,41.5957],[2.21347,41.59615],[2.21403,41.59689],[2.21417,41.59699],[2.21429,41.59703],[2.21454,41.59706],[2.21531,41.59712],[2.21637,41.59718],[2.21653,41.59721],[2.2175,41.59744],[2.21734,41.59796],[2.2164,41.60027],[2.21634,41.60039],[2.21621,41.60057],[2.21606,41.60075],[2.21588,41.60093],[2.21565,41.60112],[2.21546,41.60124],[2.21534,41.60145],[2.21566,41.60178],[2.21706,41.60217],[2.21745,41.60219],[2.21787,41.60206],[2.2187,41.60255],[2.21852,41.60349],[2.21985,41.60451],[2.22083,41.60453],[2.22121,41.60454],[2.22141,41.6045],[2.22186,41.60465],[2.22333,41.60529],[2.22394,41.6059],[2.224,41.606],[2.22433,41.60638],[2.22462,41.6066],[2.22481,41.60663],[2.2254,41.60656],[2.22551,41.60653],[2.22776,41.60558],[2.22789,41.60523],[2.2281,41.60488],[2.22858,41.60412],[2.22878,41.60382],[2.22942,41.60398],[2.23143,41.60386],[2.23483,41.60284],[2.23501,41.6025],[2.23505,41.60236],[2.23516,41.60207],[2.23535,41.60179],[2.23551,41.60157],[2.23573,41.60147],[2.23589,41.60142],[2.23641,41.60133],[2.23651,41.60128],[2.23685,41.60098],[2.23701,41.60083],[2.23722,41.60051],[2.23731,41.60032],[2.2374,41.6002],[2.23932,41.60086],[2.24072,41.60181],[2.24113,41.60142],[2.24119,41.60133],[2.24132,41.60105],[2.24192,41.59969],[2.24201,41.59941],[2.24301,41.5979],[2.24367,41.59778],[2.24513,41.59755],[2.24857,41.59745],[2.24966,41.59667],[2.25305,41.59604],[2.25324,41.59688],[2.25811,41.59634],[2.26051,41.59665],[2.26241,41.59638],[2.2622,41.59862],[2.26332,41.59941],[2.26371,41.60074],[2.26495,41.60235],[2.26512,41.60298],[2.26518,41.60329],[2.2665,41.60677],[2.26787,41.6079],[2.26734,41.60963],[2.26557,41.61355],[2.26546,41.6144],[2.2634,41.61578],[2.26339,41.61585],[2.26347,41.61638],[2.26172,41.61671],[2.26089,41.61696],[2.26005,41.61713],[2.25832,41.61742],[2.25347,41.61802],[2.25093,41.61897],[2.25382,41.62555],[2.25325,41.6278],[2.25296,41.62887],[2.25323,41.63098]]]},"properties":{"codi_ine":"08107","nom":"Lliçà d'Amunt","comarca":"Vallès Oriental"}},
{"type":"Feature","geometry":{"type":"Polygon","coordinates":[[[2.26241,41.59638],[2.26051,41.59665],[2.25811,41.59634],[2.25324,41.59688],[2.25305,41.59604],[2.24966,41.59667],[2.24857,41.59745],[2.24513,41.59755],[2.24367,41.59778],[2.24301,41.5979],[2.24201,41.59941],[2.24192,41.59969],[2.24132,41.60105],[2.24119,41.60133],[2.24113,41.60142],[2.24072,41.60181],[2.23932,41.60086],[2.2374,41.6002],[2.23731,41.60032],[2.23722,41.60051],[2.23701,41.60083],[2.23685,41.60098],[2.23651,41.60128],[2.23641,41.60133],[2.23589,41.60142],[2.23573,41.60147],[2.23551,41.60157],[2.23535,41.60179],[2.23516,41.60207],[2.23505,41.60236],[2.23501,41.6025],[2.23483,41.60284],[2.23143,41.60386],[2.22942,41.60398],[2.22878,41.60382],[2.22858,41.60412],[2.2281,41.60488],[2.22789,41.60523],[2.22776,41.60558],[2.22551,41.60653],[2.2254,41.60656],[2.22481,41.60663],[2.22462,41.6066],[2.22433,41.60638],[2.224,41.606],[2.22394,41.6059],[2.22333,41.60529],[2.22186,41.60465],[2.22141,41.6045],[2.22121,41.60454],[2.22083,41.60453],[2.21985,41.60451],[2.21852,41.60349],[2.2187,41.60255],[2.21787,41.60206],[2.21745,41.60219],[2.21706,41.60217],[2.21566,41.60178],[2.21534,41.60145],[2.21546,41.60124],[2.21565,41.60112],[2.21588,41.60093],[2.21606,41.60075],[2.21621,41.60057],[2.21634,41.60039],[2.2164,41.60027],[2.21734,41.59796],[2.2175,41.59744],[2.21653,41.59721],[2.21637,41.59718],[2.21531,41.59712],[2.21454,41.59706],[2.21429,41.59703],[2.21417,41.59699],[2.21403,41.59689],[2.21347,41.59615],[2.21327,41.5957],[2.21291,41.59436],[2.21276,41.59268],[2.21283,41.59158],[2.21277,41.59031],[2.21257,41.58856],[2.21232,41.58707],[2.21186,41.58641],[2.21131,41.58565],[2.21122,41.58551],[2.21108,41.58523],[2.21101,41.58505],[2.21106,41.58423],[2.2112,41.58402],[2.21138,41.58382],[2.21144,41.58373],[2.21152,41.58355],[2.2115,41.58339],[2.21133,41.58317],[2.21108,41.58286],[2.21082,41.58262],[2.20846,41.57771],[2.2066,41.57825],[2.20218,41.57684],[2.20269,41.57577],[2.2028,41.5753],[2.20293,41.57459],[2.203,41.57365],[2.20289,41.573],[2.20282,41.5728],[2.2028,41.57261],[2.20281,41.57254],[2.20304,41.57151],[2.20336,41.57104],[2.20351,41.57059],[2.20391,41.56922],[2.20404,41.56867],[2.20872,41.56831],[2.21138,41.57004],[2.21234,41.57031],[2.21321,41.57092],[2.21325,41.57104],[2.21333,41.57115],[2.21349,41.57129],[2.2144,41.57196],[2.21459,41.57195],[2.21481,41.5719],[2.21511,41.57179],[2.21538,41.57167],[2.21565,41.57158],[2.21681,41.57206],[2.21711,41.57221],[2.2208,41.57459],[2.22298,41.57579],[2.22369,41.57655],[2.23009,41.57826],[2.23535,41.57849],[2.23761,41.57881],[2.24659,41.58041],[2.25885,41.5818],[2.25878,41.58157],[2.25891,41.58155],[2.25919,41.58242],[2.25893,41.58248],[2.2595,41.58489],[2.25941,41.58621],[2.26062,41.59409],[2.26241,41.59638]]]},"properties":{"codi_ine":"08108","nom":"Lliçà de Vall","comarca":"Vallès Oriental"}},
{"type":"Feature","geometry":{"type":"Polygon","coordinates":[[[1.90565,41.50194],[1.90537,41.50151],[1.90508,41.50128],[1.90372,41.50055],[1.90361,41.50051],[1.90339,41.50053],[1.90269,41.50073],[1.90253,41.50083],[1.90189,41.50124],[1.90078,41.50206],[1.90011,41.5025],[1.89967,41.50269],[1.89924,41.50279],[1.89677,41.50321],[1.89634,41.50322],[1.89486,41.5032],[1.89451,41.50319],[1.89221,41.50301],[1.89206,41.503],[1.89188,41.5029],[1.89183,41.50282],[1.89162,41.50245],[1.89162,41.50224],[1.89167,41.50218],[1.89156,41.50199],[1.89146,41.50188],[1.89077,41.50145],[1.8899,41.501],[1.89291,41.49967],[1.89451,41.49848],[1.89843,41.49606],[1.89832,41.49364],[1.89826,41.49338],[1.89822,41.49331],[1.89708,41.49352],[1.89575,41.49373],[1.89514,41.49354],[1.89354,41.49301],[1.89351,41.49299],[1.89414,41.49221],[1.89477,41.49159],[1.89502,41.49133],[1.89258,41.48975],[1.89326,41.48834],[1.89382,41.48775],[1.89453,41.48695],[1.8951,41.48616],[1.89517,41.4861],[1.89554,41.48589],[1.89587,41.48574],[1.896,41.4857],[1.89716,41.4854],[1.8973,41.48541],[1.8977,41.48549],[1.8981,41.48563],[1.89839,41.48577],[1.8992,41.48617],[1.89934,41.48616],[1.8994,41.48609],[1.89971,41.48514],[1.89936,41.48266],[1.89897,41.48227],[1.8985,41.48197],[1.89812,41.47841],[1.89761,41.47852],[1.89717,41.47864],[1.89703,41.47796],[1.8976,41.47781],[1.89784,41.47772],[1.89807,41.47762],[1.90034,41.47641],[1.90073,41.47617],[1.90117,41.47592],[1.90197,41.4755],[1.90222,41.47542],[1.90239,41.4754],[1.90267,41.47539],[1.90455,41.47535],[1.90564,41.47532],[1.90593,41.47518],[1.90608,41.47506],[1.9061,41.47487],[1.90582,41.4741],[1.90566,41.47325],[1.90571,41.47256],[1.90552,41.47172],[1.90535,41.47124],[1.90548,41.4709],[1.90572,41.47051],[1.9061,41.47018],[1.90656,41.46983],[1.90701,41.46952],[1.9077,41.46922],[1.90922,41.46899],[1.91028,41.46885],[1.91042,41.46886],[1.91078,41.46866],[1.91163,41.46816],[1.91127,41.46769],[1.91076,41.46703],[1.90989,41.46592],[1.90969,41.46576],[1.90941,41.46568],[1.90881,41.46554],[1.90826,41.46543],[1.90794,41.46537],[1.90674,41.46519],[1.90662,41.465],[1.90649,41.46461],[1.90649,41.46437],[1.90663,41.46367],[1.90713,41.46071],[1.9072,41.46021],[1.90722,41.45964],[1.9073,41.45913],[1.90745,41.45848],[1.90785,41.45807],[1.90836,41.45711],[1.90839,41.45617],[1.90914,41.45471],[1.90927,41.45447],[1.90934,41.45438],[1.90942,41.45435],[1.91038,41.4542],[1.91052,41.45418],[1.91079,41.45419],[1.91104,41.45425],[1.91131,41.4544],[1.9126,41.45557],[1.91266,41.4557],[1.91274,41.45578],[1.91341,41.45608],[1.91358,41.45608],[1.91373,41.45602],[1.91474,41.45544],[1.91578,41.45542],[1.91772,41.45555],[1.9186,41.45639],[1.91889,41.45768],[1.91905,41.45881],[1.91948,41.45929],[1.92044,41.45988],[1.92149,41.46041],[1.92256,41.46079],[1.92356,41.46157],[1.92481,41.46255],[1.92545,41.46296],[1.92594,41.46323],[1.92698,41.46365],[1.92766,41.46391],[1.9281,41.464],[1.92847,41.46417],[1.92918,41.4647],[1.92942,41.46492],[1.92961,41.46519],[1.93002,41.46544],[1.93063,41.46571],[1.93291,41.46626],[1.93315,41.46632],[1.93342,41.46632],[1.93419,41.4662],[1.93486,41.46603],[1.93576,41.46577],[1.93595,41.46568],[1.93614,41.4655],[1.93685,41.46469],[1.93798,41.4636],[1.93863,41.46317],[1.94014,41.46221],[1.94036,41.46206],[1.94116,41.46163],[1.94144,41.4615],[1.94354,41.4605],[1.94413,41.46037],[1.9448,41.46029],[1.94521,41.46029],[1.94558,41.46032],[1.94592,41.46045],[1.94625,41.46064],[1.94702,41.46091],[1.94731,41.461],[1.94838,41.46199],[1.94862,41.46207],[1.94888,41.46214],[1.94972,41.46229],[1.95016,41.46237],[1.9505,41.46245],[1.95201,41.46325],[1.95218,41.46337],[1.95311,41.46412],[1.95366,41.4647],[1.95356,41.46476],[1.95274,41.46533],[1.95223,41.46575],[1.95191,41.46603],[1.95085,41.46701],[1.95122,41.46794],[1.95167,41.46897],[1.95074,41.47176],[1.94807,41.46946],[1.94758,41.46891],[1.94718,41.46843],[1.94692,41.46803],[1.94665,41.46763],[1.94649,41.46748],[1.94635,41.46742],[1.94609,41.46737],[1.94597,41.46737],[1.94573,41.46741],[1.94531,41.46751],[1.94516,41.46758],[1.94488,41.46772],[1.94462,41.46789],[1.94426,41.46814],[1.94231,41.46993],[1.94117,41.47103],[1.93942,41.47287],[1.939,41.47332],[1.93849,41.47388],[1.93799,41.4745],[1.93778,41.47496],[1.93676,41.47612],[1.93634,41.47649],[1.93602,41.47682],[1.93584,41.47703],[1.93443,41.47871],[1.93401,41.47926],[1.93377,41.47975],[1.93368,41.47994],[1.93357,41.48024],[1.93351,41.48049],[1.93352,41.48063],[1.93361,41.4811],[1.93376,41.48175],[1.93381,41.48211],[1.93381,41.48238],[1.93379,41.48273],[1.93376,41.48294],[1.93364,41.48333],[1.93347,41.48369],[1.93256,41.48527],[1.93243,41.48546],[1.93225,41.48563],[1.93184,41.48596],[1.93169,41.48604],[1.93137,41.48614],[1.92889,41.48671],[1.92747,41.48705],[1.92641,41.48736],[1.92423,41.48812],[1.92397,41.48825],[1.92345,41.48861],[1.92299,41.48899],[1.92274,41.48925],[1.92231,41.48972],[1.92222,41.48985],[1.92201,41.49021],[1.92188,41.4905],[1.92185,41.49061],[1.92165,41.49136],[1.92161,41.49175],[1.92155,41.49228],[1.92154,41.49288],[1.92157,41.49334],[1.92161,41.49351],[1.9218,41.49397],[1.92196,41.4943],[1.92213,41.49476],[1.9222,41.49503],[1.9223,41.49542],[1.92427,41.49663],[1.92457,41.49686],[1.92488,41.49714],[1.92507,41.49736],[1.92324,41.4982],[1.92084,41.49878],[1.92022,41.49807],[1.91858,41.49804],[1.9184,41.49816],[1.91818,41.49827],[1.91741,41.49864],[1.91691,41.49883],[1.91582,41.49922],[1.91486,41.49953],[1.91299,41.50011],[1.91154,41.50091],[1.91049,41.50161],[1.90994,41.50188],[1.90908,41.50195],[1.90828,41.50167],[1.90819,41.50157],[1.90802,41.5015],[1.90784,41.50149],[1.90759,41.50151],[1.90735,41.50156],[1.90669,41.50185],[1.90654,41.50194],[1.90587,41.50202],[1.90565,41.50194]]]},"properties":{"codi_ine":"08114","nom":"Martorell","comarca":"Baix Llobregat"}},
{"type":"Feature","geometry":{"type":"Polygon","coordinates":[[[2.25298,41.53171],[2.25026,41.53358],[2.25005,41.5336],[2.24986,41.53364],[2.24915,41.53401],[2.24913,41.53425],[2.24957,41.5355],[2.24959,41.53553],[2.24267,41.53814],[2.23244,41.542],[2.23193,41.54193],[2.23173,41.54187],[2.23155,41.54179],[2.23143,41.5417],[2.23071,41.54124],[2.23049,41.54111],[2.2302,41.54089],[2.22957,41.54039],[2.22727,41.53843],[2.22631,41.53744],[2.22594,41.53691],[2.22567,41.53655],[2.22506,41.53582],[2.2238,41.53454],[2.223,41.53377],[2.22226,41.53302],[2.22157,41.53228],[2.22101,41.53157],[2.22077,41.5312],[2.22162,41.53135],[2.2218,41.53124],[2.22189,41.53115],[2.22199,41.53101],[2.22273,41.52986],[2.22499,41.52829],[2.22707,41.52684],[2.22803,41.52608],[2.22884,41.52571],[2.23006,41.52528],[2.23183,41.52479],[2.23314,41.5245],[2.23335,41.52448],[2.23348,41.52449],[2.23381,41.52459],[2.23392,41.52464],[2.23399,41.52473],[2.23414,41.52508],[2.23447,41.52506],[2.23524,41.52499],[2.23589,41.52467],[2.23626,41.52444],[2.23635,41.52433],[2.23638,41.5242],[2.23648,41.52393],[2.23684,41.5232],[2.23701,41.52298],[2.2373,41.52263],[2.23788,41.52222],[2.23836,41.52223],[2.2398,41.5217],[2.23989,41.52151],[2.24016,41.52103],[2.24043,41.52093],[2.24101,41.52084],[2.24154,41.52077],[2.24182,41.52076],[2.24223,41.52077],[2.24262,41.52081],[2.2427,41.52096],[2.24351,41.52205],[2.2435,41.52229],[2.24321,41.52265],[2.24288,41.5228],[2.24254,41.52291],[2.24244,41.52302],[2.24228,41.52339],[2.24232,41.52345],[2.24315,41.52358],[2.24389,41.52357],[2.24413,41.52335],[2.24425,41.5233],[2.24452,41.52324],[2.24629,41.52332],[2.24628,41.52336],[2.24612,41.52371],[2.24591,41.52428],[2.24568,41.52494],[2.24709,41.52523],[2.24876,41.52582],[2.24924,41.52573],[2.24989,41.52628],[2.25023,41.52678],[2.25048,41.52819],[2.25084,41.52929],[2.25072,41.52957],[2.25067,41.52982],[2.25107,41.52992],[2.25129,41.52996],[2.25156,41.52995],[2.25188,41.52992],[2.25284,41.53019],[2.25229,41.5314],[2.25298,41.53171]]]},"properties":{"codi_ine":"08115","nom":"Martorelles","comarca":"Vallès Oriental"}},
{"type":"Feature","geometry":{"type":"Polygon","coordinates":[[[2.34408,41.4882],[2.34384,41.48803],[2.34354,41.48784],[2.34308,41.48759],[2.34262,41.48736],[2.34233,41.48724],[2.34177,41.48701],[2.34065,41.48645],[2.33916,41.48551],[2.33903,41.48542],[2.33841,41.48484],[2.33815,41.48466],[2.33689,41.4844],[2.33673,41.48441],[2.33628,41.48453],[2.33629,41.48478],[2.33626,41.48501],[2.33617,41.48554],[2.33612,41.48573],[2.33594,41.48637],[2.33583,41.48665],[2.33577,41.48679],[2.33557,41.48711],[2.33544,41.48728],[2.33528,41.48747],[2.33507,41.48766],[2.33474,41.48793],[2.33393,41.48855],[2.3335,41.48886],[2.33258,41.48807],[2.33242,41.48764],[2.33229,41.48756],[2.33189,41.48741],[2.33172,41.48738],[2.33151,41.48737],[2.331,41.48749],[2.33054,41.48775],[2.3303,41.48796],[2.32997,41.48822],[2.32958,41.48843],[2.32925,41.48859],[2.32887,41.48874],[2.3286,41.48846],[2.32766,41.48767],[2.32633,41.48738],[2.32565,41.48694],[2.32512,41.48683],[2.32491,41.48682],[2.32456,41.48791],[2.32434,41.4886],[2.32378,41.48919],[2.3228,41.48879],[2.322,41.48822],[2.32188,41.48785],[2.32157,41.48774],[2.32133,41.48775],[2.32097,41.48783],[2.31867,41.49025],[2.31851,41.49027],[2.31836,41.49021],[2.31826,41.49013],[2.31799,41.48983],[2.3179,41.48965],[2.31784,41.48941],[2.3178,41.48912],[2.31778,41.48873],[2.31775,41.48859],[2.31763,41.48844],[2.31663,41.48781],[2.31644,41.48773],[2.31534,41.48755],[2.31515,41.48755],[2.31483,41.48758],[2.31461,41.48765],[2.31437,41.48776],[2.3142,41.48788],[2.31409,41.48802],[2.31295,41.48841],[2.31155,41.48832],[2.31029,41.48843],[2.31008,41.48856],[2.30961,41.48888],[2.3096,41.48931],[2.30961,41.48975],[2.30963,41.48997],[2.30967,41.49009],[2.30952,41.49013],[2.30644,41.48931],[2.30571,41.48893],[2.30516,41.48788],[2.30474,41.48744],[2.30393,41.48685],[2.30372,41.48628],[2.30382,41.48557],[2.30396,41.48516],[2.30416,41.48507],[2.30449,41.48498],[2.30685,41.48406],[2.30749,41.48272],[2.3068,41.48184],[2.30663,41.48182],[2.30621,41.48171],[2.30547,41.48146],[2.30491,41.48122],[2.3045,41.48097],[2.30462,41.48047],[2.3047,41.48009],[2.30372,41.47995],[2.30253,41.47955],[2.30184,41.47873],[2.30149,41.47823],[2.3014,41.47776],[2.30172,41.4776],[2.30166,41.47733],[2.30161,41.47715],[2.30142,41.47676],[2.3001,41.47645],[2.29961,41.47583],[2.2992,41.47572],[2.29805,41.47583],[2.29738,41.47561],[2.29575,41.4756],[2.29538,41.47565],[2.2953,41.47575],[2.29541,41.47543],[2.29548,41.47515],[2.29563,41.47455],[2.29569,41.47427],[2.29569,41.4741],[2.29606,41.47269],[2.29616,41.47244],[2.29633,41.47219],[2.29653,41.47226],[2.29667,41.47234],[2.29675,41.47242],[2.29727,41.47262],[2.29795,41.4728],[2.29851,41.47301],[2.29884,41.47314],[2.29938,41.47334],[2.30015,41.47359],[2.30075,41.47375],[2.3015,41.47398],[2.30171,41.47405],[2.30245,41.4743],[2.3027,41.47436],[2.30282,41.47438],[2.30309,41.47444],[2.30382,41.47474],[2.30444,41.47495],[2.30472,41.47501],[2.30502,41.47506],[2.3053,41.47507],[2.30628,41.47516],[2.30675,41.47535],[2.30695,41.4754],[2.30725,41.47541],[2.30732,41.47539],[2.30752,41.47516],[2.30765,41.47519],[2.30804,41.47521],[2.30828,41.4752],[2.30852,41.47517],[2.30863,41.47491],[2.30873,41.47462],[2.30871,41.47442],[2.30884,41.47428],[2.30894,41.4742],[2.30907,41.47415],[2.3092,41.47412],[2.30939,41.47411],[2.30951,41.47412],[2.30991,41.47421],[2.31223,41.47474],[2.31232,41.47477],[2.3124,41.47483],[2.31241,41.4749],[2.31237,41.47505],[2.31153,41.47486],[2.31146,41.47503],[2.31111,41.47495],[2.31116,41.47482],[2.30941,41.47443],[2.30911,41.47454],[2.30852,41.47601],[2.309,41.47612],[2.30905,41.47598],[2.31077,41.47638],[2.3111,41.47555],[2.31105,41.47554],[2.31111,41.47539],[2.31128,41.47543],[2.31094,41.47629],[2.31213,41.47656],[2.3123,41.47651],[2.31248,41.47607],[2.31253,41.47603],[2.31276,41.47598],[2.3133,41.47589],[2.31415,41.47608],[2.31418,41.4762],[2.31411,41.4764],[2.31397,41.47642],[2.31392,41.47628],[2.31295,41.47649],[2.31312,41.47698],[2.3132,41.4771],[2.31479,41.47746],[2.31515,41.47657],[2.31522,41.47659],[2.31487,41.47748],[2.31609,41.47776],[2.31668,41.47769],[2.31663,41.47672],[2.31661,41.47657],[2.3165,41.47637],[2.31633,41.4762],[2.31618,41.47611],[2.31602,41.47604],[2.31572,41.47595],[2.31326,41.47536],[2.31314,41.47533],[2.31336,41.47479],[2.31329,41.47462],[2.31296,41.47429],[2.31281,41.47415],[2.31259,41.474],[2.31238,41.4739],[2.31211,41.47382],[2.3116,41.47369],[2.31141,41.47366],[2.31122,41.47373],[2.31112,41.47373],[2.311,41.47365],[2.31101,41.47349],[2.31112,41.47343],[2.31138,41.47344],[2.31175,41.47349],[2.31229,41.47359],[2.31263,41.47371],[2.31284,41.47382],[2.3132,41.4741],[2.31382,41.47474],[2.31431,41.4752],[2.31439,41.47524],[2.31478,41.47535],[2.31518,41.47545],[2.31547,41.47551],[2.31603,41.47566],[2.31634,41.47577],[2.31655,41.47589],[2.31678,41.47611],[2.3172,41.47635],[2.31753,41.47646],[2.31833,41.47681],[2.31872,41.47695],[2.31938,41.47717],[2.31975,41.47728],[2.32041,41.47749],[2.32135,41.47781],[2.32155,41.47788],[2.32322,41.47854],[2.32432,41.47901],[2.32446,41.47907],[2.32534,41.47938],[2.32604,41.47963],[2.32656,41.47985],[2.32704,41.48009],[2.32741,41.48026],[2.32778,41.48041],[2.32861,41.48071],[2.32881,41.48079],[2.32931,41.48101],[2.33,41.48121],[2.33076,41.4814],[2.33197,41.48163],[2.33227,41.4817],[2.33331,41.48194],[2.33357,41.48199],[2.33513,41.48232],[2.33586,41.48247],[2.33658,41.48259],[2.33695,41.48263],[2.33714,41.48267],[2.33784,41.48283],[2.33971,41.48321],[2.34081,41.48345],[2.34117,41.48353],[2.34176,41.48368],[2.34229,41.48383],[2.34249,41.4839],[2.34548,41.48464],[2.34564,41.48469],[2.34621,41.48488],[2.34681,41.48513],[2.34603,41.48619],[2.34556,41.48681],[2.34543,41.48695],[2.34443,41.48787],[2.34408,41.4882]]]},"properties":{"codi_ine":"08118","nom":"el Masnou","comarca":"Maresme"}},
{"type":"Feature","geometry":{"type":"Polygon","coordinates":[[[1.84402,41.50684],[1.84316,41.508],[1.84266,41.50796],[1.84226,41.50803],[1.84212,41.50809],[1.84107,41.50862],[1.84091,41.50871],[1.83934,41.50982],[1.8388,41.5105],[1.83861,41.51077],[1.83838,41.51086],[1.83757,41.51106],[1.8373,41.51107],[1.8366,41.51096],[1.83615,41.51096],[1.83567,41.51105],[1.83546,41.51113],[1.83535,41.51127],[1.83518,41.51213],[1.83535,41.5128],[1.83538,41.51327],[1.83501,41.51348],[1.83487,41.51353],[1.83438,41.51361],[1.83398,41.51362],[1.83383,41.5136],[1.83359,41.51339],[1.83358,41.51329],[1.83362,41.51312],[1.8337,41.51285],[1.83371,41.51276],[1.83366,41.51264],[1.83344,41.51233],[1.8333,41.51216],[1.83314,41.51201],[1.83303,41.51195],[1.83277,41.51187],[1.83265,41.51187],[1.83243,41.51193],[1.83219,41.51209],[1.83189,41.5123],[1.83164,41.51243],[1.83141,41.51247],[1.83113,41.51243],[1.83095,41.51235],[1.83079,41.51223],[1.83063,41.51202],[1.83048,41.51178],[1.83042,41.51156],[1.83031,41.51106],[1.83021,41.51082],[1.83008,41.5106],[1.83002,41.51054],[1.82956,41.5103],[1.82951,41.51028],[1.82915,41.51028],[1.82907,41.51032],[1.82865,41.5107],[1.82825,41.51103],[1.82808,41.51112],[1.82799,41.51115],[1.82758,41.51119],[1.82746,41.51117],[1.82728,41.51103],[1.82711,41.5107],[1.82695,41.51047],[1.8265,41.50986],[1.8264,41.50977],[1.8262,41.50973],[1.82605,41.50977],[1.82569,41.50994],[1.82511,41.51022],[1.82363,41.51038],[1.82281,41.51072],[1.82252,41.51099],[1.82169,41.5114],[1.82158,41.51144],[1.82149,41.51137],[1.82143,41.51125],[1.82126,41.51082],[1.82113,41.51039],[1.82102,41.5097],[1.8209,41.50965],[1.8206,41.50974],[1.82044,41.50986],[1.8203,41.50998],[1.81998,41.51069],[1.81951,41.51161],[1.81936,41.51172],[1.81919,41.51172],[1.81896,41.51169],[1.81888,41.51163],[1.81882,41.51134],[1.81867,41.51123],[1.81851,41.51118],[1.81834,41.51117],[1.81816,41.51119],[1.81789,41.51128],[1.81734,41.51151],[1.8171,41.51163],[1.81658,41.51211],[1.8159,41.51258],[1.81578,41.51263],[1.81565,41.51266],[1.8155,41.51266],[1.81515,41.5126],[1.81501,41.51253],[1.81173,41.51291],[1.81163,41.51295],[1.81157,41.51302],[1.81147,41.51326],[1.81129,41.51385],[1.81127,41.514],[1.81128,41.51428],[1.81135,41.51444],[1.81135,41.51452],[1.81122,41.5146],[1.81095,41.51461],[1.81084,41.5146],[1.81048,41.51455],[1.81028,41.51447],[1.81015,41.5144],[1.81006,41.5143],[1.80997,41.51416],[1.80988,41.51405],[1.80977,41.514],[1.80962,41.51398],[1.80947,41.51399],[1.80923,41.51406],[1.80899,41.51418],[1.80889,41.51426],[1.80792,41.51527],[1.80745,41.51604],[1.80731,41.51618],[1.80712,41.51624],[1.80699,41.51625],[1.80626,41.51626],[1.80602,41.51623],[1.8056,41.51706],[1.80565,41.51718],[1.80568,41.51732],[1.80571,41.51777],[1.80571,41.51811],[1.80569,41.51822],[1.80563,41.51833],[1.80551,41.51843],[1.80539,41.51846],[1.80463,41.51846],[1.80448,41.51841],[1.8038,41.5181],[1.80356,41.51797],[1.80339,41.51784],[1.80324,41.51768],[1.80311,41.51756],[1.80299,41.51753],[1.80288,41.51754],[1.80257,41.51769],[1.80247,41.51776],[1.80241,41.51785],[1.80235,41.51805],[1.80227,41.5184],[1.80224,41.51866],[1.80224,41.51894],[1.80233,41.51936],[1.8024,41.5197],[1.80251,41.51997],[1.80258,41.52021],[1.80242,41.52038],[1.80232,41.52045],[1.80145,41.52099],[1.80066,41.52139],[1.8004,41.52152],[1.79907,41.52164],[1.79865,41.52169],[1.79808,41.52183],[1.79696,41.52216],[1.79611,41.52248],[1.79438,41.52319],[1.7938,41.52342],[1.79154,41.52394],[1.79032,41.5245],[1.78912,41.52521],[1.78628,41.52601],[1.78479,41.52634],[1.78293,41.52706],[1.78143,41.52792],[1.77979,41.52864],[1.77966,41.52866],[1.77864,41.52763],[1.77899,41.52681],[1.77931,41.5262],[1.7794,41.52591],[1.77947,41.52505],[1.77909,41.52492],[1.77894,41.52498],[1.77868,41.52476],[1.77857,41.52461],[1.77817,41.52396],[1.77812,41.52385],[1.77811,41.52375],[1.77934,41.52311],[1.78121,41.52211],[1.78151,41.52192],[1.78162,41.52177],[1.78193,41.52111],[1.78155,41.52011],[1.78233,41.51954],[1.78235,41.51884],[1.78213,41.51725],[1.78232,41.51712],[1.78263,41.51694],[1.78309,41.51661],[1.78403,41.51557],[1.78423,41.51532],[1.78502,41.51404],[1.78592,41.51311],[1.78626,41.5128],[1.78647,41.51258],[1.78641,41.51247],[1.78601,41.51221],[1.78586,41.51211],[1.78564,41.51202],[1.78393,41.51124],[1.78347,41.5109],[1.78273,41.50997],[1.78231,41.5094],[1.78226,41.50931],[1.78099,41.50687],[1.78073,41.50627],[1.78065,41.50589],[1.78072,41.50537],[1.78076,41.50528],[1.781,41.50485],[1.78175,41.50452],[1.78225,41.50431],[1.78351,41.50364],[1.78386,41.5026],[1.7844,41.50158],[1.78482,41.50047],[1.78503,41.49902],[1.78503,41.49832],[1.78495,41.49799],[1.78499,41.49775],[1.78515,41.49713],[1.78525,41.49688],[1.78554,41.4964],[1.78616,41.49555],[1.78644,41.49528],[1.78691,41.49465],[1.787,41.4945],[1.78705,41.49435],[1.78704,41.49413],[1.787,41.49371],[1.78698,41.49348],[1.78701,41.49324],[1.78717,41.49244],[1.78726,41.4921],[1.78738,41.49188],[1.78779,41.49119],[1.78854,41.48988],[1.78866,41.48967],[1.78875,41.48944],[1.78879,41.48929],[1.78884,41.48885],[1.78898,41.48757],[1.78904,41.48733],[1.78912,41.4872],[1.78922,41.48709],[1.78992,41.48646],[1.79012,41.48621],[1.7902,41.486],[1.79026,41.48577],[1.79028,41.48558],[1.79026,41.48544],[1.7901,41.48511],[1.79018,41.48356],[1.79033,41.48153],[1.79038,41.48117],[1.79104,41.47948],[1.79123,41.47919],[1.79136,41.47894],[1.79149,41.47855],[1.79157,41.47823],[1.79162,41.47797],[1.79173,41.47728],[1.79171,41.47703],[1.79164,41.47681],[1.79175,41.47549],[1.79199,41.47374],[1.79248,41.47367],[1.79275,41.47375],[1.79332,41.4752],[1.79346,41.47573],[1.79299,41.47626],[1.79297,41.47633],[1.79328,41.47647],[1.79351,41.47649],[1.7942,41.47647],[1.797,41.47587],[1.79847,41.47536],[1.79906,41.47511],[1.79966,41.47484],[1.80018,41.47456],[1.80211,41.47385],[1.80238,41.47373],[1.80256,41.4736],[1.80263,41.47351],[1.80288,41.47309],[1.8034,41.47298],[1.80601,41.47332],[1.80641,41.47343],[1.80656,41.47348],[1.80678,41.47463],[1.80795,41.47558],[1.80726,41.47654],[1.80943,41.48024],[1.80961,41.48069],[1.81024,41.48086],[1.81195,41.48096],[1.81298,41.48098],[1.81309,41.48097],[1.81383,41.48087],[1.81406,41.48083],[1.81423,41.48075],[1.81441,41.48072],[1.8148,41.48074],[1.8155,41.48084],[1.81627,41.48099],[1.81953,41.48201],[1.81974,41.48223],[1.81985,41.48232],[1.82014,41.48241],[1.82023,41.48242],[1.82137,41.48235],[1.82157,41.48167],[1.82162,41.48157],[1.82173,41.48139],[1.82189,41.48125],[1.82197,41.48122],[1.8222,41.48123],[1.82232,41.48129],[1.8239,41.48149],[1.82444,41.48282],[1.82452,41.48367],[1.82464,41.48441],[1.82499,41.48532],[1.82519,41.48529],[1.82531,41.4853],[1.82543,41.48533],[1.82555,41.4854],[1.82591,41.48582],[1.82609,41.48612],[1.82618,41.48632],[1.82672,41.48768],[1.82704,41.48842],[1.8281,41.49036],[1.82865,41.49132],[1.82996,41.49309],[1.83074,41.49393],[1.83122,41.49414],[1.83135,41.49429],[1.83171,41.49485],[1.83189,41.49524],[1.83186,41.49532],[1.83181,41.49572],[1.83244,41.49574],[1.83302,41.49573],[1.83332,41.49571],[1.83369,41.49568],[1.8341,41.49563],[1.83457,41.49556],[1.83498,41.49549],[1.83546,41.49537],[1.83577,41.49529],[1.83673,41.495],[1.83913,41.49453],[1.83967,41.49444],[1.8402,41.49434],[1.84057,41.49425],[1.8411,41.49409],[1.84159,41.49391],[1.84202,41.49372],[1.84232,41.49358],[1.84266,41.49339],[1.84303,41.49316],[1.8428,41.4939],[1.84241,41.49581],[1.84236,41.49603],[1.84226,41.49623],[1.84203,41.49656],[1.8419,41.49672],[1.8417,41.49691],[1.84158,41.49699],[1.84049,41.49765],[1.84003,41.498],[1.83888,41.49895],[1.83856,41.49962],[1.83853,41.49993],[1.83854,41.5001],[1.83861,41.50024],[1.83877,41.50044],[1.83895,41.50063],[1.83907,41.50072],[1.83949,41.50099],[1.83978,41.50119],[1.8401,41.50147],[1.84037,41.50183],[1.84053,41.50209],[1.84094,41.50292],[1.84123,41.50363],[1.84109,41.50396],[1.84101,41.50411],[1.84098,41.50441],[1.841,41.50456],[1.84103,41.50468],[1.8412,41.50494],[1.8413,41.50506],[1.84264,41.50641],[1.84338,41.50689],[1.84402,41.50684]]]},"properties":{"codi_ine":"08119","nom":"Masquefa","comarca":"Anoia"}},
{"type":"Feature","geometry":{"type":"Polygon","coordinates":[[[2.04073,41.65301],[2.03732,41.65483],[2.03566,41.65568],[2.03512,41.65585],[2.03474,41.6558],[2.03435,41.65559],[2.03422,41.6555],[2.03405,41.65535],[2.03397,41.65525],[2.03246,41.6547],[2.03069,41.65477],[2.03043,41.65472],[2.03027,41.6547],[2.0296,41.65467],[2.02933,41.65467],[2.02894,41.65472],[2.02802,41.65491],[2.02785,41.65498],[2.02762,41.65521],[2.02751,41.65557],[2.02743,41.65567],[2.02726,41.65582],[2.02709,41.65591],[2.0262,41.65637],[2.02582,41.65654],[2.0254,41.65664],[2.0251,41.65663],[2.0226,41.65678],[2.02238,41.6568],[2.02222,41.65679],[2.0213,41.65668],[2.01883,41.65521],[2.01836,41.65581],[2.01634,41.65593],[2.0144,41.65678],[2.01443,41.65716],[2.01452,41.65757],[2.0146,41.65782],[2.0147,41.65798],[2.0147,41.65804],[2.01451,41.65828],[2.01436,41.6583],[2.01421,41.65822],[2.01352,41.65742],[2.01333,41.65717],[2.01307,41.65685],[2.01271,41.65643],[2.0124,41.65619],[2.01234,41.65617],[2.01202,41.65614],[2.01126,41.65615],[2.01088,41.65622],[2.01047,41.65634],[2.01067,41.65808],[2.01043,41.6584],[2.01034,41.65795],[2.00959,41.65689],[2.00939,41.65666],[2.00884,41.65618],[2.00849,41.65608],[2.00649,41.65564],[2.00574,41.65533],[2.00468,41.65457],[2.00284,41.65431],[2.00264,41.65433],[2.00237,41.65446],[2.00193,41.65468],[2.00161,41.65484],[2.00133,41.65492],[2.00107,41.65491],[2.00083,41.65484],[2.00037,41.65468],[1.99936,41.65449],[1.99906,41.65462],[1.99825,41.65483],[1.99657,41.65526],[1.99569,41.65541],[1.99555,41.65542],[1.99545,41.6554],[1.9954,41.65528],[1.9953,41.65517],[1.9946,41.65481],[1.99443,41.65475],[1.99429,41.65473],[1.99368,41.6548],[1.99054,41.65448],[1.99017,41.65442],[1.98997,41.65435],[1.98293,41.64817],[1.98183,41.63501],[1.97911,41.62333],[1.98005,41.62287],[1.98169,41.62173],[1.98325,41.62013],[1.98422,41.61923],[1.98493,41.61824],[1.98687,41.61708],[1.98845,41.61685],[1.98897,41.6162],[1.99024,41.61463],[1.99089,41.61427],[1.99138,41.61403],[1.9928,41.6131],[1.99395,41.61282],[1.99481,41.61257],[1.99554,41.6122],[1.99659,41.61162],[1.99674,41.6115],[1.99778,41.61038],[1.99817,41.60986],[1.99972,41.60923],[2.0004,41.60898],[2.00093,41.60847],[2.00128,41.60798],[2.00165,41.60768],[2.00334,41.60689],[2.0043,41.60646],[2.00479,41.60628],[2.00534,41.60627],[2.00602,41.6061],[2.00638,41.60587],[2.00704,41.60531],[2.00755,41.60507],[2.00776,41.60502],[2.0092,41.60507],[2.0104,41.6051],[2.01102,41.60502],[2.01136,41.60459],[2.01525,41.60207],[2.01625,41.60189],[2.01722,41.60171],[2.0174,41.60166],[2.01757,41.60159],[2.01777,41.60148],[2.01997,41.60175],[2.02016,41.60182],[2.02032,41.60182],[2.02063,41.60168],[2.02088,41.60151],[2.02105,41.60136],[2.02122,41.6011],[2.0213,41.60091],[2.02135,41.6007],[2.02135,41.60056],[2.02128,41.60027],[2.02103,41.59959],[2.02036,41.59754],[2.01991,41.59577],[2.01988,41.59553],[2.01996,41.59489],[2.02011,41.59471],[2.02284,41.59411],[2.02332,41.59416],[2.02396,41.59407],[2.02655,41.59351],[2.02834,41.59235],[2.02841,41.59233],[2.02858,41.59263],[2.02966,41.59371],[2.03092,41.59488],[2.0311,41.59471],[2.0313,41.59449],[2.03141,41.59443],[2.0324,41.5943],[2.03377,41.5949],[2.03419,41.59513],[2.03331,41.59565],[2.03335,41.59588],[2.03342,41.59598],[2.03475,41.59723],[2.03621,41.59839],[2.0442,41.60384],[2.04536,41.60473],[2.04543,41.60505],[2.04544,41.60554],[2.04553,41.60581],[2.04577,41.60613],[2.04613,41.60659],[2.04642,41.6074],[2.04636,41.60932],[2.04627,41.60946],[2.04612,41.60959],[2.0457,41.60987],[2.04445,41.61035],[2.04393,41.6104],[2.04324,41.61054],[2.04312,41.61061],[2.04292,41.611],[2.04237,41.61237],[2.04212,41.61361],[2.04216,41.61387],[2.04207,41.61409],[2.0417,41.61469],[2.04007,41.61506],[2.03899,41.6153],[2.03887,41.61544],[2.03821,41.61676],[2.0375,41.61873],[2.0371,41.62004],[2.03685,41.62049],[2.03633,41.62097],[2.03548,41.62206],[2.03522,41.62267],[2.03521,41.62321],[2.03523,41.62352],[2.03536,41.6239],[2.03538,41.62428],[2.03531,41.62462],[2.03514,41.62471],[2.03458,41.62477],[2.03333,41.62499],[2.03195,41.62537],[2.03116,41.6259],[2.0299,41.62639],[2.02928,41.62632],[2.02904,41.62635],[2.02884,41.62646],[2.02827,41.62701],[2.02811,41.62718],[2.02811,41.6274],[2.02818,41.62768],[2.02816,41.62791],[2.02775,41.62859],[2.02722,41.62912],[2.02678,41.62945],[2.02673,41.62946],[2.0263,41.62971],[2.02568,41.63011],[2.02567,41.63034],[2.02568,41.63058],[2.02538,41.63203],[2.02576,41.63318],[2.02725,41.63461],[2.02747,41.63478],[2.02825,41.63532],[2.02851,41.63538],[2.02869,41.63538],[2.02936,41.63552],[2.031,41.63605],[2.03113,41.63626],[2.03743,41.64826],[2.0377,41.64848],[2.03785,41.64857],[2.03801,41.64863],[2.03871,41.64882],[2.03902,41.64898],[2.03938,41.64922],[2.03956,41.64935],[2.03975,41.6496],[2.04001,41.65001],[2.04065,41.65112],[2.04077,41.65184],[2.0408,41.65217],[2.04073,41.65301]]]},"properties":{"codi_ine":"08120","nom":"Matadepera","comarca":"Vallès Occidental"}},
{"type":"Feature","geometry":{"type":"Polygon","coordinates":[[[2.45631,41.58011],[2.44924,41.58056],[2.44761,41.58051],[2.4435,41.57953],[2.44048,41.57866],[2.43704,41.57781],[2.43645,41.57772],[2.43625,41.5778],[2.43537,41.57796],[2.43366,41.57817],[2.43335,41.5782],[2.43157,41.57835],[2.42685,41.57838],[2.42019,41.57658],[2.41636,41.57694],[2.41852,41.57489],[2.42061,41.57342],[2.42304,41.57428],[2.425,41.57267],[2.42512,41.57031],[2.42691,41.56798],[2.42587,41.56617],[2.42488,41.5644],[2.42361,41.56364],[2.42399,41.56155],[2.42542,41.55587],[2.42582,41.55511],[2.42597,41.55371],[2.42601,41.55216],[2.42597,41.55194],[2.42594,41.55013],[2.42594,41.54939],[2.42598,41.54911],[2.42317,41.54728],[2.41852,41.54521],[2.41775,41.54321],[2.41529,41.54317],[2.42103,41.53245],[2.42106,41.53203],[2.42114,41.53196],[2.42256,41.52212],[2.42293,41.52096],[2.42353,41.51955],[2.42367,41.51931],[2.42383,41.51913],[2.42394,41.51917],[2.42442,41.51944],[2.4253,41.51986],[2.426,41.52023],[2.42696,41.52075],[2.42754,41.52108],[2.42827,41.52155],[2.42846,41.52165],[2.42908,41.52206],[2.43078,41.52312],[2.43113,41.52335],[2.43124,41.52344],[2.43183,41.52381],[2.43229,41.52408],[2.43246,41.52421],[2.43295,41.52453],[2.43353,41.52488],[2.43386,41.52509],[2.43413,41.52528],[2.43458,41.52556],[2.43532,41.52595],[2.4357,41.52609],[2.43592,41.52616],[2.43617,41.52626],[2.43659,41.52649],[2.43698,41.52628],[2.43708,41.52621],[2.43718,41.52623],[2.43717,41.52636],[2.43698,41.52655],[2.43699,41.52663],[2.43708,41.52678],[2.43782,41.52727],[2.43863,41.5278],[2.43908,41.52808],[2.43958,41.52836],[2.44006,41.5286],[2.44055,41.52865],[2.4412,41.52868],[2.44136,41.52859],[2.44215,41.52804],[2.44227,41.52807],[2.44221,41.52815],[2.44207,41.52826],[2.44164,41.52855],[2.44133,41.52876],[2.44134,41.5289],[2.44147,41.52909],[2.4416,41.5292],[2.44182,41.52935],[2.44204,41.52944],[2.44232,41.52949],[2.44254,41.52941],[2.44301,41.52903],[2.44342,41.52873],[2.44391,41.52839],[2.4446,41.52787],[2.44471,41.52786],[2.44495,41.52812],[2.44458,41.5284],[2.44441,41.52826],[2.44308,41.52925],[2.44389,41.52986],[2.44475,41.52922],[2.44461,41.52912],[2.44478,41.52899],[2.44512,41.52925],[2.44495,41.52938],[2.44488,41.52932],[2.44445,41.52964],[2.44431,41.52994],[2.44439,41.53],[2.44477,41.52989],[2.44538,41.52944],[2.44542,41.52947],[2.44439,41.53024],[2.44676,41.53202],[2.44821,41.53095],[2.44775,41.5306],[2.44877,41.52984],[2.44635,41.52801],[2.44562,41.52855],[2.44552,41.5285],[2.44559,41.52844],[2.44626,41.52794],[2.44459,41.52668],[2.44424,41.52661],[2.4441,41.52661],[2.44397,41.52655],[2.4439,41.52647],[2.44387,41.52638],[2.44395,41.52622],[2.44404,41.52616],[2.44422,41.52609],[2.4443,41.52608],[2.44442,41.52613],[2.44473,41.52634],[2.44496,41.52654],[2.44523,41.52675],[2.44551,41.52695],[2.44604,41.5273],[2.44685,41.52792],[2.44729,41.52826],[2.44809,41.52886],[2.44846,41.52913],[2.44909,41.5296],[2.4492,41.5297],[2.44929,41.5298],[2.44939,41.53001],[2.44945,41.53027],[2.44943,41.5304],[2.44935,41.53063],[2.44931,41.5307],[2.44892,41.53119],[2.44856,41.53162],[2.44813,41.53216],[2.44817,41.53227],[2.44826,41.53244],[2.44843,41.53265],[2.44901,41.53328],[2.44914,41.53344],[2.44963,41.53394],[2.45003,41.53429],[2.45065,41.53473],[2.45111,41.53509],[2.45133,41.53526],[2.45211,41.53584],[2.45272,41.53628],[2.45327,41.53664],[2.4535,41.53676],[2.45367,41.53682],[2.45382,41.53685],[2.45396,41.53685],[2.45411,41.53682],[2.45426,41.53677],[2.45432,41.53664],[2.45428,41.5366],[2.45433,41.5365],[2.45444,41.53651],[2.45451,41.53656],[2.45482,41.53688],[2.45496,41.5371],[2.45498,41.53722],[2.45481,41.53741],[2.45484,41.53751],[2.45494,41.53766],[2.45533,41.53809],[2.45549,41.53825],[2.45623,41.53892],[2.45656,41.5392],[2.45725,41.53974],[2.45868,41.54083],[2.45911,41.54115],[2.45935,41.54131],[2.46006,41.5417],[2.46053,41.54194],[2.46082,41.54215],[2.46107,41.54238],[2.46127,41.54252],[2.46142,41.54259],[2.46174,41.54268],[2.46207,41.54281],[2.46348,41.54352],[2.464,41.54375],[2.46422,41.54382],[2.46449,41.54394],[2.46587,41.54472],[2.46615,41.54486],[2.46693,41.54518],[2.46746,41.54551],[2.46764,41.5456],[2.46789,41.54571],[2.46812,41.54575],[2.46859,41.54589],[2.46928,41.54615],[2.46958,41.54629],[2.47002,41.54654],[2.47023,41.54661],[2.47073,41.54672],[2.47119,41.54684],[2.472,41.54712],[2.4723,41.54721],[2.47416,41.54769],[2.47498,41.54789],[2.47622,41.5482],[2.47769,41.54861],[2.47824,41.54877],[2.4785,41.54883],[2.47903,41.54893],[2.47935,41.54901],[2.47958,41.5491],[2.47972,41.54914],[2.48079,41.5494],[2.48173,41.54963],[2.48233,41.54981],[2.48324,41.54996],[2.48358,41.55006],[2.48494,41.55049],[2.48546,41.55065],[2.48714,41.55108],[2.48457,41.55607],[2.48281,41.55948],[2.48005,41.56229],[2.47963,41.56311],[2.47962,41.56322],[2.47952,41.56385],[2.47933,41.56439],[2.47921,41.56472],[2.47913,41.56489],[2.47904,41.56495],[2.47879,41.56499],[2.47767,41.56579],[2.47731,41.56629],[2.47647,41.56717],[2.47397,41.56923],[2.47259,41.57041],[2.47061,41.57244],[2.47014,41.57293],[2.46556,41.57346],[2.45997,41.57371],[2.45819,41.57899],[2.45631,41.58011]]]},"properties":{"codi_ine":"08121","nom":"Mataró","comarca":"Maresme"}},
{"type":"Feature","geometry":{"type":"Polygon","coordinates":[[[2.05936,41.43539],[2.05949,41.43583],[2.05954,41.43614],[2.05953,41.43635],[2.05943,41.4367],[2.05968,41.4374],[2.05985,41.43765],[2.06059,41.43753],[2.06132,41.4375],[2.06165,41.43761],[2.0621,41.43822],[2.06274,41.43961],[2.06382,41.44178],[2.06418,41.44214],[2.06396,41.44321],[2.06388,41.44345],[2.06364,41.44377],[2.06192,41.44465],[2.06077,41.44499],[2.05955,41.44491],[2.05762,41.44494],[2.057,41.44495],[2.05657,41.445],[2.05625,41.44506],[2.05596,41.44522],[2.05489,41.44554],[2.05475,41.44556],[2.0543,41.44552],[2.05415,41.44548],[2.05402,41.44541],[2.05375,41.44523],[2.05259,41.44499],[2.05155,41.44491],[2.04983,41.44465],[2.0484,41.44462],[2.048,41.44471],[2.04719,41.44486],[2.04698,41.44489],[2.04657,41.44488],[2.04638,41.44486],[2.04572,41.44472],[2.0455,41.44464],[2.04381,41.44445],[2.04242,41.4444],[2.04105,41.4442],[2.04042,41.44389],[2.0401,41.44361],[2.03996,41.4435],[2.03914,41.44296],[2.03853,41.44262],[2.03803,41.44238],[2.03756,41.44219],[2.03728,41.44229],[2.03695,41.44223],[2.03609,41.44206],[2.03514,41.44181],[2.03491,41.44172],[2.0347,41.44166],[2.0346,41.44165],[2.03295,41.44169],[2.03278,41.44102],[2.03274,41.43969],[2.03188,41.43874],[2.03164,41.4386],[2.03056,41.43795],[2.03007,41.43757],[2.02999,41.43747],[2.02991,41.43734],[2.02991,41.43696],[2.02942,41.43605],[2.0286,41.43468],[2.02826,41.43363],[2.02745,41.4329],[2.027,41.43262],[2.02445,41.43137],[2.0213,41.43036],[2.02041,41.43027],[2.01944,41.43004],[2.01926,41.42974],[2.01896,41.42889],[2.01846,41.4276],[2.01802,41.42728],[2.01791,41.42726],[2.01736,41.42764],[2.0171,41.42788],[2.01073,41.42583],[2.00818,41.42449],[2.00911,41.42171],[2.00886,41.42161],[2.00855,41.42162],[2.00831,41.42169],[2.00737,41.422],[2.007,41.42204],[2.0056,41.42144],[2.00584,41.421],[2.0062,41.42024],[2.00726,41.41737],[2.00774,41.41542],[2.00812,41.41408],[2.00851,41.41295],[2.00901,41.41199],[2.00971,41.41098],[2.01049,41.4102],[2.01093,41.40966],[2.01124,41.40914],[2.01165,41.40833],[2.01203,41.40781],[2.01262,41.40714],[2.01305,41.40658],[2.01336,41.40616],[2.01444,41.40455],[2.01482,41.40389],[2.0153,41.40294],[2.01602,41.40161],[2.01632,41.40106],[2.01717,41.39967],[2.01864,41.39747],[2.01913,41.39663],[2.01982,41.39545],[2.02102,41.39301],[2.02125,41.39238],[2.02145,41.39132],[2.02182,41.38978],[2.02291,41.39014],[2.02464,41.39112],[2.02698,41.39243],[2.02861,41.39332],[2.03239,41.39534],[2.03326,41.39577],[2.03424,41.39626],[2.03478,41.39662],[2.03532,41.39721],[2.03489,41.39797],[2.03472,41.39819],[2.03386,41.39889],[2.03291,41.39997],[2.03491,41.40126],[2.0362,41.40228],[2.03735,41.40331],[2.03778,41.40369],[2.03807,41.40384],[2.03911,41.4042],[2.03925,41.40433],[2.03941,41.40453],[2.03957,41.40487],[2.0402,41.40605],[2.04051,41.40643],[2.0409,41.40704],[2.04115,41.40817],[2.0413,41.40822],[2.04161,41.40828],[2.04199,41.40834],[2.04219,41.40835],[2.04236,41.40833],[2.04258,41.40829],[2.04388,41.40851],[2.04484,41.40881],[2.0454,41.40904],[2.04763,41.41022],[2.0495,41.41067],[2.04892,41.41129],[2.04826,41.41165],[2.04803,41.41153],[2.04768,41.41156],[2.04761,41.41158],[2.04739,41.41176],[2.04736,41.41182],[2.04803,41.41327],[2.04821,41.41356],[2.04856,41.41386],[2.04895,41.41403],[2.04901,41.41403],[2.0496,41.4137],[2.05044,41.41415],[2.05148,41.41471],[2.05158,41.41475],[2.05187,41.4148],[2.05227,41.41478],[2.05263,41.41473],[2.05357,41.41458],[2.05394,41.41441],[2.05456,41.41409],[2.05464,41.41395],[2.05523,41.41447],[2.05594,41.41516],[2.0569,41.416],[2.05696,41.41656],[2.05706,41.41766],[2.05705,41.4188],[2.05686,41.4192],[2.05663,41.41975],[2.0564,41.42044],[2.05644,41.42096],[2.05649,41.4212],[2.05647,41.42136],[2.05622,41.4217],[2.05608,41.42183],[2.05554,41.42227],[2.05551,41.42229],[2.05423,41.42272],[2.05252,41.42382],[2.05244,41.42389],[2.05233,41.42423],[2.05243,41.42444],[2.05289,41.42482],[2.05326,41.42501],[2.05466,41.42528],[2.05587,41.42548],[2.05679,41.42581],[2.05747,41.42622],[2.05766,41.42642],[2.05768,41.4268],[2.05755,41.42713],[2.05758,41.42751],[2.05769,41.4279],[2.05799,41.42827],[2.05826,41.42877],[2.05845,41.42918],[2.05845,41.42959],[2.05844,41.4309],[2.05842,41.4313],[2.05785,41.4326],[2.05779,41.4329],[2.05748,41.43461],[2.05749,41.43468],[2.05767,41.43581],[2.05811,41.43574],[2.05881,41.43556],[2.05936,41.43539]]]},"properties":{"codi_ine":"08123","nom":"Molins de Rei","comarca":"Baix Llobregat"}},
{"type":"Feature","geometry":{"type":"Polygon","coordinates":[[[2.20269,41.57577],[2.2019,41.57557],[2.20148,41.57549],[2.19956,41.57534],[2.19853,41.57569],[2.19831,41.57586],[2.19623,41.57541],[2.19624,41.57498],[2.19624,41.57483],[2.19731,41.57375],[2.19698,41.57326],[2.19643,41.57336],[2.19609,41.57344],[2.19587,41.5729],[2.19584,41.57275],[2.19585,41.5726],[2.19598,41.57222],[2.19653,41.57226],[2.19672,41.57226],[2.19677,41.57199],[2.19675,41.57183],[2.19666,41.5717],[2.19572,41.57126],[2.19447,41.5703],[2.19307,41.56951],[2.19319,41.56777],[2.19125,41.56733],[2.19115,41.5673],[2.19047,41.56682],[2.18761,41.56627],[2.18764,41.56553],[2.18768,41.56526],[2.18776,41.56499],[2.18803,41.56283],[2.18812,41.56217],[2.18816,41.56197],[2.1884,41.56108],[2.18847,41.56087],[2.18875,41.56025],[2.18949,41.55867],[2.18974,41.55744],[2.18989,41.55697],[2.19002,41.55677],[2.19098,41.5551],[2.19136,41.55442],[2.19184,41.55351],[2.19215,41.5529],[2.19267,41.55209],[2.19289,41.55177],[2.19311,41.55151],[2.19329,41.55132],[2.19351,41.551],[2.19362,41.55081],[2.19384,41.55036],[2.1941,41.54978],[2.19417,41.54952],[2.1942,41.54866],[2.1942,41.54852],[2.19418,41.54837],[2.1941,41.54812],[2.19401,41.54791],[2.1939,41.54769],[2.19386,41.54756],[2.19387,41.54743],[2.19391,41.54731],[2.19411,41.54684],[2.19419,41.54673],[2.1949,41.54617],[2.19657,41.54564],[2.19845,41.54505],[2.19906,41.54403],[2.1992,41.54324],[2.19955,41.54201],[2.19975,41.54141],[2.19987,41.54115],[2.19998,41.54102],[2.2004,41.54069],[2.20059,41.54059],[2.2007,41.5405],[2.20084,41.54032],[2.20092,41.54005],[2.20127,41.53873],[2.20131,41.53847],[2.20128,41.53832],[2.20113,41.53791],[2.20087,41.53729],[2.20086,41.5372],[2.20101,41.5367],[2.20114,41.53648],[2.20213,41.53527],[2.2026,41.5347],[2.20284,41.53443],[2.20312,41.53417],[2.20328,41.53411],[2.20371,41.53397],[2.20386,41.53376],[2.20394,41.53363],[2.20403,41.53342],[2.20409,41.53323],[2.20414,41.53299],[2.20412,41.53257],[2.20416,41.53246],[2.20549,41.53016],[2.20651,41.52933],[2.20651,41.52911],[2.2065,41.52889],[2.20642,41.52858],[2.20645,41.52807],[2.20772,41.52746],[2.2071,41.52696],[2.20672,41.52642],[2.20721,41.52636],[2.20885,41.52602],[2.20982,41.52577],[2.21145,41.52536],[2.21249,41.52525],[2.21357,41.52483],[2.21405,41.52461],[2.21494,41.52419],[2.21546,41.52404],[2.21595,41.52395],[2.21619,41.52427],[2.21678,41.52499],[2.21717,41.52545],[2.21786,41.52632],[2.21861,41.52734],[2.21896,41.52791],[2.21933,41.52858],[2.21955,41.52902],[2.22001,41.52999],[2.22013,41.5302],[2.22048,41.53076],[2.22077,41.5312],[2.22101,41.53157],[2.22157,41.53228],[2.22226,41.53302],[2.223,41.53377],[2.2238,41.53454],[2.22506,41.53582],[2.22567,41.53655],[2.22594,41.53691],[2.22631,41.53744],[2.22727,41.53843],[2.22957,41.54039],[2.2302,41.54089],[2.23049,41.54111],[2.23043,41.54164],[2.23041,41.54238],[2.23041,41.54265],[2.23055,41.54337],[2.23063,41.54378],[2.23077,41.54408],[2.23088,41.54446],[2.23098,41.54495],[2.2311,41.54541],[2.23186,41.54719],[2.23239,41.54823],[2.23309,41.55023],[2.23341,41.55165],[2.23378,41.55349],[2.23401,41.55465],[2.23263,41.5548],[2.23214,41.55485],[2.22948,41.55516],[2.22893,41.55525],[2.22756,41.55559],[2.22468,41.5559],[2.22037,41.55622],[2.21926,41.55636],[2.21219,41.55681],[2.21201,41.55711],[2.21172,41.55775],[2.21159,41.55838],[2.21153,41.55859],[2.21124,41.55928],[2.21101,41.55973],[2.21065,41.56035],[2.21041,41.56075],[2.20942,41.56271],[2.20829,41.56544],[2.20796,41.56583],[2.20563,41.5675],[2.20537,41.56765],[2.20523,41.56767],[2.20496,41.56764],[2.20487,41.56765],[2.20473,41.56774],[2.20418,41.56847],[2.20404,41.56867],[2.20391,41.56922],[2.20351,41.57059],[2.20336,41.57104],[2.20304,41.57151],[2.20281,41.57254],[2.2028,41.57261],[2.20282,41.5728],[2.20289,41.573],[2.203,41.57365],[2.20293,41.57459],[2.2028,41.5753],[2.20269,41.57577]]]},"properties":{"codi_ine":"08124","nom":"Mollet del Vallès","comarca":"Vallès Oriental"}},
{"type":"Feature","geometry":{"type":"MultiPolygon","coordinates":[[[[2.18908,41.51549],[2.18903,41.51564],[2.1889,41.51596],[2.18877,41.51616],[2.18841,41.51642],[2.18803,41.51666],[2.18795,41.5167],[2.18758,41.51681],[2.18648,41.51708],[2.18597,41.51707],[2.1854,41.51698],[2.18517,41.51696],[2.18485,41.51695],[2.18462,41.51697],[2.1839,41.51707],[2.18232,41.51731],[2.18214,41.51734],[2.18181,41.51742],[2.18128,41.51758],[2.18106,41.51767],[2.18007,41.51826],[2.17894,41.51883],[2.17832,41.51902],[2.17779,41.51926],[2.17676,41.52006],[2.17506,41.52078],[2.17472,41.52092],[2.17406,41.52062],[2.17402,41.52057],[2.17376,41.5199],[2.17373,41.51974],[2.17372,41.5195],[2.17364,41.51849],[2.1736,41.51802],[2.17327,41.51752],[2.17297,41.51751],[2.17247,41.51747],[2.17234,41.51745],[2.17215,41.51738],[2.17142,41.51706],[2.17111,41.5169],[2.17108,41.51682],[2.17106,41.51647],[2.17109,41.51619],[2.17109,41.51541],[2.17021,41.51482],[2.17002,41.51488],[2.16924,41.5151],[2.1686,41.51527],[2.16698,41.51555],[2.16579,41.51545],[2.16574,41.51542],[2.16553,41.51538],[2.16541,41.51538],[2.16494,41.51544],[2.16468,41.51548],[2.16397,41.51565],[2.16382,41.5157],[2.16336,41.516],[2.16317,41.51607],[2.16266,41.51613],[2.16262,41.51581],[2.16251,41.5147],[2.16245,41.51351],[2.16216,41.51303],[2.16182,41.51257],[2.16164,41.51195],[2.16161,41.5118],[2.16161,41.51166],[2.16164,41.51129],[2.16106,41.51032],[2.16118,41.50935],[2.16073,41.5083],[2.15955,41.50777],[2.159,41.50739],[2.15899,41.50738],[2.15946,41.50703],[2.15981,41.50683],[2.16014,41.50669],[2.16054,41.50648],[2.16068,41.50638],[2.16094,41.50611],[2.16109,41.50593],[2.16132,41.50564],[2.1621,41.50462],[2.16368,41.50274],[2.1644,41.50175],[2.16463,41.50128],[2.16466,41.50114],[2.16483,41.50074],[2.16489,41.50065],[2.1651,41.50042],[2.16564,41.49995],[2.16583,41.49981],[2.16596,41.49972],[2.16623,41.49947],[2.1664,41.4992],[2.16691,41.49828],[2.16702,41.49804],[2.1673,41.49751],[2.16759,41.49703],[2.16802,41.49642],[2.16821,41.49624],[2.16851,41.49611],[2.16904,41.49584],[2.16974,41.49539],[2.17016,41.4951],[2.17,41.4949],[2.1699,41.49481],[2.17108,41.49389],[2.17308,41.49279],[2.1733,41.49266],[2.17327,41.49262],[2.17181,41.49138],[2.16948,41.48942],[2.16917,41.48889],[2.16784,41.48931],[2.165,41.48992],[2.16317,41.49035],[2.16079,41.49082],[2.16067,41.49063],[2.15984,41.48901],[2.15891,41.48863],[2.15862,41.48857],[2.15824,41.48853],[2.15676,41.48885],[2.15627,41.48902],[2.15575,41.48927],[2.15514,41.48957],[2.15314,41.48983],[2.15277,41.48989],[2.15237,41.48968],[2.15326,41.48863],[2.15362,41.48831],[2.15524,41.48724],[2.15731,41.48611],[2.15958,41.48479],[2.15906,41.48377],[2.15863,41.48329],[2.15724,41.48184],[2.15771,41.47995],[2.15417,41.47515],[2.1548,41.47491],[2.15535,41.47469],[2.15652,41.4731],[2.15571,41.46724],[2.15624,41.46702],[2.15826,41.46822],[2.15868,41.46827],[2.15855,41.46785],[2.15843,41.46764],[2.15826,41.46749],[2.15807,41.46716],[2.15807,41.46706],[2.15845,41.46644],[2.15865,41.46628],[2.15962,41.46583],[2.1598,41.46547],[2.15985,41.46473],[2.15983,41.4646],[2.15967,41.46427],[2.15921,41.46348],[2.15871,41.46279],[2.15825,41.462],[2.15779,41.46106],[2.15852,41.46024],[2.15782,41.45954],[2.15738,41.45863],[2.15731,41.45839],[2.15722,41.45788],[2.15697,41.45611],[2.15744,41.45568],[2.1578,41.45565],[2.15801,41.4555],[2.15836,41.45486],[2.15856,41.45375],[2.15584,41.44993],[2.1567,41.44985],[2.15816,41.44995],[2.15859,41.45026],[2.15897,41.45052],[2.15956,41.45052],[2.16104,41.45033],[2.16239,41.44999],[2.16269,41.44983],[2.16279,41.44979],[2.16298,41.44977],[2.16389,41.44977],[2.16414,41.44982],[2.16417,41.44987],[2.16429,41.45039],[2.16436,41.45057],[2.1644,41.45064],[2.16476,41.45106],[2.16479,41.45109],[2.16508,41.45122],[2.16531,41.45131],[2.16551,41.45144],[2.16558,41.45152],[2.16559,41.45167],[2.16557,41.4518],[2.16539,41.45215],[2.16533,41.45225],[2.16484,41.45284],[2.16483,41.45363],[2.16489,41.45405],[2.16451,41.45501],[2.16441,41.45512],[2.16417,41.45579],[2.16423,41.45604],[2.16478,41.45689],[2.16532,41.45769],[2.16567,41.45819],[2.16616,41.45847],[2.16644,41.45871],[2.16692,41.45917],[2.16733,41.46021],[2.16826,41.4607],[2.16955,41.46068],[2.1719,41.46127],[2.17376,41.46254],[2.17436,41.46302],[2.17452,41.46348],[2.17492,41.46385],[2.17562,41.46375],[2.1778,41.46424],[2.17885,41.46448],[2.18071,41.46494],[2.18042,41.46509],[2.18014,41.46527],[2.17984,41.46551],[2.17947,41.46588],[2.17917,41.46621],[2.17894,41.46653],[2.17879,41.4668],[2.17867,41.46708],[2.17861,41.46742],[2.17861,41.46769],[2.17864,41.46795],[2.17869,41.46818],[2.17941,41.46759],[2.18051,41.46766],[2.18069,41.46767],[2.18169,41.46784],[2.18239,41.468],[2.1831,41.46816],[2.18362,41.46828],[2.18379,41.4683],[2.18407,41.4683],[2.18442,41.46825],[2.18458,41.4682],[2.18538,41.4678],[2.1858,41.46776],[2.18706,41.46772],[2.18893,41.47084],[2.18914,41.4708],[2.19065,41.47061],[2.19315,41.47191],[2.19329,41.47203],[2.1934,41.4721],[2.19376,41.47226],[2.19398,41.47234],[2.19414,41.47238],[2.19451,41.47244],[2.19519,41.4724],[2.19552,41.47235],[2.1964,41.47249],[2.19814,41.4729],[2.19841,41.47302],[2.19881,41.47317],[2.19946,41.47338],[2.19975,41.47342],[2.19987,41.47338],[2.20422,41.4712],[2.20447,41.471],[2.20463,41.47092],[2.20592,41.47041],[2.20615,41.47035],[2.20634,41.47032],[2.20659,41.47031],[2.20703,41.47032],[2.20893,41.47043],[2.2097,41.47059],[2.20989,41.47068],[2.21043,41.47089],[2.21063,41.47096],[2.21082,41.471],[2.21095,41.47101],[2.21097,41.47107],[2.21109,41.47115],[2.21133,41.4712],[2.21173,41.47122],[2.21227,41.47122],[2.21272,41.4713],[2.21327,41.47143],[2.21339,41.4715],[2.2138,41.47189],[2.2163,41.47435],[2.21662,41.47476],[2.21684,41.47517],[2.21707,41.47571],[2.21756,41.47701],[2.21744,41.47766],[2.2162,41.47764],[2.21513,41.47795],[2.21391,41.47799],[2.21269,41.47826],[2.21181,41.48033],[2.21182,41.48048],[2.21205,41.48074],[2.21226,41.48085],[2.21249,41.48095],[2.21266,41.481],[2.21393,41.48195],[2.21513,41.4834],[2.2157,41.48434],[2.21584,41.48458],[2.21635,41.48583],[2.21592,41.48655],[2.21545,41.48723],[2.21652,41.4881],[2.21684,41.48832],[2.21713,41.48845],[2.2181,41.48837],[2.21917,41.48904],[2.22022,41.48912],[2.22307,41.49061],[2.22336,41.49101],[2.22366,41.49139],[2.22442,41.49223],[2.22469,41.49252],[2.22427,41.49403],[2.22361,41.49494],[2.22339,41.49615],[2.2211,41.49667],[2.21923,41.49684],[2.21505,41.49781],[2.21096,41.49925],[2.20796,41.50113],[2.20766,41.50175],[2.20669,41.50233],[2.2063,41.50252],[2.20561,41.50283],[2.20527,41.50296],[2.20513,41.50303],[2.20472,41.50329],[2.20381,41.5039],[2.20317,41.50347],[2.2027,41.50312],[2.20194,41.50241],[2.20139,41.50202],[2.20087,41.50166],[2.20048,41.50142],[2.19999,41.50182],[2.19962,41.50214],[2.19943,41.50238],[2.19932,41.50258],[2.19913,41.50284],[2.19887,41.50317],[2.19805,41.50413],[2.19774,41.50445],[2.19705,41.50506],[2.19605,41.50587],[2.1951,41.50656],[2.194,41.5075],[2.19339,41.50802],[2.19325,41.50828],[2.19263,41.50925],[2.19192,41.51021],[2.1916,41.51056],[2.19106,41.51119],[2.19044,41.51202],[2.1902,41.51235],[2.18992,41.51281],[2.18979,41.51305],[2.18952,41.51365],[2.1894,41.51393],[2.18924,41.51467],[2.18908,41.51549]]],[[[2.18761,41.56627],[2.19047,41.56682],[2.19115,41.5673],[2.19125,41.56733],[2.19319,41.56777],[2.19307,41.56951],[2.19447,41.5703],[2.19572,41.57126],[2.19666,41.5717],[2.19675,41.57183],[2.19677,41.57199],[2.19672,41.57226],[2.19653,41.57226],[2.19598,41.57222],[2.19585,41.5726],[2.19584,41.57275],[2.19587,41.5729],[2.19609,41.57344],[2.19643,41.57336],[2.19698,41.57326],[2.19731,41.57375],[2.19624,41.57483],[2.19624,41.57498],[2.19619,41.57476],[2.19613,41.57465],[2.19578,41.57435],[2.1956,41.57423],[2.19513,41.57395],[2.19461,41.57385],[2.19411,41.57381],[2.19266,41.57378],[2.19082,41.57352],[2.18893,41.57328],[2.18802,41.5731],[2.18648,41.57254],[2.18654,41.57238],[2.18663,41.57192],[2.18673,41.57109],[2.18673,41.57064],[2.18674,41.57036],[2.18705,41.56923],[2.18731,41.56846],[2.18733,41.56837],[2.18755,41.56705],[2.18758,41.56672],[2.18761,41.56627]]]]},"properties":{"codi_ine":"08125","nom":"Montcada i Reixac","comarca":"Vallès Occidental"}},
{"type":"Feature","geometry":{"type":"Polygon","coordinates":[[[2.2953,41.47575],[2.29534,41.47644],[2.29525,41.47736],[2.29512,41.47751],[2.2948,41.47778],[2.29392,41.479],[2.29396,41.47909],[2.29387,41.47925],[2.29198,41.48235],[2.29187,41.48251],[2.29164,41.48223],[2.29146,41.48207],[2.29105,41.48176],[2.29029,41.48075],[2.29013,41.4806],[2.28988,41.4804],[2.28946,41.4801],[2.28727,41.47872],[2.28654,41.4783],[2.28557,41.47777],[2.2853,41.47763],[2.28392,41.47702],[2.28276,41.477],[2.28119,41.47641],[2.28021,41.47559],[2.27996,41.47516],[2.27961,41.47475],[2.27942,41.47456],[2.27927,41.47452],[2.27887,41.47456],[2.27872,41.4746],[2.27858,41.47469],[2.2785,41.47478],[2.27803,41.47541],[2.2779,41.47591],[2.27619,41.47506],[2.27632,41.47374],[2.27591,41.47342],[2.27557,41.47317],[2.2749,41.47275],[2.27425,41.47214],[2.27413,41.47203],[2.27286,41.4712],[2.27217,41.47135],[2.27141,41.47153],[2.27081,41.4717],[2.26925,41.47171],[2.26915,41.47159],[2.26885,41.47145],[2.26855,41.47134],[2.26829,41.47126],[2.26803,41.47121],[2.2673,41.47112],[2.26706,41.47125],[2.26698,41.4714],[2.26673,41.47161],[2.26659,41.4717],[2.26633,41.47176],[2.26585,41.47168],[2.26514,41.4715],[2.26387,41.47121],[2.26138,41.47068],[2.26133,41.47024],[2.26404,41.46719],[2.26424,41.46662],[2.26424,41.46651],[2.26494,41.46566],[2.26814,41.46335],[2.26848,41.46297],[2.26854,41.4627],[2.26859,41.46255],[2.26883,41.46213],[2.26916,41.46165],[2.26952,41.46126],[2.26998,41.46061],[2.27072,41.46104],[2.27106,41.46125],[2.27111,41.46137],[2.27152,41.46163],[2.2721,41.4619],[2.27239,41.46202],[2.27259,41.462],[2.27261,41.46198],[2.27287,41.46199],[2.27362,41.46243],[2.27484,41.46307],[2.27551,41.46345],[2.27611,41.46382],[2.27621,41.46379],[2.2764,41.4639],[2.27647,41.46401],[2.27642,41.46409],[2.27646,41.46418],[2.27655,41.46426],[2.27676,41.46439],[2.27703,41.4645],[2.27741,41.46463],[2.2777,41.46471],[2.27792,41.46474],[2.2781,41.46472],[2.2781,41.4646],[2.27822,41.46454],[2.27847,41.46456],[2.27872,41.4646],[2.27897,41.46471],[2.27915,41.46476],[2.27922,41.46475],[2.27944,41.46464],[2.27965,41.46451],[2.27981,41.46464],[2.27981,41.46471],[2.27996,41.46486],[2.28038,41.46513],[2.2813,41.46569],[2.28159,41.46584],[2.28184,41.46599],[2.28224,41.46627],[2.28271,41.4666],[2.28314,41.46687],[2.28372,41.46711],[2.28388,41.46717],[2.28435,41.46729],[2.28464,41.46735],[2.28481,41.46742],[2.28497,41.46752],[2.28525,41.46774],[2.28541,41.46784],[2.28561,41.46793],[2.28646,41.46836],[2.28677,41.46851],[2.28766,41.4689],[2.28817,41.46911],[2.28853,41.46928],[2.28867,41.46935],[2.2893,41.46961],[2.28954,41.4697],[2.28965,41.46971],[2.29033,41.46999],[2.29094,41.47019],[2.29114,41.47024],[2.29149,41.47038],[2.29184,41.47056],[2.29276,41.4709],[2.29325,41.47105],[2.2938,41.47126],[2.29437,41.4715],[2.29604,41.4721],[2.29633,41.47219],[2.29616,41.47244],[2.29606,41.47269],[2.29569,41.4741],[2.29569,41.47427],[2.29563,41.47455],[2.29548,41.47515],[2.29541,41.47543],[2.2953,41.47575]]]},"properties":{"codi_ine":"08126","nom":"Montgat","comarca":"Maresme"}},
{"type":"Feature","geometry":{"type":"MultiPolygon","coordinates":[[[[1.86414,41.61786],[1.86265,41.61909],[1.86053,41.62371],[1.85961,41.62408],[1.85903,41.62432],[1.85869,41.62443],[1.85852,41.62448],[1.85826,41.62451],[1.858,41.62453],[1.85749,41.62453],[1.85712,41.62445],[1.85498,41.62381],[1.85474,41.62372],[1.85453,41.62362],[1.85418,41.62336],[1.85408,41.62327],[1.85395,41.6231],[1.85351,41.62253],[1.85289,41.6225],[1.85163,41.62274],[1.85083,41.62308],[1.85036,41.62306],[1.84984,41.62294],[1.84924,41.62279],[1.8489,41.6227],[1.84722,41.62249],[1.84711,41.6225],[1.84621,41.62291],[1.84616,41.62316],[1.84616,41.62335],[1.8461,41.62362],[1.84604,41.6238],[1.84583,41.62396],[1.84551,41.62412],[1.84537,41.62417],[1.84429,41.62448],[1.84348,41.62462],[1.84266,41.62469],[1.84246,41.62469],[1.84209,41.62463],[1.84112,41.6249],[1.84019,41.62523],[1.83802,41.62526],[1.83656,41.62497],[1.83637,41.625],[1.83622,41.62508],[1.83615,41.62522],[1.83577,41.62532],[1.83462,41.62515],[1.83371,41.6249],[1.83355,41.62485],[1.83331,41.62473],[1.83321,41.62464],[1.8327,41.62442],[1.83191,41.62416],[1.83137,41.62405],[1.83107,41.62406],[1.83042,41.62365],[1.8291,41.62293],[1.82802,41.62243],[1.82753,41.62219],[1.82684,41.62173],[1.82586,41.62092],[1.82529,41.62019],[1.82345,41.6184],[1.82309,41.61756],[1.82295,41.61569],[1.82295,41.61486],[1.82325,41.61501],[1.82408,41.61554],[1.82452,41.61565],[1.82461,41.61562],[1.82467,41.61555],[1.8247,41.61527],[1.82457,41.61446],[1.8244,41.61372],[1.82402,41.61275],[1.82375,41.61227],[1.82327,41.6118],[1.82307,41.61157],[1.82301,41.61134],[1.82295,41.61025],[1.82316,41.61011],[1.82401,41.61028],[1.82541,41.61077],[1.82692,41.61127],[1.82945,41.61195],[1.82954,41.61191],[1.82957,41.61181],[1.82954,41.61173],[1.82629,41.60429],[1.82615,41.60411],[1.82584,41.60393],[1.82512,41.60373],[1.82443,41.60351],[1.82371,41.60309],[1.8232,41.60258],[1.82285,41.60221],[1.82258,41.60185],[1.82251,41.60143],[1.82253,41.60117],[1.82262,41.60099],[1.82272,41.60068],[1.82219,41.60041],[1.82198,41.60036],[1.82172,41.60046],[1.82106,41.60082],[1.82087,41.60104],[1.81976,41.60145],[1.81944,41.60141],[1.81926,41.60145],[1.81879,41.60174],[1.81863,41.60186],[1.81856,41.60202],[1.81863,41.60247],[1.81838,41.60265],[1.81763,41.6022],[1.81717,41.60201],[1.81698,41.60202],[1.8161,41.60313],[1.8155,41.60423],[1.81509,41.60429],[1.81359,41.60454],[1.81259,41.60504],[1.81243,41.60498],[1.81203,41.60487],[1.81192,41.60487],[1.81186,41.60493],[1.8115,41.60537],[1.81284,41.6035],[1.81281,41.60207],[1.81413,41.6019],[1.815,41.60196],[1.81588,41.60205],[1.8168,41.60159],[1.81722,41.60082],[1.81776,41.60032],[1.81883,41.59972],[1.81947,41.59938],[1.82014,41.59938],[1.82041,41.59931],[1.82088,41.59906],[1.82238,41.59779],[1.82232,41.59706],[1.8223,41.597],[1.8225,41.59666],[1.82278,41.59627],[1.82293,41.59613],[1.82331,41.59598],[1.82369,41.59589],[1.8241,41.59569],[1.82464,41.59461],[1.8248,41.59399],[1.82508,41.59343],[1.82554,41.59293],[1.82563,41.59287],[1.827,41.59233],[1.82716,41.59229],[1.82768,41.59228],[1.82805,41.5923],[1.82897,41.59221],[1.8297,41.59178],[1.83053,41.59136],[1.83169,41.5909],[1.8318,41.59101],[1.83213,41.59138],[1.83234,41.59165],[1.83246,41.59175],[1.83268,41.59183],[1.83316,41.59194],[1.83352,41.59201],[1.83399,41.59208],[1.83429,41.59207],[1.83648,41.59234],[1.83681,41.59243],[1.83722,41.5925],[1.8378,41.59257],[1.83818,41.59259],[1.83906,41.59254],[1.83953,41.59251],[1.83972,41.59248],[1.84004,41.59238],[1.84019,41.59232],[1.84115,41.59195],[1.84208,41.59163],[1.84228,41.5916],[1.84401,41.59142],[1.84447,41.59141],[1.84519,41.59153],[1.84541,41.59165],[1.84889,41.59114],[1.8506,41.59067],[1.85081,41.59066],[1.85096,41.59067],[1.85125,41.59074],[1.85182,41.59091],[1.86331,41.59228],[1.86325,41.5924],[1.86323,41.59257],[1.86323,41.59289],[1.86327,41.59311],[1.86393,41.59512],[1.86388,41.59619],[1.86396,41.59712],[1.864,41.59775],[1.864,41.59805],[1.86396,41.59877],[1.86385,41.59895],[1.86336,41.59954],[1.86286,41.60027],[1.86293,41.60062],[1.86285,41.60109],[1.8627,41.60166],[1.86256,41.60205],[1.8624,41.60225],[1.86216,41.60243],[1.86198,41.60261],[1.86181,41.60286],[1.86174,41.60301],[1.86158,41.60346],[1.86122,41.60517],[1.86102,41.60652],[1.86093,41.60731],[1.86097,41.60769],[1.86108,41.60799],[1.86105,41.60869],[1.86079,41.60963],[1.86128,41.61062],[1.86174,41.6116],[1.86186,41.61194],[1.86183,41.61241],[1.86191,41.61254],[1.86233,41.61321],[1.86267,41.61348],[1.86296,41.61356],[1.86315,41.61356],[1.86317,41.61372],[1.86318,41.61434],[1.86315,41.61446],[1.86293,41.61482],[1.86274,41.61506],[1.86255,41.6152],[1.8625,41.61528],[1.86247,41.61553],[1.86249,41.61565],[1.86281,41.61665],[1.86287,41.61672],[1.86306,41.61684],[1.86327,41.61693],[1.86352,41.61713],[1.86361,41.61723],[1.86408,41.61775],[1.86414,41.61786]]],[[[1.8212,41.656],[1.82089,41.65674],[1.82078,41.6569],[1.81914,41.65697],[1.81897,41.65696],[1.8185,41.65688],[1.8183,41.65679],[1.81818,41.65679],[1.81784,41.65692],[1.81721,41.65719],[1.817,41.65736],[1.81694,41.6575],[1.8168,41.65741],[1.81636,41.65712],[1.81606,41.65688],[1.81549,41.65639],[1.815,41.65592],[1.81493,41.65578],[1.81493,41.6557],[1.81456,41.65513],[1.81417,41.65485],[1.81358,41.65446],[1.8129,41.65385],[1.81247,41.65332],[1.81228,41.65287],[1.81219,41.65249],[1.8125,41.65178],[1.81249,41.6516],[1.81289,41.65155],[1.81357,41.65147],[1.81385,41.65149],[1.81406,41.65154],[1.81448,41.65159],[1.81469,41.6516],[1.81487,41.65158],[1.81502,41.65155],[1.81518,41.65147],[1.81538,41.6513],[1.81575,41.65088],[1.81578,41.65083],[1.81602,41.65016],[1.81606,41.64991],[1.81606,41.64972],[1.81611,41.64958],[1.81621,41.64938],[1.81625,41.64936],[1.81647,41.6494],[1.81664,41.64947],[1.81684,41.64959],[1.81702,41.64974],[1.81717,41.64992],[1.81726,41.65007],[1.81755,41.65037],[1.81763,41.65042],[1.81817,41.65061],[1.81848,41.65071],[1.81869,41.65072],[1.8191,41.65064],[1.81942,41.65051],[1.81995,41.65024],[1.82014,41.65009],[1.8205,41.64973],[1.82054,41.64967],[1.82155,41.64976],[1.82164,41.64988],[1.82178,41.65001],[1.82185,41.65005],[1.82262,41.65035],[1.82287,41.65042],[1.82315,41.65045],[1.82333,41.65043],[1.82393,41.65051],[1.82413,41.65098],[1.82407,41.65124],[1.82394,41.65151],[1.82381,41.65172],[1.82351,41.65195],[1.82337,41.652],[1.82282,41.65323],[1.82232,41.65377],[1.82167,41.65423],[1.82104,41.65489],[1.82116,41.65527],[1.82132,41.65542],[1.82132,41.65572],[1.82129,41.65598],[1.8212,41.656]]]]},"properties":{"codi_ine":"08127","nom":"Monistrol de Montserrat","comarca":"Bages"}},
{"type":"Feature","geometry":{"type":"Polygon","coordinates":[[[2.32224,41.71973],[2.30806,41.72878],[2.29969,41.73489],[2.28045,41.72919],[2.27474,41.72745],[2.27336,41.72542],[2.27336,41.72564],[2.27331,41.72587],[2.27326,41.72597],[2.27304,41.72621],[2.27288,41.72637],[2.2726,41.72662],[2.2723,41.72683],[2.26997,41.72833],[2.26079,41.72779],[2.2559,41.7282],[2.25532,41.73077],[2.25459,41.73067],[2.25432,41.73062],[2.25408,41.73056],[2.25243,41.73036],[2.25159,41.73049],[2.25113,41.73055],[2.25038,41.73056],[2.25036,41.73039],[2.25032,41.73034],[2.25017,41.73027],[2.24948,41.7301],[2.24583,41.73126],[2.24493,41.73089],[2.24385,41.7302],[2.24317,41.72969],[2.24212,41.72953],[2.24181,41.7297],[2.24058,41.72961],[2.24114,41.72923],[2.24143,41.7281],[2.24177,41.72742],[2.24188,41.72743],[2.24253,41.72734],[2.24301,41.72708],[2.24382,41.72634],[2.24386,41.72628],[2.24387,41.7261],[2.24383,41.72589],[2.24313,41.72485],[2.24284,41.72467],[2.24194,41.72434],[2.24092,41.7242],[2.24013,41.72409],[2.24002,41.72365],[2.23924,41.72297],[2.23902,41.72287],[2.2389,41.72276],[2.23849,41.7223],[2.23843,41.72198],[2.2386,41.72185],[2.2395,41.72163],[2.24001,41.72077],[2.23994,41.71909],[2.23975,41.71754],[2.23958,41.71658],[2.23933,41.71536],[2.23945,41.71446],[2.23961,41.714],[2.23986,41.71379],[2.24014,41.71255],[2.24003,41.71152],[2.24007,41.71129],[2.24011,41.71124],[2.24047,41.71086],[2.24084,41.71048],[2.24132,41.70962],[2.24155,41.70897],[2.24217,41.70769],[2.24028,41.70567],[2.24178,41.70314],[2.24126,41.70273],[2.24043,41.70201],[2.24245,41.70074],[2.24341,41.70028],[2.24367,41.70019],[2.24462,41.69935],[2.24475,41.69913],[2.24488,41.69895],[2.24563,41.69798],[2.2461,41.69744],[2.2462,41.69737],[2.24642,41.6974],[2.2469,41.69753],[2.24701,41.69749],[2.24857,41.69657],[2.2487,41.69637],[2.24871,41.69626],[2.2487,41.69612],[2.24796,41.69354],[2.24774,41.69289],[2.24861,41.69169],[2.2487,41.69151],[2.24882,41.69135],[2.2498,41.69043],[2.25096,41.68953],[2.25159,41.68795],[2.25168,41.68767],[2.25216,41.6866],[2.25252,41.68609],[2.25994,41.69671],[2.26142,41.70327],[2.26347,41.70617],[2.26866,41.71252],[2.26884,41.71298],[2.26953,41.71372],[2.2698,41.71391],[2.2759,41.71597],[2.27937,41.71567],[2.27947,41.7147],[2.28224,41.71237],[2.28626,41.71205],[2.28612,41.71224],[2.28598,41.71238],[2.28542,41.71312],[2.28531,41.71327],[2.28517,41.71353],[2.28481,41.71683],[2.28625,41.71725],[2.29216,41.7191],[2.29968,41.71506],[2.30767,41.71059],[2.31137,41.70882],[2.31485,41.70968],[2.31447,41.70998],[2.31302,41.71095],[2.31268,41.71113],[2.31247,41.71127],[2.31233,41.71142],[2.31207,41.71183],[2.31198,41.71203],[2.31196,41.71214],[2.312,41.71234],[2.31223,41.71266],[2.31238,41.71276],[2.31243,41.7129],[2.31245,41.71304],[2.31242,41.7135],[2.3121,41.71434],[2.31326,41.71506],[2.31371,41.71515],[2.31396,41.71527],[2.31413,41.71544],[2.31424,41.7156],[2.31434,41.71634],[2.315,41.7178],[2.31578,41.71886],[2.31599,41.71906],[2.31638,41.71923],[2.3169,41.71928],[2.31859,41.71919],[2.3205,41.71899],[2.32099,41.71895],[2.3219,41.71893],[2.32202,41.71897],[2.3221,41.71917],[2.32224,41.71973]]]},"properties":{"codi_ine":"08134","nom":"Figaró-Montmany","comarca":"Vallès Oriental"}},
{"type":"Feature","geometry":{"type":"Polygon","coordinates":[[[2.25668,41.57386],[2.25694,41.57489],[2.25675,41.57481],[2.256,41.57442],[2.25575,41.57429],[2.25585,41.57316],[2.25551,41.57245],[2.2547,41.57124],[2.25332,41.57161],[2.25273,41.5701],[2.25284,41.56983],[2.2524,41.56899],[2.25219,41.56869],[2.25202,41.56846],[2.25185,41.56825],[2.25157,41.56794],[2.251,41.56726],[2.25067,41.56683],[2.25043,41.56647],[2.2502,41.56597],[2.25005,41.5656],[2.24964,41.5645],[2.24941,41.56378],[2.24911,41.56277],[2.24886,41.56203],[2.24848,41.56116],[2.24832,41.56083],[2.24813,41.56045],[2.24717,41.55896],[2.24716,41.55779],[2.24683,41.55775],[2.24579,41.55758],[2.24551,41.55752],[2.24456,41.55729],[2.24441,41.55725],[2.24392,41.55704],[2.2433,41.55674],[2.24221,41.55604],[2.24206,41.55591],[2.24165,41.55524],[2.24083,41.55387],[2.24027,41.55295],[2.24004,41.55263],[2.23886,41.55122],[2.23821,41.55048],[2.2381,41.55037],[2.23713,41.54962],[2.23668,41.54933],[2.23656,41.54933],[2.23632,41.54939],[2.23588,41.54921],[2.23552,41.54805],[2.23533,41.5476],[2.23515,41.54721],[2.23496,41.54686],[2.23481,41.54659],[2.23403,41.54578],[2.23342,41.54571],[2.23184,41.54522],[2.23098,41.54495],[2.23088,41.54446],[2.23077,41.54408],[2.23063,41.54378],[2.23055,41.54337],[2.23041,41.54265],[2.23041,41.54238],[2.23043,41.54164],[2.23049,41.54111],[2.23071,41.54124],[2.23143,41.5417],[2.23155,41.54179],[2.23173,41.54187],[2.23193,41.54193],[2.23244,41.542],[2.23255,41.54201],[2.23274,41.54205],[2.23292,41.54212],[2.23329,41.54228],[2.2335,41.54241],[2.23389,41.54267],[2.23495,41.54343],[2.23572,41.54402],[2.23581,41.54414],[2.23645,41.54448],[2.2376,41.54496],[2.23846,41.54521],[2.24009,41.54553],[2.24109,41.54563],[2.24339,41.54584],[2.24552,41.54608],[2.24663,41.54617],[2.24705,41.54618],[2.2476,41.54619],[2.2513,41.54649],[2.25321,41.54672],[2.25632,41.54628],[2.25717,41.54854],[2.25768,41.54998],[2.25813,41.55099],[2.25815,41.5511],[2.25811,41.55117],[2.25795,41.55128],[2.25754,41.55142],[2.25744,41.55159],[2.25726,41.55214],[2.25762,41.55229],[2.2578,41.55234],[2.25858,41.55248],[2.2589,41.55252],[2.25933,41.55254],[2.25993,41.55268],[2.25994,41.55744],[2.25897,41.55805],[2.25912,41.5583],[2.25938,41.5587],[2.25961,41.55903],[2.26023,41.55983],[2.26068,41.56039],[2.26089,41.56059],[2.26141,41.56098],[2.262,41.56153],[2.26281,41.56298],[2.26393,41.56367],[2.26519,41.56407],[2.26592,41.56439],[2.26604,41.56447],[2.26622,41.56465],[2.26672,41.56522],[2.26594,41.56616],[2.26417,41.56822],[2.26427,41.56834],[2.26439,41.56863],[2.26261,41.56973],[2.25668,41.57386]]]},"properties":{"codi_ine":"08135","nom":"Montmeló","comarca":"Vallès Oriental"}},
{"type":"Feature","geometry":{"type":"Polygon","coordinates":[[[2.28306,41.54336],[2.28355,41.54386],[2.28394,41.54434],[2.28399,41.54441],[2.28409,41.54467],[2.2844,41.54568],[2.28444,41.54589],[2.28458,41.54703],[2.28456,41.54724],[2.28408,41.5479],[2.28397,41.54802],[2.28361,41.54829],[2.28292,41.54907],[2.28112,41.55125],[2.27999,41.55258],[2.27786,41.5549],[2.27748,41.55486],[2.27594,41.5563],[2.27686,41.55692],[2.27707,41.55701],[2.27785,41.55709],[2.27761,41.55824],[2.27984,41.55829],[2.27941,41.5596],[2.27914,41.55954],[2.27809,41.56124],[2.28078,41.56188],[2.28083,41.56187],[2.28093,41.56209],[2.28088,41.56226],[2.2803,41.56304],[2.27965,41.56378],[2.28107,41.56463],[2.28079,41.56579],[2.2806,41.56636],[2.2806,41.56701],[2.28095,41.5683],[2.2814,41.56968],[2.28151,41.56997],[2.28168,41.57054],[2.2819,41.57142],[2.2821,41.57256],[2.28214,41.57284],[2.28213,41.57297],[2.28203,41.57346],[2.28117,41.57284],[2.28056,41.57241],[2.28,41.57209],[2.27984,41.572],[2.27868,41.57113],[2.27781,41.57033],[2.27741,41.56997],[2.27716,41.56983],[2.27672,41.56967],[2.27654,41.56958],[2.27585,41.56916],[2.27483,41.56848],[2.27316,41.56719],[2.27293,41.56708],[2.27267,41.56691],[2.27207,41.56645],[2.27158,41.56606],[2.27104,41.5656],[2.27049,41.56511],[2.27041,41.56502],[2.27036,41.56493],[2.27035,41.56483],[2.26913,41.56412],[2.26672,41.56522],[2.26622,41.56465],[2.26604,41.56447],[2.26592,41.56439],[2.26519,41.56407],[2.26393,41.56367],[2.26281,41.56298],[2.262,41.56153],[2.26141,41.56098],[2.26089,41.56059],[2.26068,41.56039],[2.26023,41.55983],[2.25961,41.55903],[2.25938,41.5587],[2.25912,41.5583],[2.25897,41.55805],[2.25994,41.55744],[2.25993,41.55268],[2.25933,41.55254],[2.2589,41.55252],[2.25858,41.55248],[2.2578,41.55234],[2.25762,41.55229],[2.25726,41.55214],[2.25744,41.55159],[2.25754,41.55142],[2.25795,41.55128],[2.25811,41.55117],[2.25815,41.5511],[2.25813,41.55099],[2.25768,41.54998],[2.25717,41.54854],[2.25632,41.54628],[2.25321,41.54672],[2.2513,41.54649],[2.2476,41.54619],[2.24705,41.54618],[2.24663,41.54617],[2.24552,41.54608],[2.24339,41.54584],[2.24109,41.54563],[2.24009,41.54553],[2.23846,41.54521],[2.2376,41.54496],[2.23645,41.54448],[2.23581,41.54414],[2.23572,41.54402],[2.23495,41.54343],[2.23389,41.54267],[2.2335,41.54241],[2.23329,41.54228],[2.23292,41.54212],[2.23274,41.54205],[2.23255,41.54201],[2.23244,41.542],[2.24267,41.53814],[2.24959,41.53553],[2.24957,41.5355],[2.24913,41.53425],[2.24915,41.53401],[2.24986,41.53364],[2.25005,41.5336],[2.25026,41.53358],[2.25298,41.53171],[2.25578,41.52967],[2.25765,41.52886],[2.25997,41.52788],[2.26351,41.52635],[2.26597,41.52459],[2.26718,41.52336],[2.26948,41.52171],[2.27228,41.52388],[2.27212,41.52755],[2.27231,41.52821],[2.27253,41.52877],[2.27298,41.52935],[2.27308,41.5294],[2.27331,41.52942],[2.27406,41.52953],[2.2746,41.52965],[2.27524,41.52987],[2.27563,41.53004],[2.27584,41.53017],[2.27601,41.5303],[2.27607,41.53046],[2.27618,41.53078],[2.2772,41.53138],[2.27845,41.53184],[2.27983,41.53272],[2.281,41.5336],[2.28106,41.53367],[2.2811,41.53377],[2.28126,41.5353],[2.28075,41.5365],[2.28224,41.53693],[2.28226,41.53695],[2.28183,41.53742],[2.2816,41.53762],[2.28133,41.53777],[2.28125,41.53787],[2.28128,41.53805],[2.2815,41.53909],[2.2817,41.53984],[2.28241,41.54224],[2.28249,41.54249],[2.28272,41.54292],[2.28286,41.54313],[2.28306,41.54336]]]},"properties":{"codi_ine":"08136","nom":"Montornès del Vallès","comarca":"Vallès Oriental"}},
{"type":"Feature","geometry":{"type":"Polygon","coordinates":[[[2.02207,41.70769],[2.02241,41.70807],[2.0224,41.70813],[2.02232,41.70821],[2.02176,41.70864],[2.02105,41.70937],[2.02114,41.70957],[2.02117,41.70981],[2.02104,41.71019],[2.02088,41.71042],[2.02058,41.71072],[2.02042,41.71082],[2.02014,41.71098],[2.01993,41.71118],[2.01956,41.71161],[2.01951,41.71176],[2.01956,41.71242],[2.01958,41.71306],[2.01955,41.71319],[2.01829,41.71466],[2.01779,41.71519],[2.01692,41.7157],[2.01666,41.71586],[2.01662,41.71592],[2.01636,41.71642],[2.0164,41.71802],[2.01657,41.71878],[2.01671,41.71936],[2.01681,41.71952],[2.01664,41.72],[2.01625,41.72062],[2.01548,41.72141],[2.01525,41.72161],[2.0151,41.72185],[2.01503,41.72237],[2.01555,41.72258],[2.0156,41.72282],[2.01572,41.72359],[2.01561,41.72376],[2.01524,41.72428],[2.01467,41.7246],[2.01483,41.72492],[2.01487,41.72524],[2.01485,41.72617],[2.01483,41.72671],[2.01481,41.72685],[2.01468,41.72719],[2.01451,41.72745],[2.01443,41.7275],[2.01384,41.72762],[2.01337,41.72779],[2.01197,41.72915],[2.0118,41.72938],[2.01167,41.72969],[2.01151,41.73],[2.0114,41.73009],[2.01096,41.73029],[2.01087,41.73029],[2.01056,41.73018],[2.01029,41.73005],[2.00389,41.72891],[2.00521,41.72709],[2.0052,41.727],[2.00486,41.72562],[2.0046,41.72524],[2.00373,41.72428],[2.00241,41.72276],[2.00234,41.72273],[2.00204,41.72272],[2.0014,41.72278],[2.00104,41.72284],[2.00092,41.72283],[2.00051,41.72276],[2.00002,41.72261],[1.99969,41.72245],[1.99942,41.72228],[1.99908,41.72205],[1.99888,41.72182],[1.99879,41.72163],[1.99583,41.72143],[1.9943,41.72083],[1.99403,41.7207],[1.99361,41.72045],[1.9934,41.7202],[1.99338,41.72009],[1.99341,41.71984],[1.99345,41.71967],[1.99323,41.71887],[1.9929,41.71873],[1.99275,41.71859],[1.99264,41.71845],[1.99247,41.71818],[1.99248,41.7181],[1.99255,41.71804],[1.99275,41.71794],[1.99295,41.71787],[1.99316,41.71781],[1.99327,41.71721],[1.99327,41.7164],[1.99316,41.71557],[1.99262,41.71461],[1.99233,41.71414],[1.99219,41.71396],[1.98884,41.71353],[1.98872,41.7145],[1.98898,41.715],[1.98803,41.71518],[1.98565,41.71551],[1.98438,41.7155],[1.98387,41.71537],[1.9834,41.7153],[1.98292,41.71529],[1.98156,41.71557],[1.98046,41.71605],[1.97901,41.71614],[1.97837,41.71594],[1.97757,41.71572],[1.97673,41.71556],[1.97608,41.71562],[1.97304,41.71294],[1.97289,41.71288],[1.97236,41.71279],[1.97221,41.71279],[1.97199,41.71283],[1.97179,41.71292],[1.97134,41.71322],[1.97115,41.71337],[1.97098,41.71351],[1.97004,41.71407],[1.96978,41.71414],[1.96768,41.71447],[1.96711,41.71448],[1.96665,41.71446],[1.96583,41.71445],[1.96557,41.71448],[1.96512,41.71461],[1.96457,41.71485],[1.96163,41.71264],[1.96024,41.71344],[1.96009,41.71363],[1.95994,41.71369],[1.95925,41.71385],[1.95734,41.71406],[1.95704,41.714],[1.95556,41.71314],[1.95517,41.71237],[1.95533,41.71153],[1.95493,41.71095],[1.95423,41.71083],[1.9537,41.71112],[1.95267,41.7114],[1.95244,41.71142],[1.95224,41.71141],[1.952,41.71133],[1.94999,41.71111],[1.94935,41.71094],[1.94872,41.7103],[1.94795,41.70986],[1.94484,41.70948],[1.94442,41.70947],[1.9439,41.7095],[1.94359,41.70953],[1.94311,41.70963],[1.94268,41.70975],[1.94628,41.70069],[1.9464,41.70062],[1.94652,41.70058],[1.94701,41.70008],[1.94747,41.69931],[1.94753,41.69921],[1.94756,41.69908],[1.94759,41.69889],[1.94756,41.69872],[1.94746,41.69823],[1.94762,41.69668],[1.94785,41.696],[1.94797,41.6959],[1.94809,41.69575],[1.94821,41.69557],[1.94845,41.69518],[1.94898,41.69424],[1.94917,41.69361],[1.949,41.69353],[1.94884,41.69333],[1.94842,41.69267],[1.94853,41.69088],[1.94764,41.69031],[1.94749,41.69028],[1.94712,41.69036],[1.94659,41.69055],[1.94586,41.69041],[1.9449,41.69004],[1.94408,41.6897],[1.94393,41.68949],[1.94371,41.68924],[1.94364,41.68918],[1.94291,41.68868],[1.9427,41.68857],[1.94228,41.68843],[1.94187,41.6884],[1.93995,41.68782],[1.9391,41.6875],[1.93863,41.68708],[1.9386,41.68702],[1.93863,41.6869],[1.93752,41.68634],[1.93717,41.68643],[1.93699,41.68639],[1.93675,41.68618],[1.93612,41.68554],[1.93578,41.68502],[1.93576,41.68494],[1.93564,41.68472],[1.93547,41.6845],[1.93541,41.68444],[1.93428,41.68413],[1.93395,41.68407],[1.93371,41.68403],[1.93335,41.68406],[1.93324,41.6841],[1.93315,41.6842],[1.93245,41.68462],[1.93121,41.68503],[1.93067,41.68518],[1.9304,41.68521],[1.93006,41.68513],[1.9297,41.68502],[1.92949,41.68489],[1.92937,41.68485],[1.92877,41.6847],[1.92857,41.68469],[1.92798,41.68471],[1.92718,41.68479],[1.92692,41.68488],[1.92685,41.68495],[1.92674,41.68523],[1.92656,41.68548],[1.92647,41.6856],[1.92634,41.6857],[1.92586,41.686],[1.92543,41.68619],[1.9253,41.68624],[1.92518,41.68626],[1.92494,41.68623],[1.9246,41.68613],[1.92451,41.68605],[1.92443,41.68589],[1.92437,41.6857],[1.92439,41.68544],[1.92436,41.68501],[1.9242,41.68427],[1.92417,41.68414],[1.92394,41.68359],[1.92385,41.68347],[1.92302,41.68206],[1.92287,41.68179],[1.92279,41.68167],[1.9226,41.68159],[1.9225,41.68159],[1.92214,41.68165],[1.92082,41.68206],[1.92044,41.68221],[1.92029,41.6823],[1.92017,41.68241],[1.92012,41.68256],[1.92012,41.68265],[1.92017,41.68278],[1.92011,41.68293],[1.92005,41.68302],[1.91984,41.68315],[1.91919,41.68342],[1.91905,41.68346],[1.91832,41.6833],[1.91817,41.68322],[1.91798,41.68303],[1.91794,41.68294],[1.91659,41.68298],[1.91648,41.68305],[1.91629,41.68311],[1.9161,41.68313],[1.91603,41.68312],[1.91586,41.68304],[1.91569,41.68291],[1.91539,41.68253],[1.91519,41.68222],[1.9151,41.68204],[1.91469,41.68107],[1.9147,41.68097],[1.91475,41.68084],[1.91476,41.6807],[1.9147,41.68038],[1.91463,41.68026],[1.91439,41.67992],[1.91432,41.67985],[1.91378,41.67936],[1.91395,41.6792],[1.91406,41.67899],[1.91403,41.67865],[1.91392,41.6783],[1.91379,41.67785],[1.91378,41.6778],[1.91383,41.67769],[1.91405,41.67756],[1.91532,41.67696],[1.91616,41.6771],[1.9167,41.67759],[1.91726,41.67811],[1.91739,41.67819],[1.9177,41.67823],[1.91787,41.6782],[1.91809,41.67802],[1.91817,41.67793],[1.91859,41.67729],[1.91888,41.67681],[1.91976,41.67596],[1.92028,41.67578],[1.92148,41.67492],[1.92173,41.67454],[1.92261,41.67312],[1.92291,41.67252],[1.92259,41.67211],[1.92244,41.67132],[1.92522,41.67023],[1.92603,41.66966],[1.92594,41.6688],[1.92592,41.6684],[1.92603,41.66734],[1.92609,41.6672],[1.92627,41.66705],[1.92642,41.66702],[1.92695,41.66703],[1.92747,41.66718],[1.92785,41.66727],[1.92813,41.66727],[1.92839,41.66726],[1.92854,41.66722],[1.92864,41.66715],[1.92881,41.66699],[1.929,41.66654],[1.92906,41.66631],[1.92918,41.66527],[1.92917,41.66463],[1.92922,41.66453],[1.92959,41.66412],[1.92979,41.66395],[1.92994,41.66384],[1.93023,41.66369],[1.93186,41.66331],[1.93238,41.66323],[1.93284,41.66324],[1.93327,41.66325],[1.93366,41.66324],[1.93389,41.66322],[1.93395,41.66319],[1.93688,41.66119],[1.937,41.66032],[1.93686,41.65926],[1.93676,41.65913],[1.93675,41.65895],[1.93682,41.65883],[1.93697,41.65865],[1.93716,41.65852],[1.93859,41.65824],[1.94028,41.65791],[1.94125,41.65653],[1.94204,41.65632],[1.94184,41.65494],[1.94034,41.65278],[1.94027,41.65263],[1.94015,41.6523],[1.94015,41.6518],[1.94061,41.65063],[1.94094,41.65008],[1.94113,41.64983],[1.94151,41.64945],[1.94213,41.64887],[1.94221,41.64882],[1.94253,41.64884],[1.94292,41.64904],[1.94511,41.64894],[1.94703,41.6489],[1.94719,41.64898],[1.9473,41.64901],[1.9476,41.64906],[1.9478,41.64907],[1.94818,41.64908],[1.94832,41.64905],[1.94859,41.64893],[1.94869,41.64882],[1.94869,41.6487],[1.94848,41.64769],[1.94853,41.64689],[1.94854,41.64684],[1.94865,41.64675],[1.94944,41.64636],[1.94979,41.64623],[1.95025,41.64608],[1.95049,41.64605],[1.95103,41.64609],[1.95133,41.64616],[1.95154,41.64624],[1.95176,41.64641],[1.95195,41.64661],[1.95205,41.64668],[1.95242,41.64671],[1.95259,41.6467],[1.9527,41.64667],[1.95353,41.64637],[1.95374,41.64629],[1.95392,41.6462],[1.95411,41.64606],[1.95445,41.64575],[1.95457,41.64569],[1.95479,41.64568],[1.95556,41.64573],[1.95585,41.64579],[1.95593,41.64583],[1.95612,41.64595],[1.95627,41.64611],[1.95636,41.64625],[1.95646,41.64632],[1.9567,41.64643],[1.95693,41.6465],[1.95709,41.64652],[1.95765,41.64635],[1.95777,41.6463],[1.95801,41.64616],[1.95865,41.64576],[1.95962,41.64515],[1.96031,41.64462],[1.96039,41.64451],[1.96049,41.64445],[1.96098,41.64423],[1.96112,41.64419],[1.96132,41.6442],[1.96152,41.64427],[1.97145,41.64883],[1.98293,41.64817],[1.98997,41.65435],[1.99017,41.65442],[1.99054,41.65448],[1.99368,41.6548],[1.99429,41.65473],[1.99443,41.65475],[1.9946,41.65481],[1.9953,41.65517],[1.9954,41.65528],[1.99545,41.6554],[1.99555,41.65542],[1.99569,41.65541],[1.99657,41.65526],[1.99825,41.65483],[1.99906,41.65462],[1.99936,41.65449],[2.00037,41.65468],[2.00083,41.65484],[2.00107,41.65491],[2.00133,41.65492],[2.00161,41.65484],[2.00193,41.65468],[2.00237,41.65446],[2.00264,41.65433],[2.00284,41.65431],[2.00468,41.65457],[2.00574,41.65533],[2.00649,41.65564],[2.00849,41.65608],[2.00884,41.65618],[2.00939,41.65666],[2.00959,41.65689],[2.01034,41.65795],[2.01043,41.6584],[2.01065,41.65858],[2.01077,41.65876],[2.01067,41.65973],[2.01066,41.66097],[2.01069,41.66161],[2.01083,41.66267],[2.01094,41.66381],[2.01085,41.66405],[2.01073,41.66445],[2.01073,41.66457],[2.01083,41.66472],[2.01139,41.6652],[2.01172,41.66542],[2.01177,41.66554],[2.01178,41.66584],[2.01163,41.66608],[2.01135,41.6663],[2.0111,41.66644],[2.01077,41.66668],[2.01032,41.66704],[2.00936,41.66825],[2.00921,41.66849],[2.00912,41.66867],[2.00913,41.66888],[2.0091,41.6698],[2.00896,41.67021],[2.00887,41.67035],[2.00876,41.67047],[2.00861,41.67051],[2.00829,41.67054],[2.00758,41.6707],[2.00744,41.67075],[2.00707,41.67093],[2.00699,41.67104],[2.00687,41.67122],[2.00649,41.6719],[2.00629,41.67238],[2.00587,41.67318],[2.0058,41.6733],[2.00548,41.67376],[2.00521,41.67412],[2.00505,41.6743],[2.00484,41.67445],[2.00472,41.67463],[2.00465,41.67495],[2.00463,41.67529],[2.00463,41.67553],[2.00468,41.67597],[2.00472,41.67607],[2.0049,41.67629],[2.006,41.67752],[2.00682,41.67773],[2.00787,41.67778],[2.0085,41.67788],[2.01074,41.67848],[2.0112,41.67925],[2.01214,41.6799],[2.01281,41.6807],[2.01271,41.68107],[2.01257,41.68111],[2.01212,41.68129],[2.01206,41.68135],[2.01133,41.68298],[2.01071,41.68465],[2.01022,41.68577],[2.00982,41.68636],[2.00968,41.68649],[2.00958,41.68669],[2.00947,41.68705],[2.00943,41.68731],[2.00933,41.68828],[2.00921,41.6896],[2.00913,41.69127],[2.00919,41.69142],[2.0096,41.69216],[2.01008,41.69211],[2.01108,41.69199],[2.01278,41.69213],[2.01299,41.69215],[2.01334,41.69243],[2.01424,41.69316],[2.01552,41.69411],[2.01569,41.69422],[2.01666,41.69439],[2.01736,41.69448],[2.01768,41.69447],[2.0179,41.6945],[2.01822,41.6947],[2.0185,41.69493],[2.01866,41.69513],[2.01882,41.69538],[2.01899,41.6957],[2.0193,41.69627],[2.01944,41.6964],[2.02007,41.69666],[2.02076,41.69716],[2.02162,41.69818],[2.02199,41.69843],[2.02218,41.69864],[2.02218,41.69906],[2.02172,41.70045],[2.02137,41.70215],[2.02075,41.7045],[2.02057,41.70546],[2.02137,41.70662],[2.02207,41.70769]]]},"properties":{"codi_ine":"08139","nom":"Mura","comarca":"Bages"}},
{"type":"Feature","geometry":{"type":"Polygon","coordinates":[[[1.73245,41.36022],[1.73187,41.36062],[1.73119,41.36049],[1.7307,41.36032],[1.73011,41.36006],[1.72897,41.36017],[1.72782,41.3611],[1.72673,41.36203],[1.72552,41.36137],[1.72592,41.36032],[1.72463,41.35979],[1.72455,41.35981],[1.72442,41.36021],[1.72441,41.36034],[1.72442,41.36053],[1.72449,41.36062],[1.72412,41.36062],[1.72255,41.36021],[1.72221,41.3601],[1.72178,41.35995],[1.72262,41.35886],[1.72186,41.35776],[1.72087,41.35726],[1.72087,41.35722],[1.72104,41.3568],[1.72127,41.3563],[1.72173,41.35562],[1.72276,41.3548],[1.72408,41.35454],[1.72565,41.35492],[1.7265,41.35399],[1.72615,41.35281],[1.72614,41.35275],[1.72653,41.35229],[1.72785,41.35074],[1.72809,41.35052],[1.72803,41.35084],[1.72794,41.35117],[1.7278,41.35186],[1.72786,41.35264],[1.72798,41.35287],[1.72832,41.35333],[1.72838,41.35332],[1.73117,41.3525],[1.73345,41.35173],[1.73421,41.35143],[1.73567,41.35067],[1.73522,41.3502],[1.73531,41.35013],[1.7355,41.35003],[1.73587,41.34987],[1.73626,41.34973],[1.73657,41.34963],[1.7372,41.34934],[1.73739,41.34924],[1.73818,41.34871],[1.7381,41.34833],[1.73729,41.34584],[1.73687,41.34456],[1.73664,41.34399],[1.73651,41.34372],[1.73564,41.34221],[1.73442,41.34143],[1.73421,41.3414],[1.73395,41.34134],[1.73378,41.34126],[1.7332,41.34089],[1.73247,41.34039],[1.73227,41.34018],[1.73106,41.33861],[1.72972,41.33694],[1.72862,41.33735],[1.72875,41.33755],[1.72888,41.33765],[1.72872,41.33779],[1.72846,41.33796],[1.72818,41.3381],[1.72783,41.33826],[1.72761,41.33832],[1.72661,41.33852],[1.72544,41.33894],[1.7243,41.3387],[1.72413,41.33903],[1.72387,41.33962],[1.72393,41.33966],[1.72428,41.33972],[1.72496,41.34055],[1.72547,41.34163],[1.72467,41.34184],[1.72368,41.34154],[1.72262,41.34208],[1.72242,41.34216],[1.72229,41.34206],[1.72207,41.34181],[1.72199,41.34167],[1.72199,41.34145],[1.72206,41.34116],[1.7223,41.34087],[1.72235,41.34068],[1.72236,41.34046],[1.72234,41.33928],[1.72226,41.33925],[1.72172,41.33914],[1.72134,41.33909],[1.72095,41.33906],[1.71901,41.33893],[1.71867,41.33891],[1.71895,41.33854],[1.71918,41.33831],[1.7194,41.33816],[1.71996,41.33785],[1.72037,41.33759],[1.72105,41.33712],[1.72146,41.33679],[1.7216,41.33663],[1.72156,41.33661],[1.72083,41.33577],[1.72105,41.33546],[1.72108,41.33531],[1.71832,41.3336],[1.71868,41.33334],[1.71979,41.3337],[1.72064,41.33391],[1.72078,41.33362],[1.72105,41.33337],[1.72193,41.3343],[1.72218,41.33415],[1.72165,41.33287],[1.72129,41.33216],[1.72008,41.33179],[1.71937,41.33222],[1.71711,41.33059],[1.71649,41.33001],[1.7129,41.3304],[1.71028,41.32927],[1.70605,41.32499],[1.70258,41.32419],[1.70186,41.3252],[1.69924,41.32647],[1.69934,41.32683],[1.6993,41.32807],[1.6992,41.32999],[1.69913,41.33049],[1.69907,41.33078],[1.69791,41.33037],[1.69779,41.33058],[1.69795,41.33192],[1.69679,41.33272],[1.69591,41.33307],[1.695,41.33356],[1.69448,41.33402],[1.69243,41.3337],[1.68904,41.33405],[1.68689,41.33459],[1.68628,41.33476],[1.6851,41.33514],[1.68506,41.33511],[1.68174,41.33293],[1.68292,41.3319],[1.68338,41.33151],[1.68377,41.32815],[1.68328,41.32719],[1.68316,41.32664],[1.68301,41.32531],[1.68291,41.32443],[1.68279,41.32431],[1.6828,41.32378],[1.68271,41.32296],[1.68272,41.32279],[1.68296,41.32242],[1.68306,41.32229],[1.68316,41.32221],[1.68348,41.32006],[1.68348,41.31995],[1.68347,41.31978],[1.68333,41.31881],[1.68394,41.31631],[1.68439,41.31619],[1.68493,41.31609],[1.6856,41.31596],[1.68606,41.31591],[1.68647,41.31584],[1.68724,41.31544],[1.68892,41.31379],[1.68942,41.31352],[1.69097,41.31246],[1.69122,41.31223],[1.69123,41.312],[1.69171,41.31071],[1.69181,41.31064],[1.69257,41.31067],[1.68929,41.30568],[1.68861,41.3036],[1.68639,41.29953],[1.68474,41.2914],[1.684,41.28834],[1.6932,41.28039],[1.69398,41.28105],[1.69519,41.28212],[1.69597,41.28279],[1.69737,41.28387],[1.69811,41.28469],[1.69864,41.28563],[1.69933,41.28649],[1.70048,41.28752],[1.70084,41.28794],[1.70172,41.2893],[1.70242,41.28996],[1.70297,41.29059],[1.70325,41.29137],[1.70274,41.29204],[1.70241,41.2929],[1.7015,41.29358],[1.70098,41.29393],[1.70038,41.29451],[1.70017,41.29549],[1.70019,41.29589],[1.70038,41.29646],[1.7006,41.29698],[1.70252,41.29908],[1.70284,41.29954],[1.70961,41.30144],[1.72158,41.30144],[1.72914,41.29942],[1.73079,41.29839],[1.73151,41.29796],[1.7318,41.29775],[1.73305,41.29676],[1.73426,41.29612],[1.73509,41.29588],[1.73637,41.29555],[1.73762,41.295],[1.73797,41.29515],[1.73834,41.29546],[1.73846,41.29582],[1.73928,41.29655],[1.74001,41.29685],[1.74197,41.29688],[1.74301,41.29687],[1.74353,41.29775],[1.74451,41.29862],[1.74542,41.29932],[1.74604,41.30033],[1.74637,41.30073],[1.74662,41.30094],[1.74742,41.30128],[1.7477,41.30133],[1.74796,41.30117],[1.74813,41.30102],[1.74847,41.30079],[1.74865,41.3007],[1.75305,41.30175],[1.7542,41.30074],[1.75803,41.30305],[1.75672,41.30407],[1.75675,41.3044],[1.75687,41.30508],[1.75697,41.30528],[1.7574,41.30593],[1.75767,41.30613],[1.75811,41.30639],[1.75833,41.30659],[1.75857,41.30699],[1.7587,41.30726],[1.75807,41.30773],[1.75799,41.30791],[1.75833,41.3085],[1.75882,41.30848],[1.75944,41.30862],[1.75997,41.30882],[1.76196,41.30976],[1.76288,41.3103],[1.76389,41.3112],[1.76402,41.3116],[1.76414,41.31221],[1.76484,41.3127],[1.76501,41.31285],[1.76496,41.31352],[1.76493,41.31375],[1.76406,41.31449],[1.76311,41.3155],[1.76295,41.31682],[1.76303,41.3176],[1.76329,41.31889],[1.76333,41.32074],[1.76338,41.32103],[1.76465,41.32166],[1.76804,41.32421],[1.76305,41.32652],[1.76044,41.32618],[1.75898,41.32625],[1.75774,41.32651],[1.75582,41.32577],[1.75547,41.3261],[1.75602,41.32758],[1.75613,41.32776],[1.75649,41.32867],[1.75671,41.32928],[1.75716,41.33117],[1.75706,41.33161],[1.75672,41.33214],[1.75718,41.33255],[1.75844,41.33327],[1.75967,41.33373],[1.76032,41.33428],[1.76115,41.33544],[1.76182,41.33603],[1.76346,41.33707],[1.7638,41.3381],[1.76361,41.33831],[1.76341,41.33935],[1.75919,41.34001],[1.7578,41.34033],[1.75715,41.34018],[1.75642,41.33982],[1.75587,41.33953],[1.75295,41.34014],[1.75063,41.34149],[1.75001,41.34157],[1.74967,41.34215],[1.74976,41.3427],[1.74915,41.34331],[1.74908,41.34333],[1.74885,41.34352],[1.7487,41.34368],[1.74862,41.34384],[1.74862,41.34392],[1.74891,41.3446],[1.74936,41.345],[1.74957,41.34506],[1.74975,41.3453],[1.74977,41.34545],[1.74941,41.34627],[1.74936,41.34635],[1.74904,41.3468],[1.74874,41.34713],[1.74838,41.34747],[1.74828,41.34755],[1.74815,41.34762],[1.74783,41.34801],[1.74757,41.3484],[1.74751,41.34858],[1.74753,41.34877],[1.7476,41.34886],[1.74791,41.34909],[1.74814,41.34919],[1.74885,41.34996],[1.74883,41.35141],[1.74772,41.35216],[1.74571,41.35292],[1.74503,41.35345],[1.74485,41.35356],[1.74435,41.35381],[1.74394,41.35397],[1.74361,41.35405],[1.74253,41.35423],[1.74246,41.35425],[1.74202,41.35463],[1.74198,41.35473],[1.74253,41.35613],[1.7428,41.35625],[1.74152,41.35732],[1.74139,41.3572],[1.73935,41.35847],[1.73899,41.35838],[1.73873,41.35831],[1.73852,41.35823],[1.73728,41.35787],[1.73558,41.35752],[1.73493,41.35741],[1.73415,41.35733],[1.73391,41.35732],[1.73377,41.35733],[1.73245,41.36022]]]},"properties":{"codi_ine":"08145","nom":"Olèrdola","comarca":"Alt Penedès"}},
{"type":"Feature","geometry":{"type":"Polygon","coordinates":[[[1.86934,41.38728],[1.86805,41.38718],[1.86703,41.38715],[1.86638,41.38717],[1.86604,41.38719],[1.86526,41.38727],[1.86484,41.38734],[1.86305,41.38777],[1.86185,41.38813],[1.86161,41.38823],[1.86147,41.38824],[1.86124,41.3882],[1.861,41.38811],[1.86057,41.38793],[1.86022,41.38776],[1.85981,41.38749],[1.85968,41.38734],[1.85967,41.38688],[1.85971,41.38652],[1.85978,41.38626],[1.85979,41.3861],[1.85977,41.3859],[1.85967,41.38538],[1.85958,41.38512],[1.85946,41.38493],[1.85916,41.38464],[1.85861,41.38338],[1.85774,41.38259],[1.85619,41.38151],[1.8561,41.38135],[1.85601,41.38126],[1.85557,41.38088],[1.85517,41.38071],[1.85466,41.38055],[1.85371,41.3805],[1.85308,41.38051],[1.85253,41.38052],[1.85195,41.38053],[1.85089,41.38049],[1.85018,41.3804],[1.84955,41.38021],[1.84884,41.37988],[1.84858,41.37965],[1.84836,41.37926],[1.84807,41.37878],[1.84778,41.37844],[1.84607,41.37849],[1.84516,41.37866],[1.84461,41.37878],[1.84419,41.37894],[1.84326,41.37911],[1.84298,41.37914],[1.84269,41.37904],[1.84217,41.37865],[1.84179,41.3783],[1.84147,41.37803],[1.84082,41.37754],[1.84056,41.37736],[1.84015,41.37711],[1.83994,41.37702],[1.83939,41.37692],[1.839,41.37686],[1.83865,41.37684],[1.83827,41.37684],[1.83759,41.3766],[1.83697,41.37569],[1.83581,41.37475],[1.83495,41.37453],[1.83459,41.37488],[1.83391,41.3749],[1.83268,41.37491],[1.83241,41.3749],[1.83195,41.37451],[1.83185,41.37437],[1.83197,41.37417],[1.83207,41.37393],[1.83227,41.37324],[1.83255,41.37223],[1.83261,41.37192],[1.83258,41.37176],[1.83251,41.37162],[1.83187,41.3706],[1.83195,41.36979],[1.83118,41.36851],[1.82957,41.36596],[1.82857,41.36515],[1.8271,41.36379],[1.82625,41.36319],[1.82532,41.36207],[1.82487,41.36136],[1.82403,41.3604],[1.82388,41.36024],[1.82343,41.36001],[1.82291,41.35988],[1.82049,41.35834],[1.81901,41.35813],[1.8176,41.35784],[1.81674,41.35746],[1.8161,41.35697],[1.81417,41.35609],[1.80305,41.35123],[1.80295,41.35077],[1.80369,41.34944],[1.80384,41.34932],[1.8042,41.3492],[1.80445,41.34914],[1.80466,41.34914],[1.80487,41.34917],[1.80589,41.34939],[1.80664,41.34969],[1.80787,41.35009],[1.80895,41.35042],[1.81082,41.34908],[1.81111,41.34877],[1.8113,41.34846],[1.81162,41.34805],[1.81258,41.34718],[1.81313,41.3469],[1.81379,41.34651],[1.81479,41.34579],[1.8151,41.34549],[1.81587,41.34487],[1.81742,41.34423],[1.81814,41.34401],[1.81889,41.34358],[1.81928,41.34321],[1.81896,41.34314],[1.81851,41.34316],[1.81833,41.34314],[1.81818,41.34307],[1.8181,41.34296],[1.8181,41.34279],[1.8185,41.34202],[1.81721,41.34054],[1.81703,41.34036],[1.81659,41.34001],[1.81622,41.33985],[1.81601,41.33979],[1.81565,41.33981],[1.8151,41.33947],[1.81506,41.33934],[1.81517,41.33918],[1.81565,41.33869],[1.8161,41.33828],[1.81629,41.33809],[1.81612,41.33809],[1.81576,41.33815],[1.81406,41.33848],[1.81377,41.33838],[1.81377,41.33819],[1.8141,41.33789],[1.81437,41.33775],[1.81488,41.3376],[1.81669,41.3373],[1.81743,41.33713],[1.81833,41.33672],[1.81946,41.33586],[1.82064,41.33523],[1.82202,41.33478],[1.82234,41.33472],[1.82386,41.33461],[1.82463,41.33448],[1.82515,41.33412],[1.82545,41.33384],[1.82588,41.33337],[1.82477,41.3274],[1.82569,41.32734],[1.82632,41.32723],[1.82705,41.32703],[1.82783,41.32653],[1.82822,41.32619],[1.82874,41.32567],[1.82979,41.32511],[1.83046,41.32498],[1.83107,41.32497],[1.83186,41.32486],[1.83299,41.32437],[1.83354,41.32399],[1.83479,41.32306],[1.83568,41.32266],[1.836,41.32255],[1.83667,41.32197],[1.83823,41.32024],[1.83947,41.31943],[1.83991,41.31921],[1.84101,41.31904],[1.84403,41.31917],[1.84785,41.31932],[1.84828,41.31912],[1.84869,41.31894],[1.84899,41.31885],[1.84946,41.31877],[1.84984,41.31875],[1.85024,41.31878],[1.85073,41.31886],[1.85119,41.31901],[1.85143,41.31909],[1.85166,41.31924],[1.85187,41.31947],[1.85259,41.3205],[1.85328,41.32143],[1.85539,41.32543],[1.85575,41.32611],[1.85675,41.32731],[1.85739,41.32762],[1.85771,41.32781],[1.85788,41.32793],[1.85794,41.32806],[1.85789,41.32843],[1.85775,41.32878],[1.8579,41.32895],[1.85851,41.32946],[1.85865,41.32949],[1.85882,41.32943],[1.85897,41.32935],[1.85914,41.32931],[1.85939,41.32929],[1.85954,41.32932],[1.85967,41.32939],[1.85975,41.3295],[1.86014,41.3301],[1.86017,41.33057],[1.85992,41.3314],[1.85988,41.33205],[1.8603,41.33264],[1.86181,41.33424],[1.86381,41.33459],[1.86436,41.33482],[1.86467,41.33512],[1.865,41.3354],[1.8656,41.33577],[1.86575,41.33584],[1.86629,41.33603],[1.86689,41.33621],[1.86767,41.33652],[1.86962,41.33743],[1.87042,41.33785],[1.871,41.33818],[1.87127,41.33849],[1.87109,41.33944],[1.87099,41.33982],[1.87081,41.34012],[1.8703,41.34094],[1.87005,41.34123],[1.86993,41.34147],[1.86978,41.34185],[1.86971,41.34214],[1.86973,41.34237],[1.8702,41.34288],[1.87047,41.34308],[1.87096,41.34333],[1.87181,41.34373],[1.87251,41.344],[1.87285,41.34408],[1.87368,41.34424],[1.87398,41.34429],[1.87428,41.34432],[1.87464,41.34434],[1.87491,41.34428],[1.87548,41.34402],[1.87645,41.34395],[1.87674,41.34395],[1.87716,41.34398],[1.87748,41.34402],[1.87777,41.34409],[1.87802,41.34418],[1.8787,41.34436],[1.87936,41.34452],[1.8798,41.34453],[1.87995,41.34448],[1.88099,41.34413],[1.8812,41.34404],[1.88159,41.34379],[1.8818,41.34371],[1.88202,41.34372],[1.88229,41.34381],[1.88245,41.34395],[1.88296,41.34449],[1.88332,41.34507],[1.88352,41.34532],[1.88367,41.34546],[1.88403,41.34569],[1.88424,41.34581],[1.88454,41.34589],[1.88539,41.34619],[1.88664,41.34684],[1.887,41.34705],[1.88739,41.3473],[1.88907,41.34786],[1.88953,41.34793],[1.89012,41.34834],[1.89033,41.34852],[1.89056,41.34891],[1.8907,41.34918],[1.89082,41.34952],[1.89091,41.34965],[1.89198,41.35058],[1.8921,41.35063],[1.89219,41.35065],[1.89377,41.35073],[1.89418,41.35083],[1.89587,41.35146],[1.896,41.35156],[1.89838,41.35481],[1.89655,41.3568],[1.89697,41.35755],[1.8973,41.35915],[1.89733,41.35932],[1.89733,41.35963],[1.89698,41.36014],[1.89659,41.36034],[1.89562,41.36076],[1.89477,41.36086],[1.8943,41.36091],[1.8939,41.36098],[1.89234,41.36165],[1.89202,41.3618],[1.89151,41.36205],[1.89007,41.36279],[1.89013,41.36299],[1.89028,41.36333],[1.89029,41.36346],[1.88976,41.36431],[1.88953,41.36462],[1.88927,41.36502],[1.88891,41.36569],[1.88951,41.36698],[1.88973,41.36726],[1.89039,41.36782],[1.89024,41.3684],[1.88914,41.36997],[1.88871,41.37051],[1.88724,41.372],[1.88682,41.37238],[1.88533,41.37269],[1.88415,41.37291],[1.88195,41.37319],[1.88153,41.37337],[1.87743,41.37612],[1.87368,41.37943],[1.87089,41.38041],[1.8703,41.38392],[1.87013,41.3849],[1.87003,41.3853],[1.86972,41.38642],[1.86934,41.38728]]]},"properties":{"codi_ine":"08146","nom":"Olesa de Bonesvalls","comarca":"Alt Penedès"}},
{"type":"Feature","geometry":{"type":"Polygon","coordinates":[[[1.92041,41.5711],[1.90921,41.57049],[1.89775,41.57473],[1.88444,41.57907],[1.88435,41.57904],[1.884,41.57886],[1.88373,41.57862],[1.88356,41.57842],[1.88242,41.57688],[1.8824,41.57681],[1.88244,41.57664],[1.88257,41.57636],[1.88275,41.57614],[1.88283,41.57606],[1.88298,41.57601],[1.88301,41.57583],[1.88299,41.57542],[1.88264,41.57446],[1.88238,41.57402],[1.88219,41.57379],[1.88164,41.57282],[1.8817,41.57152],[1.87959,41.56969],[1.87878,41.56933],[1.87867,41.56927],[1.8784,41.56902],[1.8786,41.56882],[1.879,41.56843],[1.87923,41.56821],[1.87976,41.56704],[1.87973,41.56664],[1.87974,41.56637],[1.87976,41.56624],[1.87988,41.56584],[1.87997,41.56561],[1.88014,41.56529],[1.88031,41.56501],[1.88058,41.5645],[1.88092,41.56367],[1.88103,41.56339],[1.88117,41.56236],[1.88116,41.56222],[1.88103,41.56186],[1.88082,41.5614],[1.88068,41.56119],[1.88056,41.56109],[1.88036,41.56097],[1.88007,41.56081],[1.87977,41.56069],[1.87951,41.56062],[1.87933,41.56053],[1.87911,41.56036],[1.87893,41.56015],[1.87882,41.5599],[1.87883,41.55979],[1.87888,41.55959],[1.8791,41.55926],[1.87944,41.55842],[1.87952,41.55788],[1.87956,41.55762],[1.87955,41.55741],[1.87949,41.55717],[1.87934,41.55697],[1.87913,41.55681],[1.87879,41.55665],[1.87867,41.5566],[1.87845,41.55655],[1.87755,41.55645],[1.87732,41.55639],[1.87709,41.55631],[1.87678,41.55616],[1.87655,41.55598],[1.87571,41.55505],[1.87553,41.55476],[1.87533,41.55436],[1.87511,41.55358],[1.87477,41.55237],[1.8746,41.55107],[1.87468,41.55083],[1.87484,41.55013],[1.87493,41.54962],[1.87492,41.54934],[1.87473,41.54748],[1.87461,41.54713],[1.87445,41.54684],[1.87437,41.54676],[1.87419,41.54669],[1.87394,41.54663],[1.87367,41.54657],[1.87341,41.54648],[1.87311,41.54634],[1.87291,41.5462],[1.87278,41.54607],[1.87265,41.54588],[1.8726,41.54577],[1.87273,41.54396],[1.87276,41.54381],[1.87293,41.54354],[1.87312,41.54341],[1.87343,41.54331],[1.87366,41.54329],[1.87433,41.54334],[1.87497,41.54342],[1.87723,41.54287],[1.87897,41.54255],[1.87938,41.54252],[1.88011,41.54245],[1.88093,41.54236],[1.88154,41.54224],[1.88223,41.54209],[1.88246,41.54201],[1.88303,41.54172],[1.88339,41.5415],[1.88376,41.54125],[1.88417,41.54092],[1.88476,41.54032],[1.88528,41.53962],[1.88602,41.53863],[1.8863,41.53827],[1.8866,41.53797],[1.88815,41.53656],[1.88873,41.53611],[1.88919,41.53582],[1.88974,41.53547],[1.8902,41.53514],[1.89069,41.53475],[1.89097,41.53452],[1.89115,41.53435],[1.89129,41.53417],[1.89142,41.53393],[1.89164,41.53362],[1.89177,41.53347],[1.89193,41.53335],[1.89224,41.53316],[1.89255,41.53301],[1.8929,41.53286],[1.89327,41.53275],[1.89379,41.53263],[1.89393,41.53261],[1.89429,41.53263],[1.89439,41.53267],[1.89449,41.53275],[1.89456,41.53286],[1.89459,41.53313],[1.89466,41.53329],[1.89496,41.53374],[1.89533,41.53404],[1.89568,41.53425],[1.89586,41.53434],[1.89641,41.53458],[1.89652,41.53461],[1.89673,41.53464],[1.89862,41.53475],[1.89902,41.53476],[1.90104,41.53463],[1.9036,41.53443],[1.90397,41.53438],[1.90424,41.5343],[1.90489,41.53407],[1.90648,41.53397],[1.90661,41.53406],[1.90677,41.53413],[1.90754,41.53442],[1.90802,41.53457],[1.90879,41.53475],[1.90905,41.53476],[1.90933,41.53475],[1.90949,41.53473],[1.90964,41.53469],[1.9106,41.53418],[1.91094,41.53396],[1.91126,41.53371],[1.91139,41.53358],[1.91153,41.53335],[1.91165,41.53307],[1.91171,41.53286],[1.91214,41.53298],[1.91343,41.53333],[1.9134,41.53341],[1.91341,41.53353],[1.91355,41.53379],[1.91365,41.53386],[1.91382,41.53387],[1.91424,41.53385],[1.91507,41.53373],[1.91525,41.53373],[1.91533,41.53377],[1.91543,41.53386],[1.91555,41.53416],[1.91561,41.53441],[1.91567,41.53478],[1.91564,41.53515],[1.91608,41.53537],[1.91699,41.53547],[1.91799,41.53564],[1.91918,41.53624],[1.92067,41.53703],[1.92138,41.5372],[1.92197,41.53728],[1.92486,41.53663],[1.93212,41.53652],[1.93206,41.53663],[1.93206,41.53672],[1.93211,41.53684],[1.93223,41.53691],[1.93261,41.53705],[1.9329,41.53714],[1.93322,41.53721],[1.93347,41.53736],[1.93353,41.53745],[1.93352,41.53755],[1.93341,41.53769],[1.93316,41.53791],[1.93244,41.53842],[1.93202,41.53866],[1.93169,41.53881],[1.93139,41.53971],[1.93236,41.5414],[1.93257,41.54183],[1.93256,41.54198],[1.93246,41.54208],[1.93228,41.54215],[1.93211,41.54214],[1.93178,41.54207],[1.93144,41.54191],[1.9313,41.54183],[1.93122,41.54182],[1.93104,41.54189],[1.93095,41.54203],[1.93088,41.54221],[1.93086,41.54233],[1.93078,41.54304],[1.9308,41.54321],[1.93084,41.54331],[1.93004,41.54381],[1.92992,41.54381],[1.92978,41.54389],[1.92967,41.54402],[1.92951,41.54439],[1.92897,41.54734],[1.92923,41.54748],[1.92935,41.54759],[1.92943,41.54771],[1.92945,41.54792],[1.92942,41.54801],[1.92919,41.5486],[1.92796,41.5497],[1.92664,41.55025],[1.92648,41.55027],[1.92636,41.55031],[1.92611,41.55044],[1.92583,41.55061],[1.92569,41.55074],[1.92561,41.55085],[1.92558,41.55099],[1.92562,41.55106],[1.92574,41.55114],[1.92624,41.55127],[1.92665,41.55131],[1.92693,41.55132],[1.92722,41.55136],[1.9276,41.55145],[1.92779,41.55153],[1.92789,41.55162],[1.92803,41.55179],[1.92836,41.55225],[1.9285,41.55249],[1.92855,41.55267],[1.92856,41.55287],[1.92837,41.55301],[1.92815,41.55309],[1.92798,41.55313],[1.92782,41.55312],[1.92736,41.55287],[1.9272,41.5527],[1.92705,41.5525],[1.92688,41.55236],[1.92676,41.55236],[1.92662,41.55244],[1.92648,41.55255],[1.92624,41.55282],[1.92478,41.55448],[1.9244,41.55546],[1.92435,41.55552],[1.92404,41.55567],[1.92393,41.5557],[1.92368,41.5557],[1.9221,41.55582],[1.92079,41.55598],[1.92016,41.55669],[1.91923,41.5565],[1.91911,41.55644],[1.91887,41.55641],[1.9188,41.55646],[1.91883,41.55668],[1.91891,41.55691],[1.91901,41.55704],[1.91925,41.55729],[1.91958,41.55757],[1.91972,41.55767],[1.92053,41.5582],[1.9212,41.5586],[1.92142,41.55873],[1.92159,41.55885],[1.92211,41.55925],[1.9222,41.55934],[1.92229,41.55953],[1.9225,41.56073],[1.92248,41.5608],[1.92238,41.56087],[1.92226,41.56088],[1.92213,41.56085],[1.92187,41.56071],[1.92175,41.56056],[1.9216,41.56025],[1.92145,41.56014],[1.9213,41.56012],[1.921,41.56018],[1.92079,41.56026],[1.92072,41.56033],[1.92051,41.56066],[1.92049,41.56074],[1.9205,41.5618],[1.92131,41.56288],[1.92217,41.56339],[1.92224,41.56339],[1.92235,41.56343],[1.92241,41.5635],[1.92242,41.56359],[1.92231,41.5641],[1.92226,41.56423],[1.92219,41.56432],[1.92188,41.56455],[1.92174,41.56462],[1.92163,41.56464],[1.9215,41.56461],[1.92136,41.56454],[1.92104,41.56422],[1.92092,41.56416],[1.92082,41.56415],[1.92063,41.5642],[1.92055,41.56426],[1.92045,41.56441],[1.92039,41.56462],[1.9204,41.56471],[1.9205,41.56489],[1.92068,41.56511],[1.92174,41.56657],[1.9228,41.5671],[1.92305,41.5671],[1.92323,41.56717],[1.92341,41.56734],[1.92347,41.56742],[1.92352,41.56757],[1.92348,41.5678],[1.92337,41.56802],[1.92328,41.56813],[1.92304,41.5684],[1.92292,41.56848],[1.92251,41.56871],[1.92212,41.56868],[1.92203,41.56869],[1.92185,41.56873],[1.92175,41.56879],[1.92042,41.56973],[1.92035,41.57006],[1.92035,41.57078],[1.92041,41.5711]]]},"properties":{"codi_ine":"08147","nom":"Olesa de Montserrat","comarca":"Baix Llobregat"}},
{"type":"Feature","geometry":{"type":"Polygon","coordinates":[[[1.84785,41.31932],[1.84057,41.31541],[1.83986,41.31624],[1.83868,41.31728],[1.83851,41.31737],[1.83701,41.31806],[1.83623,41.31839],[1.83593,41.31848],[1.83537,41.31863],[1.83506,41.31868],[1.83467,41.3188],[1.83405,41.31917],[1.83307,41.32006],[1.83212,41.32053],[1.82856,41.32103],[1.82686,41.32038],[1.82617,41.31997],[1.82577,41.3197],[1.8254,41.31926],[1.825,41.31887],[1.82496,41.31886],[1.82453,41.31904],[1.82433,41.31915],[1.8241,41.31933],[1.82389,41.31945],[1.82358,41.31959],[1.8228,41.31976],[1.82192,41.31995],[1.82025,41.32086],[1.81985,41.32107],[1.81968,41.3211],[1.81908,41.32106],[1.81697,41.32102],[1.81656,41.32103],[1.81634,41.32106],[1.81585,41.32118],[1.81567,41.32117],[1.8155,41.32113],[1.81447,41.32085],[1.81413,41.32067],[1.81291,41.32096],[1.81119,41.32222],[1.8106,41.32299],[1.81047,41.3231],[1.81014,41.32328],[1.80972,41.32342],[1.80794,41.32385],[1.80536,41.32425],[1.80237,41.32373],[1.80145,41.32354],[1.80075,41.32333],[1.80048,41.32323],[1.80026,41.32303],[1.79988,41.32301],[1.79756,41.32297],[1.79727,41.32292],[1.79696,41.32287],[1.79635,41.32282],[1.79597,41.32286],[1.79569,41.32293],[1.79556,41.32297],[1.79529,41.3231],[1.7948,41.3232],[1.79285,41.32348],[1.79252,41.32347],[1.79228,41.3234],[1.79178,41.32316],[1.79154,41.32308],[1.79102,41.32297],[1.78964,41.32278],[1.78893,41.32408],[1.78778,41.32563],[1.78756,41.32588],[1.78747,41.32594],[1.78733,41.32599],[1.78696,41.32601],[1.78673,41.32599],[1.78632,41.32591],[1.78615,41.3259],[1.78603,41.32591],[1.78578,41.32604],[1.78535,41.32637],[1.78529,41.3265],[1.78537,41.32675],[1.78307,41.32743],[1.78199,41.3276],[1.77973,41.32788],[1.77907,41.32822],[1.77863,41.32865],[1.77818,41.329],[1.77809,41.32905],[1.77758,41.32906],[1.77741,41.32899],[1.77713,41.32862],[1.7767,41.32813],[1.77656,41.32798],[1.77606,41.32765],[1.77563,41.32739],[1.77549,41.32732],[1.77532,41.32732],[1.77508,41.32727],[1.77468,41.32715],[1.77378,41.32673],[1.77325,41.3264],[1.77252,41.32593],[1.77222,41.32571],[1.77204,41.32554],[1.77106,41.325],[1.76997,41.32485],[1.76839,41.3244],[1.76821,41.32432],[1.76804,41.32421],[1.76465,41.32166],[1.76338,41.32103],[1.76333,41.32074],[1.76329,41.31889],[1.76303,41.3176],[1.76295,41.31682],[1.76311,41.3155],[1.76406,41.31449],[1.76493,41.31375],[1.76496,41.31352],[1.76501,41.31285],[1.76484,41.3127],[1.76414,41.31221],[1.76402,41.3116],[1.76389,41.3112],[1.76288,41.3103],[1.76196,41.30976],[1.75997,41.30882],[1.75944,41.30862],[1.75882,41.30848],[1.75833,41.3085],[1.75799,41.30791],[1.75807,41.30773],[1.7587,41.30726],[1.75857,41.30699],[1.75833,41.30659],[1.75811,41.30639],[1.75767,41.30613],[1.7574,41.30593],[1.75697,41.30528],[1.75687,41.30508],[1.75675,41.3044],[1.75672,41.30407],[1.75803,41.30305],[1.7542,41.30074],[1.75305,41.30175],[1.74865,41.3007],[1.74847,41.30079],[1.74813,41.30102],[1.74796,41.30117],[1.7477,41.30133],[1.74742,41.30128],[1.74662,41.30094],[1.74637,41.30073],[1.74604,41.30033],[1.74542,41.29932],[1.74451,41.29862],[1.74353,41.29775],[1.74301,41.29687],[1.74453,41.29591],[1.74543,41.2949],[1.74574,41.2945],[1.74576,41.29437],[1.74569,41.29411],[1.74541,41.29359],[1.74524,41.29326],[1.74643,41.2923],[1.74758,41.29151],[1.74819,41.29122],[1.74967,41.29127],[1.75032,41.29063],[1.75018,41.29048],[1.75001,41.29037],[1.74976,41.29018],[1.74961,41.29001],[1.74926,41.28943],[1.74909,41.28884],[1.74906,41.28866],[1.74901,41.28815],[1.74901,41.28805],[1.74914,41.28773],[1.74927,41.28762],[1.75039,41.28703],[1.75148,41.28606],[1.75228,41.28433],[1.75345,41.28212],[1.75767,41.28259],[1.76102,41.28271],[1.76423,41.2858],[1.76464,41.28606],[1.76484,41.28613],[1.76523,41.28621],[1.76569,41.28636],[1.76584,41.28643],[1.76639,41.28677],[1.7668,41.28711],[1.76722,41.28746],[1.76875,41.28873],[1.76886,41.2888],[1.76957,41.28905],[1.77051,41.28924],[1.77292,41.28954],[1.77727,41.28926],[1.77742,41.28941],[1.77777,41.28982],[1.77825,41.29041],[1.7784,41.29072],[1.77853,41.29091],[1.77869,41.29107],[1.78074,41.2927],[1.78102,41.29291],[1.78127,41.29306],[1.78143,41.29315],[1.78285,41.29412],[1.78338,41.29456],[1.78347,41.29462],[1.78904,41.29382],[1.8005,41.29063],[1.80065,41.29068],[1.80096,41.29084],[1.80156,41.2912],[1.802,41.29147],[1.80226,41.29163],[1.80546,41.29234],[1.80667,41.29261],[1.80713,41.29263],[1.8074,41.29261],[1.81,41.29198],[1.81507,41.29264],[1.81502,41.2889],[1.81335,41.28727],[1.81349,41.28666],[1.81398,41.2854],[1.81456,41.28454],[1.81468,41.28441],[1.815,41.28393],[1.81507,41.28375],[1.81529,41.28257],[1.81607,41.28132],[1.81658,41.28017],[1.81732,41.2783],[1.81788,41.27847],[1.81902,41.27882],[1.81964,41.27907],[1.82135,41.27951],[1.82293,41.27978],[1.82315,41.27982],[1.82414,41.27455],[1.82567,41.27457],[1.82541,41.27342],[1.82638,41.27311],[1.82757,41.27237],[1.82775,41.27222],[1.8279,41.27201],[1.82871,41.2712],[1.82962,41.27049],[1.82979,41.2704],[1.83009,41.27032],[1.83037,41.27029],[1.83099,41.27027],[1.83156,41.27029],[1.83194,41.27027],[1.83204,41.27022],[1.83219,41.27012],[1.8326,41.26974],[1.8327,41.26962],[1.83284,41.26926],[1.835,41.26831],[1.83538,41.26841],[1.83561,41.26845],[1.83595,41.26846],[1.83724,41.26837],[1.83759,41.26832],[1.83934,41.2684],[1.84092,41.2688],[1.84117,41.26925],[1.84149,41.2699],[1.84154,41.27007],[1.84156,41.27029],[1.84155,41.27042],[1.84165,41.27071],[1.84186,41.27114],[1.84191,41.27121],[1.84207,41.27131],[1.84251,41.27155],[1.84487,41.27225],[1.84644,41.27198],[1.84718,41.2721],[1.84857,41.27222],[1.84883,41.27224],[1.84981,41.27228],[1.85,41.27227],[1.85015,41.27224],[1.85054,41.27207],[1.85072,41.27187],[1.85096,41.2715],[1.85118,41.2712],[1.85195,41.27048],[1.85208,41.27045],[1.85252,41.27057],[1.8528,41.27061],[1.85304,41.27056],[1.8534,41.27043],[1.8536,41.2703],[1.8538,41.27011],[1.85405,41.26975],[1.85411,41.26969],[1.85439,41.26956],[1.85481,41.26941],[1.8554,41.26925],[1.85638,41.26902],[1.85651,41.269],[1.85662,41.26901],[1.85952,41.26932],[1.86026,41.26943],[1.86137,41.26971],[1.85976,41.27122],[1.87143,41.27864],[1.87123,41.28],[1.87103,41.28045],[1.87088,41.28063],[1.87075,41.28072],[1.87021,41.28088],[1.86955,41.28111],[1.86907,41.28129],[1.87101,41.29116],[1.87267,41.29345],[1.86939,41.29625],[1.86817,41.29607],[1.86536,41.29594],[1.8649,41.29593],[1.86413,41.29591],[1.86375,41.29593],[1.86357,41.29594],[1.86221,41.29624],[1.8621,41.29627],[1.86171,41.2965],[1.86143,41.29705],[1.86138,41.29743],[1.86127,41.29833],[1.86122,41.29845],[1.86106,41.29858],[1.86063,41.29884],[1.86029,41.29902],[1.86015,41.29907],[1.85986,41.29915],[1.85964,41.29914],[1.85951,41.29903],[1.85941,41.29872],[1.85934,41.29832],[1.85923,41.298],[1.85913,41.29787],[1.85904,41.29777],[1.85893,41.2977],[1.85871,41.29763],[1.85855,41.29763],[1.85833,41.2977],[1.85814,41.29779],[1.85752,41.29813],[1.85662,41.29864],[1.85633,41.29878],[1.85606,41.29886],[1.85584,41.29888],[1.85571,41.29882],[1.85551,41.29869],[1.85504,41.29855],[1.85491,41.29852],[1.85478,41.29856],[1.85401,41.29918],[1.854,41.29923],[1.85412,41.29946],[1.85431,41.29978],[1.85451,41.30002],[1.85459,41.30018],[1.85468,41.30049],[1.85418,41.30081],[1.85315,41.30129],[1.85266,41.3015],[1.85217,41.30167],[1.85163,41.30168],[1.85127,41.30173],[1.84989,41.30335],[1.84673,41.30635],[1.84684,41.30675],[1.84702,41.30726],[1.84723,41.30761],[1.84754,41.30784],[1.84767,41.30806],[1.8481,41.30886],[1.84819,41.30907],[1.84825,41.30931],[1.84829,41.30953],[1.84821,41.3103],[1.84812,41.31117],[1.84801,41.31177],[1.84796,41.31192],[1.84793,41.31208],[1.84794,41.31228],[1.84797,41.31245],[1.84822,41.31302],[1.84879,41.31378],[1.84901,41.31411],[1.84952,41.31519],[1.85019,41.31646],[1.8497,41.31864],[1.84871,41.31872],[1.84785,41.31932]]]},"properties":{"codi_ine":"08148","nom":"Olivella","comarca":"Garraf"}},
{"type":"Feature","geometry":{"type":"Polygon","coordinates":[[[2.36855,41.54337],[2.36586,41.54514],[2.36361,41.54755],[2.36054,41.55067],[2.35928,41.55333],[2.36078,41.55716],[2.3631,41.56239],[2.36276,41.56299],[2.35589,41.57388],[2.35574,41.57383],[2.35533,41.57362],[2.35472,41.57325],[2.35467,41.5732],[2.35455,41.5728],[2.35341,41.57195],[2.35189,41.57117],[2.35024,41.57039],[2.34886,41.5699],[2.34868,41.5698],[2.34861,41.56973],[2.34859,41.56963],[2.34856,41.5693],[2.3486,41.5689],[2.34827,41.56826],[2.34718,41.56703],[2.34548,41.56611],[2.34476,41.56581],[2.34419,41.5655],[2.34405,41.56542],[2.3439,41.56524],[2.34385,41.56514],[2.34383,41.5649],[2.34384,41.56481],[2.34391,41.56453],[2.34409,41.56373],[2.34409,41.56367],[2.34252,41.56189],[2.34205,41.56141],[2.34147,41.56101],[2.34027,41.56076],[2.33942,41.56087],[2.33838,41.56121],[2.33814,41.56127],[2.33788,41.56126],[2.33751,41.56115],[2.33775,41.56077],[2.33797,41.56034],[2.33814,41.55985],[2.33836,41.55861],[2.33767,41.55746],[2.33743,41.55703],[2.33744,41.55624],[2.33756,41.55612],[2.33874,41.55543],[2.339,41.55528],[2.33916,41.55512],[2.33919,41.55504],[2.33894,41.55449],[2.33858,41.55276],[2.3386,41.55126],[2.33858,41.55093],[2.33831,41.55069],[2.33812,41.55053],[2.33727,41.54988],[2.33652,41.54946],[2.33549,41.54909],[2.33498,41.54896],[2.3355,41.54625],[2.33551,41.54601],[2.33462,41.54557],[2.33352,41.54455],[2.33374,41.54439],[2.33474,41.54388],[2.34148,41.54696],[2.34355,41.54657],[2.3436,41.54655],[2.3436,41.54646],[2.34313,41.54619],[2.3426,41.54506],[2.34334,41.54401],[2.34413,41.54272],[2.3484,41.54176],[2.3496,41.54152],[2.34977,41.54154],[2.34999,41.54158],[2.35088,41.54132],[2.35144,41.54113],[2.35179,41.54101],[2.35195,41.54097],[2.35218,41.54096],[2.35422,41.5413],[2.35474,41.5414],[2.35548,41.54166],[2.35621,41.54198],[2.3576,41.54247],[2.35915,41.54266],[2.3596,41.54282],[2.35977,41.54295],[2.35996,41.54315],[2.36041,41.54327],[2.36172,41.54359],[2.36202,41.54361],[2.36426,41.54377],[2.36598,41.54353],[2.36619,41.54345],[2.36689,41.54321],[2.36855,41.54337]]]},"properties":{"codi_ine":"08153","nom":"Òrrius","comarca":"Maresme"}},
{"type":"Feature","geometry":{"type":"Polygon","coordinates":[[[2.20025,41.58028],[2.20018,41.58033],[2.20009,41.58047],[2.19971,41.58132],[2.19884,41.58262],[2.19827,41.58325],[2.19813,41.58428],[2.19805,41.58508],[2.19796,41.58545],[2.19737,41.58676],[2.19677,41.5881],[2.19658,41.58847],[2.19629,41.58895],[2.19606,41.5893],[2.19514,41.59101],[2.19434,41.59168],[2.19361,41.59224],[2.19258,41.59299],[2.19223,41.59332],[2.19236,41.59367],[2.19213,41.59441],[2.1918,41.59506],[2.19146,41.59619],[2.19135,41.59673],[2.19131,41.59687],[2.1911,41.59717],[2.19098,41.59727],[2.19011,41.5977],[2.18886,41.59844],[2.1885,41.59934],[2.18846,41.59967],[2.18839,41.60102],[2.18839,41.60125],[2.18842,41.6014],[2.1886,41.60186],[2.18871,41.6021],[2.18894,41.60259],[2.18903,41.60285],[2.18906,41.60323],[2.18905,41.60335],[2.18839,41.60542],[2.18796,41.60656],[2.18787,41.60661],[2.18667,41.60637],[2.18521,41.60618],[2.1851,41.60599],[2.18499,41.60576],[2.18463,41.60487],[2.18485,41.60297],[2.18426,41.60229],[2.18405,41.60232],[2.18383,41.60233],[2.18314,41.60233],[2.18294,41.6023],[2.18278,41.60226],[2.18269,41.60221],[2.18262,41.60207],[2.18258,41.60195],[2.18163,41.60146],[2.18044,41.60153],[2.17816,41.6016],[2.17048,41.60138],[2.16687,41.60142],[2.16469,41.60119],[2.16469,41.60108],[2.1646,41.59999],[2.16454,41.59961],[2.16218,41.59866],[2.16117,41.59705],[2.15501,41.5927],[2.15182,41.58387],[2.1521,41.58346],[2.15217,41.58339],[2.1525,41.58318],[2.15176,41.5819],[2.15133,41.58112],[2.15124,41.58049],[2.15185,41.57963],[2.15261,41.57841],[2.15234,41.5781],[2.15191,41.57779],[2.15167,41.57772],[2.15124,41.57774],[2.15049,41.57779],[2.14992,41.57775],[2.14965,41.57769],[2.14942,41.57761],[2.14894,41.57736],[2.14915,41.57711],[2.14968,41.5765],[2.14991,41.5763],[2.15022,41.57586],[2.15031,41.57567],[2.15044,41.57522],[2.15052,41.5749],[2.15113,41.57371],[2.15234,41.57242],[2.15379,41.57106],[2.15435,41.57025],[2.15474,41.56926],[2.15598,41.56726],[2.15678,41.56628],[2.15735,41.56511],[2.15791,41.56491],[2.15807,41.56492],[2.15874,41.56495],[2.15923,41.56499],[2.15943,41.56505],[2.1603,41.56536],[2.16096,41.56546],[2.16182,41.56553],[2.16203,41.56527],[2.16238,41.56494],[2.16259,41.56485],[2.16317,41.56502],[2.16355,41.56515],[2.16407,41.56533],[2.16421,41.56537],[2.16437,41.56538],[2.16443,41.56536],[2.16488,41.56495],[2.16498,41.56485],[2.16586,41.56381],[2.16672,41.5629],[2.16721,41.56243],[2.16749,41.56236],[2.16827,41.56211],[2.16843,41.56043],[2.16871,41.55963],[2.16899,41.55932],[2.16909,41.55919],[2.16944,41.55865],[2.16951,41.55847],[2.1698,41.55722],[2.16981,41.55706],[2.16984,41.55693],[2.17004,41.55639],[2.17021,41.55597],[2.17028,41.55583],[2.17094,41.555],[2.17316,41.55526],[2.1744,41.55541],[2.17583,41.55558],[2.17655,41.55566],[2.177,41.55574],[2.17787,41.55589],[2.17913,41.55575],[2.17924,41.55561],[2.18002,41.55583],[2.18093,41.55613],[2.18194,41.55683],[2.1819,41.55702],[2.18321,41.55716],[2.18615,41.55731],[2.186,41.55702],[2.18587,41.55669],[2.18642,41.55672],[2.18706,41.55677],[2.1886,41.5569],[2.18917,41.55694],[2.18989,41.55697],[2.18974,41.55744],[2.18949,41.55867],[2.18875,41.56025],[2.18847,41.56087],[2.1884,41.56108],[2.18816,41.56197],[2.18812,41.56217],[2.18803,41.56283],[2.18776,41.56499],[2.18768,41.56526],[2.18764,41.56553],[2.18761,41.56627],[2.18758,41.56672],[2.18755,41.56705],[2.18733,41.56837],[2.18731,41.56846],[2.18705,41.56923],[2.18674,41.57036],[2.18673,41.57064],[2.18673,41.57109],[2.18663,41.57192],[2.18654,41.57238],[2.18648,41.57254],[2.18802,41.5731],[2.18893,41.57328],[2.19082,41.57352],[2.19266,41.57378],[2.19411,41.57381],[2.19461,41.57385],[2.19513,41.57395],[2.1956,41.57423],[2.19578,41.57435],[2.19613,41.57465],[2.19619,41.57476],[2.19624,41.57498],[2.19623,41.57541],[2.19831,41.57586],[2.19853,41.57569],[2.19956,41.57534],[2.20148,41.57549],[2.2019,41.57557],[2.20269,41.57577],[2.20218,41.57684],[2.20187,41.57713],[2.20175,41.57726],[2.20148,41.57764],[2.20043,41.5793],[2.20017,41.58024],[2.20025,41.58028]]]},"properties":{"codi_ine":"08156","nom":"Palau-solità i Plegamans","comarca":"Vallès Occidental"}},
{"type":"Feature","geometry":{"type":"Polygon","coordinates":[[[1.99408,41.43559],[1.99409,41.43616],[1.99408,41.43635],[1.99391,41.43671],[1.99363,41.43704],[1.99322,41.43745],[1.99258,41.43803],[1.99147,41.43892],[1.99083,41.43936],[1.99041,41.43962],[1.98591,41.43691],[1.9869,41.43562],[1.98681,41.43484],[1.9846,41.43427],[1.98416,41.4344],[1.98376,41.43458],[1.98345,41.43465],[1.98248,41.43465],[1.98232,41.43419],[1.98031,41.43375],[1.97913,41.43334],[1.97821,41.43296],[1.97608,41.43238],[1.9742,41.43217],[1.9729,41.43033],[1.97226,41.42857],[1.97187,41.42833],[1.97114,41.42803],[1.97097,41.42798],[1.97053,41.42789],[1.96976,41.42787],[1.96847,41.42735],[1.96834,41.42706],[1.96812,41.42663],[1.96797,41.42643],[1.96712,41.42562],[1.96677,41.42553],[1.96656,41.4255],[1.96642,41.42545],[1.96604,41.42516],[1.96536,41.42462],[1.96526,41.42445],[1.96521,41.42419],[1.96517,41.42379],[1.96513,41.42353],[1.96507,41.42325],[1.96499,41.42308],[1.96482,41.42291],[1.96465,41.42278],[1.9638,41.42227],[1.96341,41.42204],[1.96259,41.42158],[1.96241,41.42153],[1.96063,41.42112],[1.95995,41.421],[1.95941,41.42097],[1.95888,41.4208],[1.95848,41.42065],[1.95759,41.42028],[1.95661,41.4199],[1.95569,41.4196],[1.95318,41.4199],[1.95187,41.42038],[1.95049,41.42065],[1.94874,41.42097],[1.94717,41.42022],[1.94694,41.42026],[1.94671,41.42026],[1.94655,41.42023],[1.9463,41.42018],[1.94606,41.42009],[1.94526,41.41979],[1.94517,41.41971],[1.94519,41.41929],[1.94521,41.41868],[1.9452,41.41779],[1.94518,41.41751],[1.94497,41.41737],[1.94554,41.41695],[1.94682,41.41658],[1.94958,41.41745],[1.95057,41.41744],[1.9527,41.41755],[1.95427,41.41719],[1.95446,41.41711],[1.95459,41.41695],[1.95633,41.41594],[1.9586,41.41668],[1.96064,41.41758],[1.96212,41.41767],[1.96148,41.41656],[1.96152,41.41648],[1.96198,41.41625],[1.96215,41.41627],[1.96227,41.41633],[1.96277,41.41652],[1.96387,41.4169],[1.96478,41.41715],[1.96539,41.41709],[1.96585,41.41687],[1.96647,41.41666],[1.96689,41.41664],[1.96877,41.41666],[1.9689,41.41669],[1.96922,41.41681],[1.96951,41.41696],[1.97031,41.41679],[1.97178,41.41689],[1.97318,41.41771],[1.9736,41.41754],[1.97372,41.41622],[1.97326,41.4158],[1.97343,41.41536],[1.97639,41.41595],[1.97598,41.41448],[1.97843,41.41456],[1.97762,41.41347],[1.98001,41.41379],[1.9829,41.41475],[1.98401,41.4136],[1.98164,41.41269],[1.98171,41.41258],[1.98259,41.4117],[1.9831,41.41131],[1.98525,41.41107],[1.98621,41.41191],[1.98767,41.41097],[1.9886,41.40833],[1.99049,41.40896],[1.99135,41.40896],[1.99272,41.40882],[1.99437,41.40856],[1.99526,41.40834],[1.99694,41.40775],[1.99828,41.40708],[1.99961,41.40622],[2.0002,41.40649],[2.0009,41.40692],[2.00207,41.40801],[2.00292,41.40889],[2.00348,41.40917],[2.00971,41.41098],[2.00901,41.41199],[2.00851,41.41295],[2.00812,41.41408],[2.00774,41.41542],[2.00726,41.41737],[2.0062,41.42024],[2.00584,41.421],[2.0056,41.42144],[2.00493,41.42281],[2.00435,41.42325],[2.00407,41.42381],[2.00392,41.42417],[2.0038,41.42466],[2.00351,41.4253],[2.00324,41.42583],[2.00288,41.42637],[2.00223,41.42733],[2.00161,41.42805],[2.00098,41.4286],[1.99922,41.4302],[1.99762,41.43145],[1.99722,41.43204],[1.99652,41.43316],[1.99631,41.43367],[1.996,41.43419],[1.99563,41.43469],[1.99477,41.43539],[1.99443,41.43555],[1.99408,41.43559]]]},"properties":{"codi_ine":"08157","nom":"Pallejà","comarca":"Baix Llobregat"}},
{"type":"Feature","geometry":{"type":"Polygon","coordinates":[[[2.03295,41.44169],[2.03202,41.4422],[2.03185,41.44233],[2.03166,41.44253],[2.03156,41.44267],[2.03138,41.44313],[2.03129,41.44359],[2.03123,41.44396],[2.03124,41.44403],[2.03131,41.44417],[2.03138,41.4444],[2.03141,41.44461],[2.0314,41.44503],[2.03133,41.4454],[2.03126,41.44555],[2.03114,41.44566],[2.03082,41.44587],[2.03038,41.44612],[2.02999,41.44633],[2.02993,41.44635],[2.02944,41.4464],[2.02891,41.44639],[2.0282,41.4464],[2.02805,41.44643],[2.02716,41.44675],[2.02708,41.44683],[2.02701,41.44699],[2.02571,41.4491],[2.02465,41.44994],[2.02387,41.45054],[2.02372,41.45069],[2.02375,41.45093],[2.02382,41.45112],[2.02406,41.45128],[2.0244,41.45159],[2.02451,41.45174],[2.02459,41.4519],[2.02458,41.45209],[2.02451,41.45308],[2.02438,41.45335],[2.02388,41.45408],[2.02362,41.45449],[2.0235,41.4548],[2.02356,41.45498],[2.02375,41.45527],[2.02396,41.45574],[2.02405,41.45604],[2.0241,41.45652],[2.02409,41.45671],[2.02394,41.45696],[2.02357,41.45747],[2.02339,41.45753],[2.0229,41.45756],[2.0209,41.45772],[2.02086,41.45773],[2.02073,41.45801],[2.02006,41.45834],[2.01982,41.45839],[2.01933,41.45838],[2.01911,41.45835],[2.01847,41.45821],[2.0168,41.45845],[2.01645,41.45875],[2.01596,41.45891],[2.01557,41.45898],[2.01519,41.45878],[2.01354,41.45824],[2.0129,41.45832],[2.01242,41.45835],[2.01233,41.45834],[2.01208,41.45827],[2.01122,41.45796],[2.01111,41.45787],[2.01098,41.45755],[2.01052,41.45665],[1.99973,41.46024],[1.99926,41.45991],[1.9992,41.45984],[1.99895,41.45908],[1.99894,41.45899],[1.99898,41.45886],[1.99925,41.45845],[1.99938,41.45831],[1.99963,41.45808],[2.00045,41.45736],[2.00071,41.45707],[2.00104,41.45651],[2.00113,41.45631],[2.00105,41.45611],[2.00025,41.45524],[1.99954,41.45453],[1.99931,41.45439],[1.99838,41.45395],[1.9978,41.45365],[1.99733,41.45338],[1.9968,41.45295],[1.99644,41.45258],[1.9962,41.45227],[1.99591,41.45184],[1.99572,41.45141],[1.99556,41.4506],[1.99557,41.4498],[1.99573,41.44846],[1.99587,41.44767],[1.99596,41.44699],[1.99612,41.44443],[1.99615,41.44282],[1.99604,41.44096],[1.99596,41.43993],[1.99569,41.4386],[1.99509,41.43628],[1.99408,41.43559],[1.99443,41.43555],[1.99477,41.43539],[1.99563,41.43469],[1.996,41.43419],[1.99631,41.43367],[1.99652,41.43316],[1.99722,41.43204],[1.99762,41.43145],[1.99922,41.4302],[2.00098,41.4286],[2.00161,41.42805],[2.00223,41.42733],[2.00288,41.42637],[2.00324,41.42583],[2.00351,41.4253],[2.0038,41.42466],[2.00392,41.42417],[2.00407,41.42381],[2.00435,41.42325],[2.00493,41.42281],[2.0056,41.42144],[2.007,41.42204],[2.00737,41.422],[2.00831,41.42169],[2.00855,41.42162],[2.00886,41.42161],[2.00911,41.42171],[2.00818,41.42449],[2.01073,41.42583],[2.0171,41.42788],[2.01736,41.42764],[2.01791,41.42726],[2.01802,41.42728],[2.01846,41.4276],[2.01896,41.42889],[2.01926,41.42974],[2.01944,41.43004],[2.02041,41.43027],[2.0213,41.43036],[2.02445,41.43137],[2.027,41.43262],[2.02745,41.4329],[2.02826,41.43363],[2.0286,41.43468],[2.02942,41.43605],[2.02991,41.43696],[2.02991,41.43734],[2.02999,41.43747],[2.03007,41.43757],[2.03056,41.43795],[2.03164,41.4386],[2.03188,41.43874],[2.03274,41.43969],[2.03278,41.44102],[2.03295,41.44169]]]},"properties":{"codi_ine":"08158","nom":"el Papiol","comarca":"Baix Llobregat"}},
{"type":"Feature","geometry":{"type":"MultiPolygon","coordinates":[[[[2.25668,41.57386],[2.25794,41.5787],[2.25878,41.58157],[2.25885,41.5818],[2.24659,41.58041],[2.23761,41.57881],[2.23535,41.57849],[2.23009,41.57826],[2.22369,41.57655],[2.22298,41.57579],[2.2208,41.57459],[2.21711,41.57221],[2.21681,41.57206],[2.21565,41.57158],[2.21538,41.57167],[2.21511,41.57179],[2.21481,41.5719],[2.21459,41.57195],[2.2144,41.57196],[2.21349,41.57129],[2.21333,41.57115],[2.21325,41.57104],[2.21321,41.57092],[2.21234,41.57031],[2.21138,41.57004],[2.20872,41.56831],[2.20404,41.56867],[2.20418,41.56847],[2.20473,41.56774],[2.20487,41.56765],[2.20496,41.56764],[2.20523,41.56767],[2.20537,41.56765],[2.20563,41.5675],[2.20796,41.56583],[2.20829,41.56544],[2.20942,41.56271],[2.21041,41.56075],[2.21065,41.56035],[2.21101,41.55973],[2.21124,41.55928],[2.21153,41.55859],[2.21159,41.55838],[2.21172,41.55775],[2.21201,41.55711],[2.21219,41.55681],[2.21926,41.55636],[2.22037,41.55622],[2.22468,41.5559],[2.22756,41.55559],[2.22893,41.55525],[2.22948,41.55516],[2.23214,41.55485],[2.23263,41.5548],[2.23401,41.55465],[2.23378,41.55349],[2.23341,41.55165],[2.23309,41.55023],[2.23239,41.54823],[2.23186,41.54719],[2.2311,41.54541],[2.23098,41.54495],[2.23184,41.54522],[2.23342,41.54571],[2.23403,41.54578],[2.23481,41.54659],[2.23496,41.54686],[2.23515,41.54721],[2.23533,41.5476],[2.23552,41.54805],[2.23588,41.54921],[2.23632,41.54939],[2.23656,41.54933],[2.23668,41.54933],[2.23713,41.54962],[2.2381,41.55037],[2.23821,41.55048],[2.23886,41.55122],[2.24004,41.55263],[2.24027,41.55295],[2.24083,41.55387],[2.24165,41.55524],[2.24206,41.55591],[2.24221,41.55604],[2.2433,41.55674],[2.24392,41.55704],[2.24441,41.55725],[2.24456,41.55729],[2.24551,41.55752],[2.24579,41.55758],[2.24683,41.55775],[2.24716,41.55779],[2.24717,41.55896],[2.24813,41.56045],[2.24832,41.56083],[2.24848,41.56116],[2.24886,41.56203],[2.24911,41.56277],[2.24941,41.56378],[2.24964,41.5645],[2.25005,41.5656],[2.2502,41.56597],[2.25043,41.56647],[2.25067,41.56683],[2.251,41.56726],[2.25157,41.56794],[2.25185,41.56825],[2.25202,41.56846],[2.25219,41.56869],[2.2524,41.56899],[2.25284,41.56983],[2.25273,41.5701],[2.25332,41.57161],[2.2547,41.57124],[2.25551,41.57245],[2.25585,41.57316],[2.25575,41.57429],[2.256,41.57442],[2.25675,41.57481],[2.25694,41.57489],[2.25668,41.57386]]],[[[2.21082,41.58262],[2.21018,41.58282],[2.20968,41.58302],[2.20935,41.58326],[2.20918,41.58374],[2.20903,41.58404],[2.20889,41.58415],[2.20611,41.58342],[2.20605,41.58312],[2.20607,41.58278],[2.20629,41.5822],[2.20648,41.58181],[2.20646,41.58148],[2.20529,41.58076],[2.20578,41.58033],[2.20609,41.57972],[2.20349,41.57943],[2.20343,41.57944],[2.20327,41.58003],[2.2032,41.58012],[2.2025,41.58052],[2.20125,41.58041],[2.20111,41.58035],[2.20036,41.58023],[2.20025,41.58028],[2.20017,41.58024],[2.20043,41.5793],[2.20148,41.57764],[2.20175,41.57726],[2.20187,41.57713],[2.20218,41.57684],[2.2066,41.57825],[2.20846,41.57771],[2.21082,41.58262]]]]},"properties":{"codi_ine":"08159","nom":"Parets del Vallès","comarca":"Vallès Oriental"}},
{"type":"Feature","geometry":{"type":"Polygon","coordinates":[[[1.74262,41.57448],[1.74247,41.57449],[1.74157,41.57478],[1.74106,41.57507],[1.74062,41.57536],[1.74049,41.5754],[1.73951,41.5756],[1.73884,41.57562],[1.73837,41.57571],[1.73812,41.57577],[1.73803,41.57585],[1.73793,41.57616],[1.73787,41.57702],[1.73782,41.57737],[1.73748,41.57836],[1.73642,41.57955],[1.73609,41.5798],[1.73503,41.5803],[1.73404,41.58042],[1.73376,41.58048],[1.73359,41.58061],[1.73345,41.58081],[1.73327,41.58118],[1.73323,41.58138],[1.73293,41.58141],[1.73216,41.58146],[1.73153,41.58149],[1.73049,41.58149],[1.72949,41.58151],[1.72789,41.58154],[1.72625,41.58161],[1.72539,41.58151],[1.72459,41.58117],[1.72429,41.58095],[1.72421,41.58072],[1.72409,41.58049],[1.72385,41.58026],[1.7237,41.58018],[1.72311,41.57993],[1.72284,41.57992],[1.72249,41.58002],[1.72178,41.5802],[1.72159,41.58022],[1.72001,41.58028],[1.71967,41.58026],[1.71962,41.58024],[1.71916,41.57931],[1.71852,41.57801],[1.71844,41.57782],[1.71841,41.57758],[1.71842,41.57744],[1.71856,41.57729],[1.71897,41.57587],[1.71904,41.57537],[1.71927,41.57477],[1.71973,41.57363],[1.71973,41.57354],[1.71929,41.57322],[1.71913,41.57316],[1.71883,41.57309],[1.71849,41.57303],[1.71809,41.57291],[1.71788,41.57282],[1.71768,41.57271],[1.71742,41.5725],[1.71649,41.57168],[1.7164,41.57156],[1.71641,41.57147],[1.71652,41.57135],[1.71698,41.57093],[1.7177,41.56991],[1.7179,41.56808],[1.71781,41.56751],[1.71753,41.56664],[1.71738,41.56624],[1.71712,41.56562],[1.71748,41.56547],[1.71988,41.56412],[1.72077,41.56324],[1.72162,41.56218],[1.72175,41.56191],[1.72148,41.56139],[1.72148,41.56113],[1.72168,41.5605],[1.72183,41.56026],[1.72194,41.55994],[1.72185,41.55928],[1.72179,41.55915],[1.72154,41.55886],[1.72145,41.55879],[1.72049,41.55772],[1.7196,41.55636],[1.71925,41.55554],[1.71917,41.55464],[1.7181,41.55316],[1.71793,41.55302],[1.71748,41.5527],[1.71738,41.55265],[1.71618,41.55227],[1.71636,41.55221],[1.71642,41.55215],[1.71673,41.55166],[1.71683,41.55128],[1.717,41.55056],[1.71709,41.55008],[1.71677,41.54993],[1.71655,41.54976],[1.71623,41.54936],[1.71612,41.54898],[1.71598,41.5484],[1.71596,41.54827],[1.71704,41.54542],[1.71713,41.54531],[1.71721,41.54514],[1.7173,41.54474],[1.71746,41.54379],[1.71726,41.54315],[1.71668,41.54055],[1.71663,41.54007],[1.71672,41.53923],[1.71677,41.53882],[1.71683,41.53854],[1.71717,41.53708],[1.71766,41.53653],[1.71838,41.53602],[1.71859,41.53578],[1.71862,41.5357],[1.71834,41.5353],[1.71809,41.53398],[1.71793,41.53332],[1.71762,41.53307],[1.71741,41.53254],[1.71734,41.53222],[1.71737,41.53111],[1.71718,41.5292],[1.71654,41.52846],[1.71641,41.52837],[1.72071,41.52141],[1.71803,41.51968],[1.71915,41.51662],[1.72091,41.51444],[1.72091,41.51422],[1.72083,41.51398],[1.72067,41.51379],[1.72027,41.51365],[1.7199,41.51363],[1.71936,41.51363],[1.71916,41.51358],[1.71895,41.51346],[1.71821,41.51293],[1.71786,41.51257],[1.71686,41.51195],[1.71532,41.51144],[1.71466,41.5111],[1.71339,41.5101],[1.71237,41.5091],[1.71227,41.50899],[1.71216,41.50895],[1.70735,41.50991],[1.70744,41.50964],[1.7075,41.50937],[1.70747,41.5092],[1.70737,41.5091],[1.70695,41.5088],[1.70582,41.50806],[1.70565,41.50802],[1.70493,41.50812],[1.70442,41.50829],[1.70427,41.50833],[1.70412,41.50832],[1.70344,41.50798],[1.70323,41.50783],[1.70296,41.50757],[1.70281,41.507],[1.70305,41.50663],[1.70373,41.50594],[1.70568,41.50526],[1.70584,41.50438],[1.70637,41.50339],[1.70694,41.50264],[1.70791,41.50169],[1.70831,41.50145],[1.70857,41.50134],[1.70873,41.50132],[1.70913,41.50136],[1.7097,41.50129],[1.70988,41.50126],[1.71074,41.50091],[1.71112,41.50062],[1.71268,41.49943],[1.71282,41.49927],[1.71318,41.49911],[1.71358,41.49905],[1.71433,41.49895],[1.71439,41.49895],[1.71471,41.49906],[1.71485,41.49914],[1.71532,41.49989],[1.71548,41.50044],[1.71547,41.50066],[1.71555,41.50085],[1.71579,41.50118],[1.71603,41.50141],[1.71629,41.50158],[1.71638,41.5016],[1.71672,41.5016],[1.71688,41.50156],[1.717,41.50151],[1.71747,41.50127],[1.71752,41.5012],[1.71788,41.50067],[1.71783,41.50034],[1.7177,41.50006],[1.71754,41.49985],[1.71744,41.49967],[1.7174,41.49957],[1.71723,41.49869],[1.71718,41.49832],[1.71717,41.49818],[1.7176,41.49727],[1.71782,41.49707],[1.7179,41.49703],[1.71925,41.49642],[1.72097,41.49526],[1.72247,41.49427],[1.72329,41.4938],[1.72436,41.49321],[1.72454,41.49312],[1.72484,41.493],[1.72514,41.49291],[1.72641,41.49214],[1.72621,41.49107],[1.72716,41.48902],[1.72828,41.4878],[1.7295,41.48719],[1.72966,41.48718],[1.72993,41.48712],[1.73015,41.48705],[1.73081,41.48679],[1.73185,41.48636],[1.73259,41.48604],[1.73271,41.48597],[1.7336,41.48538],[1.73367,41.48532],[1.73348,41.48496],[1.73342,41.48488],[1.73308,41.4846],[1.73287,41.48425],[1.73282,41.48411],[1.73279,41.48388],[1.73284,41.48371],[1.73292,41.48361],[1.73397,41.4827],[1.73541,41.48229],[1.73588,41.48204],[1.73613,41.4819],[1.73642,41.48168],[1.73686,41.48108],[1.73728,41.48019],[1.73742,41.47982],[1.73768,41.47964],[1.73832,41.47928],[1.73861,41.47922],[1.73939,41.4792],[1.7396,41.47922],[1.74029,41.47931],[1.7405,41.47933],[1.74067,41.47931],[1.74085,41.47927],[1.741,41.47916],[1.74146,41.47863],[1.74146,41.47819],[1.74139,41.47803],[1.74144,41.47774],[1.74155,41.47758],[1.74207,41.47734],[1.74246,41.47716],[1.7428,41.47705],[1.74292,41.47698],[1.74312,41.4768],[1.74325,41.47659],[1.74325,41.47649],[1.74321,41.47633],[1.74305,41.47609],[1.74277,41.47589],[1.74263,41.47583],[1.74231,41.47581],[1.74207,41.47583],[1.74199,41.4759],[1.74165,41.47604],[1.7408,41.47606],[1.74024,41.47589],[1.73987,41.47573],[1.73963,41.47557],[1.73944,41.4753],[1.73933,41.47508],[1.73918,41.47489],[1.73889,41.47464],[1.73856,41.47446],[1.73825,41.47434],[1.73793,41.47424],[1.73775,41.47411],[1.7375,41.47387],[1.73715,41.47333],[1.73724,41.47298],[1.7394,41.472],[1.74048,41.47207],[1.74173,41.47255],[1.74307,41.47275],[1.74455,41.47289],[1.74467,41.47289],[1.74481,41.47285],[1.74495,41.47273],[1.74513,41.47242],[1.74514,41.4723],[1.74508,41.47215],[1.74489,41.47182],[1.74478,41.47173],[1.74445,41.47168],[1.74437,41.47164],[1.74409,41.47148],[1.74384,41.47131],[1.74305,41.47033],[1.74283,41.47],[1.74268,41.46975],[1.74265,41.46967],[1.74264,41.46927],[1.74267,41.46925],[1.74452,41.46812],[1.7458,41.46743],[1.74707,41.46696],[1.75041,41.46572],[1.7506,41.46578],[1.75187,41.46594],[1.75202,41.46595],[1.75316,41.4653],[1.75326,41.46521],[1.752,41.46433],[1.75145,41.46403],[1.75125,41.46394],[1.75089,41.46358],[1.75042,41.46302],[1.75034,41.46246],[1.74986,41.46199],[1.74964,41.46179],[1.74936,41.46165],[1.74911,41.46157],[1.74894,41.46158],[1.74772,41.46176],[1.74745,41.46179],[1.74703,41.46176],[1.74669,41.46159],[1.74661,41.46152],[1.74635,41.46118],[1.74622,41.46089],[1.74617,41.46075],[1.74614,41.46034],[1.74619,41.45949],[1.74621,41.45938],[1.74627,41.45931],[1.74687,41.45874],[1.75145,41.45762],[1.74888,41.45336],[1.75208,41.45133],[1.76908,41.44559],[1.77637,41.45077],[1.77611,41.4524],[1.77567,41.45343],[1.77497,41.4541],[1.77512,41.45524],[1.77514,41.45598],[1.7748,41.45669],[1.77445,41.45744],[1.77454,41.45792],[1.77473,41.45804],[1.77484,41.45815],[1.77488,41.45829],[1.77496,41.45905],[1.77496,41.45921],[1.77492,41.45933],[1.77429,41.46068],[1.77413,41.46164],[1.77408,41.46256],[1.7741,41.46268],[1.77416,41.4628],[1.77428,41.46296],[1.77459,41.4633],[1.77471,41.46341],[1.77519,41.4637],[1.77533,41.46378],[1.77545,41.46381],[1.77559,41.46381],[1.77635,41.46395],[1.77749,41.46482],[1.77904,41.46318],[1.78015,41.46347],[1.78068,41.46365],[1.78135,41.46427],[1.78255,41.46531],[1.78276,41.46547],[1.78296,41.46555],[1.78328,41.46557],[1.78393,41.46542],[1.78478,41.46533],[1.78563,41.46531],[1.78579,41.46535],[1.78583,41.46552],[1.78583,41.46577],[1.78585,41.4659],[1.78591,41.466],[1.78616,41.46627],[1.78644,41.46652],[1.78661,41.46663],[1.7868,41.46672],[1.7875,41.467],[1.78766,41.46703],[1.78886,41.46717],[1.79175,41.46715],[1.79179,41.46656],[1.79224,41.46558],[1.79367,41.46551],[1.7937,41.46565],[1.7939,41.46721],[1.79405,41.46727],[1.7951,41.46752],[1.79525,41.46754],[1.79531,41.46733],[1.79579,41.46703],[1.79791,41.46661],[1.79811,41.46698],[1.79827,41.46822],[1.79751,41.46936],[1.79663,41.47037],[1.79542,41.47148],[1.79446,41.4718],[1.79407,41.472],[1.79322,41.47245],[1.79297,41.47275],[1.79254,41.47336],[1.79249,41.47346],[1.79244,41.47367],[1.79248,41.47367],[1.79199,41.47374],[1.79175,41.47549],[1.79164,41.47681],[1.79171,41.47703],[1.79173,41.47728],[1.79162,41.47797],[1.79157,41.47823],[1.79149,41.47855],[1.79136,41.47894],[1.79123,41.47919],[1.79104,41.47948],[1.79038,41.48117],[1.79033,41.48153],[1.79018,41.48356],[1.7901,41.48511],[1.79026,41.48544],[1.79028,41.48558],[1.79026,41.48577],[1.7902,41.486],[1.79012,41.48621],[1.78992,41.48646],[1.78922,41.48709],[1.78912,41.4872],[1.78904,41.48733],[1.78898,41.48757],[1.78884,41.48885],[1.78879,41.48929],[1.78875,41.48944],[1.78866,41.48967],[1.78854,41.48988],[1.78779,41.49119],[1.78738,41.49188],[1.78726,41.4921],[1.78717,41.49244],[1.78701,41.49324],[1.78698,41.49348],[1.787,41.49371],[1.78704,41.49413],[1.78705,41.49435],[1.787,41.4945],[1.78691,41.49465],[1.78644,41.49528],[1.78616,41.49555],[1.78554,41.4964],[1.78525,41.49688],[1.78515,41.49713],[1.78499,41.49775],[1.78495,41.49799],[1.78503,41.49832],[1.78503,41.49902],[1.78482,41.50047],[1.7844,41.50158],[1.78386,41.5026],[1.78351,41.50364],[1.78225,41.50431],[1.78175,41.50452],[1.781,41.50485],[1.78076,41.50528],[1.78072,41.50537],[1.78065,41.50589],[1.78073,41.50627],[1.78099,41.50687],[1.78226,41.50931],[1.78231,41.5094],[1.78273,41.50997],[1.78347,41.5109],[1.78393,41.51124],[1.78564,41.51202],[1.78586,41.51211],[1.78601,41.51221],[1.78641,41.51247],[1.78647,41.51258],[1.78626,41.5128],[1.78592,41.51311],[1.78502,41.51404],[1.78423,41.51532],[1.78403,41.51557],[1.78309,41.51661],[1.78263,41.51694],[1.78232,41.51712],[1.78213,41.51725],[1.78235,41.51884],[1.78233,41.51954],[1.78155,41.52011],[1.78193,41.52111],[1.78162,41.52177],[1.78151,41.52192],[1.78121,41.52211],[1.77934,41.52311],[1.77811,41.52375],[1.77793,41.52379],[1.77685,41.52442],[1.77548,41.52524],[1.77506,41.52552],[1.77465,41.52583],[1.77459,41.52589],[1.77429,41.52627],[1.77418,41.52643],[1.77399,41.5268],[1.7739,41.52695],[1.77345,41.52762],[1.77257,41.52891],[1.77222,41.52929],[1.77197,41.52943],[1.77174,41.52955],[1.77148,41.52967],[1.77122,41.5298],[1.77043,41.53026],[1.76966,41.53075],[1.76709,41.53248],[1.76693,41.5326],[1.76669,41.53283],[1.76515,41.53412],[1.76437,41.53473],[1.76225,41.53554],[1.76197,41.53564],[1.76121,41.53601],[1.76079,41.53631],[1.7606,41.53661],[1.76066,41.53679],[1.76083,41.53954],[1.76087,41.54015],[1.76093,41.5413],[1.76091,41.54155],[1.76084,41.54183],[1.76035,41.54353],[1.76004,41.54437],[1.75992,41.5446],[1.75984,41.54471],[1.75966,41.54484],[1.75927,41.54505],[1.75899,41.54526],[1.75881,41.54547],[1.75858,41.54581],[1.75849,41.54597],[1.75841,41.54622],[1.75841,41.54645],[1.75848,41.54701],[1.75854,41.54729],[1.75862,41.54763],[1.75873,41.54808],[1.75871,41.54826],[1.75867,41.54835],[1.75847,41.54861],[1.75834,41.54876],[1.75802,41.54906],[1.75592,41.55117],[1.75578,41.55137],[1.75559,41.5518],[1.75521,41.55323],[1.75469,41.55529],[1.7547,41.55543],[1.7548,41.55559],[1.75521,41.55612],[1.7553,41.55622],[1.75543,41.55631],[1.75598,41.55657],[1.75615,41.55673],[1.75625,41.55692],[1.75621,41.55823],[1.75618,41.55833],[1.75583,41.55921],[1.75577,41.55932],[1.75559,41.55953],[1.75382,41.56099],[1.75364,41.56112],[1.75342,41.56125],[1.75327,41.56129],[1.75299,41.56133],[1.7528,41.56133],[1.7526,41.5613],[1.75236,41.56123],[1.75169,41.56095],[1.75134,41.56099],[1.751,41.56106],[1.75054,41.5612],[1.75016,41.56132],[1.7494,41.56174],[1.74879,41.56211],[1.7486,41.56228],[1.74845,41.56259],[1.74792,41.56368],[1.74785,41.56373],[1.74718,41.56424],[1.74584,41.56504],[1.74607,41.56561],[1.7453,41.56643],[1.74323,41.56861],[1.74313,41.56872],[1.74309,41.56886],[1.74335,41.56967],[1.74343,41.56983],[1.74397,41.57034],[1.74419,41.57041],[1.74438,41.57054],[1.74466,41.57083],[1.74539,41.57174],[1.74544,41.57183],[1.74543,41.57191],[1.74459,41.57283],[1.74419,41.57326],[1.74366,41.57379],[1.74316,41.57419],[1.74262,41.57448]]]},"properties":{"codi_ine":"08161","nom":"Piera","comarca":"Anoia"}},
{"type":"Feature","geometry":{"type":"Polygon","coordinates":[[[1.79775,41.56478],[1.79741,41.56519],[1.79716,41.56562],[1.79716,41.56688],[1.79729,41.56803],[1.79608,41.56888],[1.79481,41.5695],[1.79458,41.57028],[1.79342,41.57149],[1.79237,41.57279],[1.79227,41.57294],[1.79193,41.57327],[1.79164,41.57352],[1.79133,41.57373],[1.7912,41.5738],[1.79099,41.57384],[1.79067,41.57381],[1.7904,41.57381],[1.79011,41.57385],[1.78968,41.57399],[1.78957,41.57405],[1.78858,41.57465],[1.78798,41.57511],[1.78722,41.5754],[1.78585,41.57542],[1.78475,41.57541],[1.78125,41.57458],[1.7784,41.57416],[1.77662,41.57389],[1.7766,41.57387],[1.77611,41.5731],[1.77577,41.57249],[1.7739,41.57225],[1.77341,41.57251],[1.773,41.57273],[1.77293,41.57278],[1.77285,41.57291],[1.77281,41.5731],[1.77266,41.57338],[1.77252,41.57359],[1.77213,41.57411],[1.77146,41.57481],[1.77137,41.57487],[1.76521,41.57633],[1.76447,41.5764],[1.76426,41.57639],[1.76386,41.57631],[1.76214,41.57612],[1.75939,41.57595],[1.75826,41.57591],[1.75721,41.5762],[1.75706,41.5763],[1.75663,41.57644],[1.7559,41.57661],[1.75446,41.57676],[1.75369,41.57674],[1.7534,41.5767],[1.75183,41.57634],[1.75087,41.57597],[1.75047,41.57577],[1.74957,41.57551],[1.74917,41.57543],[1.74892,41.57541],[1.74699,41.57557],[1.74511,41.57557],[1.74496,41.57555],[1.74352,41.57508],[1.7432,41.57495],[1.74297,41.57482],[1.74262,41.57448],[1.74316,41.57419],[1.74366,41.57379],[1.74419,41.57326],[1.74459,41.57283],[1.74543,41.57191],[1.74544,41.57183],[1.74539,41.57174],[1.74466,41.57083],[1.74438,41.57054],[1.74419,41.57041],[1.74397,41.57034],[1.74343,41.56983],[1.74335,41.56967],[1.74309,41.56886],[1.74313,41.56872],[1.74323,41.56861],[1.7453,41.56643],[1.74607,41.56561],[1.74584,41.56504],[1.74718,41.56424],[1.74785,41.56373],[1.74792,41.56368],[1.74845,41.56259],[1.7486,41.56228],[1.74879,41.56211],[1.7494,41.56174],[1.75016,41.56132],[1.75054,41.5612],[1.751,41.56106],[1.75134,41.56099],[1.75169,41.56095],[1.75236,41.56123],[1.7526,41.5613],[1.7528,41.56133],[1.75299,41.56133],[1.75327,41.56129],[1.75342,41.56125],[1.75364,41.56112],[1.75382,41.56099],[1.75559,41.55953],[1.75577,41.55932],[1.75583,41.55921],[1.75618,41.55833],[1.75621,41.55823],[1.75625,41.55692],[1.75615,41.55673],[1.75598,41.55657],[1.75543,41.55631],[1.7553,41.55622],[1.75521,41.55612],[1.7548,41.55559],[1.7547,41.55543],[1.75469,41.55529],[1.75521,41.55323],[1.75559,41.5518],[1.75578,41.55137],[1.75592,41.55117],[1.75802,41.54906],[1.75834,41.54876],[1.75847,41.54861],[1.75867,41.54835],[1.75871,41.54826],[1.75873,41.54808],[1.75862,41.54763],[1.75854,41.54729],[1.75848,41.54701],[1.75841,41.54645],[1.75841,41.54622],[1.75849,41.54597],[1.75858,41.54581],[1.75881,41.54547],[1.75899,41.54526],[1.75927,41.54505],[1.75966,41.54484],[1.75984,41.54471],[1.75992,41.5446],[1.76004,41.54437],[1.76035,41.54353],[1.76084,41.54183],[1.76091,41.54155],[1.76093,41.5413],[1.76087,41.54015],[1.76083,41.53954],[1.76066,41.53679],[1.7606,41.53661],[1.76079,41.53631],[1.76121,41.53601],[1.76197,41.53564],[1.76225,41.53554],[1.76437,41.53473],[1.76515,41.53412],[1.76669,41.53283],[1.76693,41.5326],[1.76709,41.53248],[1.76966,41.53075],[1.77043,41.53026],[1.77122,41.5298],[1.77148,41.52967],[1.77174,41.52955],[1.77197,41.52943],[1.77222,41.52929],[1.77257,41.52891],[1.77345,41.52762],[1.7739,41.52695],[1.77399,41.5268],[1.77418,41.52643],[1.77429,41.52627],[1.77459,41.52589],[1.77465,41.52583],[1.77506,41.52552],[1.77548,41.52524],[1.77685,41.52442],[1.77793,41.52379],[1.77811,41.52375],[1.77812,41.52385],[1.77817,41.52396],[1.77857,41.52461],[1.77868,41.52476],[1.77894,41.52498],[1.77909,41.52492],[1.77947,41.52505],[1.7794,41.52591],[1.77931,41.5262],[1.77899,41.52681],[1.77864,41.52763],[1.77966,41.52866],[1.77979,41.52864],[1.78143,41.52792],[1.78293,41.52706],[1.78479,41.52634],[1.78628,41.52601],[1.78912,41.52521],[1.79032,41.5245],[1.79154,41.52394],[1.7938,41.52342],[1.79438,41.52319],[1.79611,41.52248],[1.79696,41.52216],[1.79808,41.52183],[1.79865,41.52169],[1.79907,41.52164],[1.8004,41.52152],[1.80066,41.52139],[1.80145,41.52099],[1.80232,41.52045],[1.80242,41.52038],[1.80258,41.52021],[1.80251,41.51997],[1.8024,41.5197],[1.80233,41.51936],[1.80224,41.51894],[1.80224,41.51866],[1.80227,41.5184],[1.80235,41.51805],[1.80241,41.51785],[1.80247,41.51776],[1.80257,41.51769],[1.80288,41.51754],[1.80299,41.51753],[1.80311,41.51756],[1.80324,41.51768],[1.80339,41.51784],[1.80356,41.51797],[1.8038,41.5181],[1.80448,41.51841],[1.80463,41.51846],[1.80539,41.51846],[1.80551,41.51843],[1.80563,41.51833],[1.80569,41.51822],[1.80571,41.51811],[1.80571,41.51777],[1.80568,41.51732],[1.80565,41.51718],[1.8056,41.51706],[1.80602,41.51623],[1.80626,41.51626],[1.80699,41.51625],[1.80712,41.51624],[1.80731,41.51618],[1.80745,41.51604],[1.80792,41.51527],[1.80889,41.51426],[1.80899,41.51418],[1.80923,41.51406],[1.80947,41.51399],[1.80962,41.51398],[1.80977,41.514],[1.80988,41.51405],[1.80997,41.51416],[1.81006,41.5143],[1.81015,41.5144],[1.81028,41.51447],[1.81048,41.51455],[1.81084,41.5146],[1.81095,41.51461],[1.81122,41.5146],[1.81135,41.51452],[1.81135,41.51444],[1.81128,41.51428],[1.81127,41.514],[1.81129,41.51385],[1.81147,41.51326],[1.81157,41.51302],[1.81163,41.51295],[1.81173,41.51291],[1.81501,41.51253],[1.81515,41.5126],[1.8155,41.51266],[1.81565,41.51266],[1.81578,41.51263],[1.8159,41.51258],[1.81658,41.51211],[1.8171,41.51163],[1.81734,41.51151],[1.81789,41.51128],[1.81816,41.51119],[1.81834,41.51117],[1.81851,41.51118],[1.81867,41.51123],[1.81882,41.51134],[1.81888,41.51163],[1.81896,41.51169],[1.81919,41.51172],[1.81936,41.51172],[1.81951,41.51161],[1.81998,41.51069],[1.8203,41.50998],[1.82044,41.50986],[1.8206,41.50974],[1.8209,41.50965],[1.82102,41.5097],[1.82113,41.51039],[1.82126,41.51082],[1.82143,41.51125],[1.82149,41.51137],[1.82158,41.51144],[1.82169,41.5114],[1.82252,41.51099],[1.82281,41.51072],[1.82363,41.51038],[1.82511,41.51022],[1.82569,41.50994],[1.82605,41.50977],[1.8262,41.50973],[1.8264,41.50977],[1.8265,41.50986],[1.82695,41.51047],[1.82711,41.5107],[1.82728,41.51103],[1.82746,41.51117],[1.82758,41.51119],[1.82799,41.51115],[1.82808,41.51112],[1.82825,41.51103],[1.82865,41.5107],[1.82907,41.51032],[1.82915,41.51028],[1.82951,41.51028],[1.82956,41.5103],[1.83002,41.51054],[1.83008,41.5106],[1.83021,41.51082],[1.83031,41.51106],[1.83042,41.51156],[1.83048,41.51178],[1.83063,41.51202],[1.83079,41.51223],[1.83095,41.51235],[1.83113,41.51243],[1.83141,41.51247],[1.83164,41.51243],[1.83189,41.5123],[1.83219,41.51209],[1.83243,41.51193],[1.83265,41.51187],[1.83277,41.51187],[1.83303,41.51195],[1.83314,41.51201],[1.8333,41.51216],[1.83344,41.51233],[1.83366,41.51264],[1.83371,41.51276],[1.8337,41.51285],[1.83362,41.51312],[1.83358,41.51329],[1.83359,41.51339],[1.83383,41.5136],[1.83398,41.51362],[1.83438,41.51361],[1.83487,41.51353],[1.83501,41.51348],[1.83538,41.51327],[1.83535,41.5128],[1.83518,41.51213],[1.83535,41.51127],[1.83546,41.51113],[1.83567,41.51105],[1.83615,41.51096],[1.8366,41.51096],[1.8373,41.51107],[1.83757,41.51106],[1.83838,41.51086],[1.83861,41.51077],[1.8388,41.5105],[1.83934,41.50982],[1.84091,41.50871],[1.84107,41.50862],[1.84212,41.50809],[1.84226,41.50803],[1.84266,41.50796],[1.84316,41.508],[1.84402,41.50684],[1.84393,41.50675],[1.84468,41.50656],[1.84522,41.50664],[1.84577,41.50688],[1.84644,41.50699],[1.84747,41.50709],[1.84824,41.50709],[1.84942,41.50703],[1.85043,41.50688],[1.85157,41.50647],[1.85372,41.5069],[1.85434,41.5077],[1.8543,41.50784],[1.85433,41.50805],[1.85448,41.50827],[1.85465,41.50843],[1.85496,41.50867],[1.85575,41.51121],[1.8555,41.51232],[1.85537,41.5126],[1.85519,41.51279],[1.85471,41.51311],[1.85445,41.51327],[1.85427,41.51335],[1.85415,41.51343],[1.85397,41.5136],[1.85375,41.51382],[1.85373,41.51404],[1.85424,41.51556],[1.85432,41.51566],[1.85443,41.5157],[1.85517,41.51588],[1.85504,41.5165],[1.85505,41.51678],[1.85522,41.51748],[1.85352,41.51994],[1.8528,41.52077],[1.85134,41.52084],[1.84961,41.52117],[1.84898,41.52121],[1.84738,41.52186],[1.84645,41.52248],[1.84643,41.52268],[1.84633,41.52285],[1.84615,41.52298],[1.84591,41.52309],[1.84519,41.52325],[1.84496,41.52328],[1.84395,41.52337],[1.84346,41.5233],[1.84306,41.52329],[1.84283,41.52332],[1.84257,41.52338],[1.84198,41.5236],[1.84185,41.52371],[1.84151,41.52455],[1.84066,41.52509],[1.83893,41.52642],[1.83866,41.52668],[1.83854,41.52684],[1.83831,41.52722],[1.8382,41.52742],[1.83811,41.52778],[1.83811,41.52804],[1.83807,41.52823],[1.83801,41.52835],[1.83763,41.52891],[1.83666,41.52944],[1.83484,41.52991],[1.8345,41.53009],[1.83421,41.53035],[1.8336,41.5311],[1.833,41.53163],[1.83176,41.532],[1.83123,41.53231],[1.83063,41.53286],[1.83049,41.53306],[1.83033,41.53332],[1.83025,41.53355],[1.83023,41.53375],[1.83006,41.53407],[1.83001,41.53413],[1.82965,41.53443],[1.8295,41.53452],[1.82923,41.53467],[1.8289,41.53481],[1.82668,41.53905],[1.82371,41.54077],[1.82563,41.54273],[1.82545,41.5428],[1.82459,41.54313],[1.82444,41.54315],[1.82408,41.54312],[1.82401,41.5431],[1.82391,41.54301],[1.82376,41.54295],[1.82351,41.54296],[1.82341,41.54304],[1.82163,41.5447],[1.82102,41.54513],[1.82085,41.54522],[1.82068,41.54536],[1.82013,41.54589],[1.8201,41.54597],[1.81959,41.54754],[1.81883,41.5486],[1.81875,41.54865],[1.8183,41.54905],[1.81752,41.5504],[1.8173,41.5508],[1.81728,41.55102],[1.81731,41.55111],[1.81751,41.55143],[1.8179,41.552],[1.81781,41.55352],[1.81779,41.55366],[1.81771,41.55388],[1.81762,41.55404],[1.81738,41.55437],[1.81607,41.55517],[1.81505,41.55568],[1.81492,41.55573],[1.8144,41.55576],[1.81345,41.55572],[1.81278,41.55554],[1.81131,41.55577],[1.8096,41.55611],[1.80798,41.55687],[1.80777,41.55694],[1.80754,41.55692],[1.80672,41.55664],[1.80633,41.55649],[1.80546,41.55661],[1.80529,41.55681],[1.80516,41.55693],[1.80459,41.55735],[1.80356,41.55803],[1.80323,41.55811],[1.80269,41.55823],[1.80253,41.55824],[1.80238,41.55818],[1.80198,41.55799],[1.80091,41.55809],[1.80078,41.5582],[1.80053,41.5583],[1.79998,41.55842],[1.79957,41.55839],[1.79933,41.55836],[1.79914,41.55831],[1.79891,41.55821],[1.79867,41.55819],[1.79843,41.55826],[1.79827,41.55837],[1.79791,41.55868],[1.79696,41.55965],[1.79658,41.56017],[1.79656,41.5603],[1.79671,41.56064],[1.79668,41.56074],[1.79663,41.56079],[1.79601,41.56121],[1.79569,41.5614],[1.79552,41.56148],[1.79528,41.56153],[1.79494,41.56152],[1.79465,41.56152],[1.79454,41.56154],[1.79434,41.56165],[1.79506,41.56214],[1.79542,41.56236],[1.79586,41.5626],[1.79605,41.56268],[1.79625,41.56275],[1.79703,41.56302],[1.79742,41.56342],[1.79756,41.56396],[1.79753,41.56421],[1.79765,41.56468],[1.79775,41.56478]]]},"properties":{"codi_ine":"08162","nom":"els Hostalets de Pierola","comarca":"Anoia"}},
{"type":"Feature","geometry":{"type":"Polygon","coordinates":[[[2.1744,41.55541],[2.17316,41.55526],[2.17094,41.555],[2.17028,41.55583],[2.17021,41.55597],[2.17004,41.55639],[2.16984,41.55693],[2.16981,41.55706],[2.1698,41.55722],[2.16951,41.55847],[2.16944,41.55865],[2.16909,41.55919],[2.16899,41.55932],[2.16871,41.55963],[2.16843,41.56043],[2.16827,41.56211],[2.16749,41.56236],[2.16721,41.56243],[2.16672,41.5629],[2.16586,41.56381],[2.16498,41.56485],[2.16488,41.56495],[2.16443,41.56536],[2.16437,41.56538],[2.16421,41.56537],[2.16407,41.56533],[2.16355,41.56515],[2.16317,41.56502],[2.16259,41.56485],[2.16238,41.56494],[2.16203,41.56527],[2.16182,41.56553],[2.16096,41.56546],[2.1603,41.56536],[2.15943,41.56505],[2.15923,41.56499],[2.15874,41.56495],[2.15807,41.56492],[2.15791,41.56491],[2.15735,41.56511],[2.15678,41.56628],[2.15598,41.56726],[2.15474,41.56926],[2.15435,41.57025],[2.15379,41.57106],[2.15234,41.57242],[2.15113,41.57371],[2.15052,41.5749],[2.15044,41.57522],[2.15031,41.57567],[2.15022,41.57586],[2.14991,41.5763],[2.14214,41.57532],[2.13848,41.57467],[2.13667,41.57431],[2.1318,41.57441],[2.12601,41.5754],[2.12616,41.57477],[2.12647,41.57352],[2.12652,41.57334],[2.12719,41.57195],[2.12799,41.56992],[2.12828,41.56867],[2.12828,41.56757],[2.1283,41.56721],[2.12835,41.56697],[2.1285,41.56652],[2.12862,41.56638],[2.12929,41.56569],[2.12977,41.56516],[2.13049,41.56436],[2.13095,41.56337],[2.13125,41.56261],[2.13257,41.56312],[2.13404,41.56354],[2.13534,41.56315],[2.13601,41.56293],[2.13734,41.56247],[2.13849,41.56123],[2.13879,41.55956],[2.13943,41.55943],[2.13996,41.55968],[2.14024,41.55957],[2.1406,41.55928],[2.1408,41.55905],[2.14102,41.55843],[2.14118,41.55786],[2.14107,41.55683],[2.14082,41.55605],[2.14,41.55575],[2.1405,41.5546],[2.14054,41.55454],[2.14065,41.55446],[2.14094,41.55439],[2.14138,41.55436],[2.14159,41.55415],[2.14231,41.55302],[2.14349,41.55153],[2.14365,41.55148],[2.14435,41.55146],[2.14462,41.55152],[2.14559,41.55025],[2.14566,41.55001],[2.14578,41.54971],[2.14584,41.54959],[2.14662,41.54831],[2.14715,41.54745],[2.14746,41.54693],[2.14772,41.54617],[2.14776,41.54594],[2.14767,41.54516],[2.14766,41.54488],[2.14776,41.54432],[2.14787,41.54399],[2.14868,41.54241],[2.14969,41.54122],[2.14992,41.54108],[2.14997,41.54107],[2.1566,41.53929],[2.15673,41.53918],[2.15706,41.53882],[2.1572,41.53858],[2.15725,41.53844],[2.15729,41.53825],[2.1573,41.53799],[2.15733,41.53791],[2.15785,41.53708],[2.15837,41.53631],[2.1586,41.53619],[2.15897,41.53638],[2.16163,41.53783],[2.16156,41.53791],[2.16299,41.53858],[2.16399,41.53892],[2.16513,41.5394],[2.16548,41.53961],[2.16563,41.53971],[2.16596,41.53989],[2.1662,41.54],[2.16761,41.54067],[2.16882,41.54118],[2.16915,41.54131],[2.16909,41.54217],[2.16906,41.54231],[2.16869,41.5438],[2.1686,41.54401],[2.16855,41.54409],[2.16805,41.54474],[2.16774,41.5453],[2.16918,41.54682],[2.16978,41.54792],[2.1711,41.5479],[2.17335,41.54791],[2.17366,41.54978],[2.17384,41.55088],[2.17397,41.55224],[2.17414,41.55433],[2.17426,41.5552],[2.17428,41.55527],[2.1744,41.55541]]]},"properties":{"codi_ine":"08167","nom":"Polinyà","comarca":"Vallès Occidental"}},
{"type":"Feature","geometry":{"type":"Polygon","coordinates":[[[2.08952,41.3413],[2.08816,41.34234],[2.08706,41.34316],[2.08612,41.34393],[2.08515,41.34491],[2.08407,41.34608],[2.08379,41.34631],[2.08351,41.34648],[2.08332,41.34656],[2.08296,41.34666],[2.08272,41.34672],[2.08245,41.34677],[2.08196,41.34671],[2.08159,41.34662],[2.08123,41.34651],[2.08094,41.3464],[2.08028,41.34633],[2.07958,41.34629],[2.07893,41.34645],[2.07819,41.34665],[2.07759,41.34682],[2.07704,41.34704],[2.0766,41.3472],[2.07572,41.34749],[2.07524,41.3476],[2.07477,41.34769],[2.07441,41.34773],[2.07388,41.34774],[2.07343,41.34767],[2.073,41.3475],[2.07273,41.34728],[2.07258,41.34708],[2.07231,41.34662],[2.07223,41.34635],[2.07217,41.34597],[2.07227,41.34517],[2.07217,41.34494],[2.07202,41.34475],[2.07174,41.34439],[2.07124,41.34417],[2.07056,41.34396],[2.07033,41.34392],[2.07006,41.34398],[2.06943,41.34426],[2.06877,41.34465],[2.06871,41.3439],[2.0701,41.34078],[2.07188,41.33891],[2.07243,41.33896],[2.07323,41.33921],[2.0727,41.34002],[2.07265,41.34012],[2.07303,41.34029],[2.07417,41.34079],[2.07508,41.34118],[2.0756,41.34139],[2.07578,41.34224],[2.07659,41.34236],[2.0775,41.34109],[2.07814,41.34019],[2.07849,41.33969],[2.0775,41.33925],[2.07643,41.33878],[2.07568,41.33836],[2.07498,41.33789],[2.0742,41.33725],[2.07326,41.33641],[2.0736,41.33606],[2.07201,41.33508],[2.07176,41.33534],[2.07104,41.3348],[2.07163,41.33368],[2.072,41.33226],[2.0715,41.33156],[2.07089,41.33126],[2.07027,41.33093],[2.06951,41.33051],[2.06726,41.32912],[2.06739,41.32896],[2.06783,41.32854],[2.06823,41.32819],[2.06911,41.32734],[2.06942,41.32702],[2.07,41.32636],[2.07102,41.3253],[2.07145,41.32496],[2.0722,41.32431],[2.07283,41.32373],[2.07281,41.32371],[2.07043,41.32251],[2.07051,41.32062],[2.07101,41.31972],[2.07001,41.31933],[2.06943,41.31912],[2.06839,41.3187],[2.06736,41.31824],[2.0669,41.31803],[2.06571,41.31748],[2.06329,41.3163],[2.06295,41.31562],[2.06371,41.31472],[2.06482,41.31304],[2.06508,41.31259],[2.06564,41.31158],[2.06575,41.31135],[2.06586,41.31103],[2.06679,41.30799],[2.06697,41.30736],[2.06532,41.3067],[2.06388,41.30654],[2.06261,41.30638],[2.06185,41.30625],[2.0596,41.30578],[2.05875,41.30559],[2.05894,41.30519],[2.05949,41.30402],[2.05983,41.30302],[2.05937,41.30293],[2.05884,41.30282],[2.05783,41.3026],[2.05736,41.3025],[2.05766,41.30177],[2.05818,41.30059],[2.05845,41.30001],[2.05888,41.2991],[2.05943,41.29784],[2.05983,41.2969],[2.06044,41.29546],[2.06084,41.29449],[2.06131,41.29335],[2.06158,41.29267],[2.0617,41.29233],[2.06604,41.29039],[2.06756,41.2883],[2.06786,41.28751],[2.06716,41.28749],[2.0687,41.28672],[2.06897,41.28658],[2.07024,41.28519],[2.07039,41.285],[2.07018,41.28228],[2.07474,41.27654],[2.07476,41.2767],[2.0749,41.27676],[2.07516,41.27685],[2.07553,41.27693],[2.0758,41.27701],[2.07627,41.27718],[2.07707,41.27748],[2.0777,41.27769],[2.07888,41.27807],[2.07989,41.27842],[2.08058,41.27864],[2.0815,41.27892],[2.08178,41.27899],[2.08221,41.27914],[2.08253,41.27932],[2.08272,41.27937],[2.08287,41.27939],[2.0834,41.27941],[2.08389,41.2796],[2.08419,41.27972],[2.08485,41.27987],[2.08513,41.27998],[2.08554,41.28016],[2.08597,41.2803],[2.08651,41.28043],[2.0868,41.28051],[2.0881,41.28089],[2.08885,41.28112],[2.08926,41.28126],[2.0901,41.28152],[2.09104,41.28183],[2.09182,41.28209],[2.09235,41.28226],[2.09284,41.28239],[2.09303,41.28245],[2.09433,41.28295],[2.09497,41.28321],[2.0953,41.28332],[2.09636,41.28361],[2.09722,41.2839],[2.09812,41.28423],[2.09903,41.28457],[2.09967,41.28485],[2.10039,41.28512],[2.10161,41.28564],[2.10263,41.28605],[2.10346,41.28636],[2.10399,41.28652],[2.10432,41.28662],[2.10464,41.28672],[2.10476,41.2868],[2.10533,41.28699],[2.1065,41.28736],[2.10686,41.28747],[2.10722,41.28754],[2.10752,41.28763],[2.10763,41.28771],[2.1081,41.28798],[2.1086,41.28819],[2.10963,41.28858],[2.11025,41.28878],[2.11112,41.28904],[2.11163,41.28924],[2.11217,41.28947],[2.11413,41.29033],[2.11441,41.29048],[2.11516,41.29093],[2.1155,41.29112],[2.11585,41.29131],[2.1166,41.29168],[2.1187,41.29276],[2.11897,41.2929],[2.11939,41.29317],[2.12112,41.29418],[2.1219,41.29463],[2.12226,41.29484],[2.12275,41.29516],[2.12322,41.29531],[2.12401,41.29562],[2.12424,41.29569],[2.12446,41.29574],[2.12461,41.29575],[2.12504,41.29564],[2.12523,41.29562],[2.12543,41.29566],[2.12592,41.29597],[2.12614,41.29609],[2.12739,41.29665],[2.12791,41.29687],[2.12829,41.29702],[2.12852,41.2971],[2.1289,41.29722],[2.12959,41.2974],[2.12989,41.29746],[2.13078,41.29759],[2.13195,41.29772],[2.13215,41.29773],[2.13306,41.29777],[2.13343,41.29777],[2.13418,41.29773],[2.13498,41.29766],[2.13544,41.29765],[2.13591,41.29767],[2.13608,41.29763],[2.13644,41.29718],[2.13654,41.29704],[2.13687,41.29639],[2.13705,41.29603],[2.13726,41.29556],[2.13738,41.29525],[2.13744,41.29506],[2.13751,41.29476],[2.13759,41.29434],[2.13764,41.29395],[2.13766,41.29346],[2.13767,41.29325],[2.13769,41.29318],[2.13779,41.29311],[2.13788,41.2931],[2.13796,41.29315],[2.13798,41.2932],[2.138,41.29363],[2.13797,41.29394],[2.13791,41.29437],[2.1378,41.29497],[2.13773,41.29524],[2.13761,41.29559],[2.13748,41.29589],[2.13725,41.29639],[2.13708,41.29669],[2.13695,41.2969],[2.1365,41.29755],[2.13706,41.3006],[2.13904,41.29907],[2.13988,41.29842],[2.1406,41.2979],[2.14136,41.29732],[2.142,41.29683],[2.14225,41.29663],[2.14258,41.29641],[2.14274,41.29632],[2.14324,41.29609],[2.14389,41.29582],[2.14424,41.29568],[2.1446,41.29556],[2.14507,41.29542],[2.14541,41.29534],[2.14608,41.29518],[2.14624,41.29515],[2.1468,41.29506],[2.14704,41.29503],[2.14759,41.295],[2.1483,41.29499],[2.14876,41.295],[2.14923,41.29502],[2.14978,41.29508],[2.15022,41.29515],[2.15048,41.2952],[2.15112,41.29533],[2.15163,41.29545],[2.15181,41.29551],[2.15222,41.29567],[2.15293,41.29596],[2.1531,41.29604],[2.15324,41.29615],[2.15326,41.29625],[2.15366,41.29651],[2.15413,41.29678],[2.15442,41.29697],[2.15464,41.29713],[2.155,41.29743],[2.15533,41.29772],[2.15575,41.29813],[2.15627,41.29867],[2.15803,41.30041],[2.15877,41.30116],[2.16049,41.30288],[2.16212,41.30451],[2.1636,41.30599],[2.16554,41.30794],[2.16632,41.30871],[2.1664,41.30867],[2.16668,41.30892],[2.16699,41.30936],[2.1672,41.30974],[2.16729,41.30995],[2.16743,41.31031],[2.16755,41.31077],[2.16758,41.31103],[2.16757,41.31143],[2.16752,41.3119],[2.16747,41.31216],[2.16739,41.31247],[2.16686,41.31401],[2.16649,41.31513],[2.16604,41.31653],[2.16585,41.31709],[2.16574,41.31736],[2.16566,41.31743],[2.16555,41.31743],[2.16542,41.31784],[2.16514,41.31778],[2.16533,41.31719],[2.16539,41.3172],[2.16563,41.3165],[2.16623,41.31467],[2.1666,41.31361],[2.16696,41.31248],[2.16709,41.31207],[2.16714,41.31186],[2.16718,41.31164],[2.16718,41.31147],[2.16716,41.31102],[2.16711,41.31058],[2.16707,41.3104],[2.16691,41.30997],[2.16682,41.30977],[2.16665,41.30948],[2.1665,41.30924],[2.16631,41.309],[2.16617,41.30892],[2.16537,41.30813],[2.16378,41.30654],[2.16295,41.30571],[2.15903,41.30178],[2.15728,41.30002],[2.1566,41.29934],[2.1559,41.29864],[2.15542,41.29816],[2.15524,41.29799],[2.1548,41.29759],[2.15437,41.29724],[2.15409,41.29703],[2.15359,41.29673],[2.1529,41.29634],[2.15265,41.29623],[2.15259,41.29623],[2.15243,41.29641],[2.15209,41.29683],[2.152,41.29696],[2.15167,41.29745],[2.15152,41.29771],[2.15144,41.29779],[2.15137,41.29777],[2.15111,41.29768],[2.15069,41.29754],[2.15026,41.29741],[2.14999,41.29734],[2.14955,41.29726],[2.1492,41.29721],[2.14878,41.29716],[2.14834,41.29714],[2.14784,41.29715],[2.14725,41.2972],[2.14706,41.29722],[2.14651,41.29732],[2.14619,41.29738],[2.14577,41.29751],[2.14531,41.29765],[2.14441,41.29801],[2.1438,41.29842],[2.14331,41.29882],[2.14294,41.29911],[2.14288,41.29914],[2.14274,41.29929],[2.14285,41.29944],[2.14319,41.29977],[2.14359,41.30021],[2.14461,41.30119],[2.14487,41.30147],[2.14514,41.30178],[2.14515,41.30184],[2.14506,41.30193],[2.14483,41.30202],[2.14436,41.30225],[2.14428,41.30232],[2.14432,41.30241],[2.14469,41.30279],[2.14493,41.30266],[2.14509,41.30284],[2.14477,41.30301],[2.14423,41.30248],[2.14415,41.30241],[2.14391,41.30251],[2.14341,41.30281],[2.14298,41.30305],[2.14287,41.30302],[2.14259,41.30312],[2.14244,41.30339],[2.14235,41.30404],[2.14235,41.30422],[2.1424,41.3043],[2.14279,41.30472],[2.14302,41.3048],[2.14326,41.30481],[2.14352,41.30467],[2.14398,41.30441],[2.14388,41.3043],[2.144,41.30424],[2.14474,41.30499],[2.14554,41.3058],[2.14683,41.30708],[2.14755,41.30781],[2.15495,41.31523],[2.15478,41.31532],[2.1545,41.31528],[2.15401,41.31569],[2.15372,41.31587],[2.15296,41.31628],[2.15291,41.31632],[2.15301,41.31646],[2.15343,41.31689],[2.15405,41.31751],[2.15451,41.31799],[2.15558,41.31905],[2.15642,41.3199],[2.15652,41.32005],[2.15656,41.32027],[2.1565,41.32046],[2.15634,41.32062],[2.15621,41.3207],[2.15567,41.32102],[2.15491,41.32145],[2.15423,41.32184],[2.15407,41.32192],[2.15387,41.32199],[2.15366,41.322],[2.15349,41.32198],[2.15238,41.32171],[2.15212,41.32169],[2.15207,41.3218],[2.15228,41.32183],[2.15242,41.32184],[2.15258,41.32198],[2.15265,41.3221],[2.15259,41.32219],[2.15259,41.32254],[2.1527,41.32272],[2.15271,41.32281],[2.15239,41.32292],[2.15245,41.32277],[2.15245,41.32272],[2.15237,41.32265],[2.15222,41.3226],[2.15205,41.3227],[2.15203,41.32274],[2.1521,41.32288],[2.15225,41.32297],[2.15173,41.32315],[2.15093,41.32185],[2.15082,41.32167],[2.1507,41.32153],[2.14986,41.32068],[2.14673,41.32076],[2.14374,41.32094],[2.14127,41.32109],[2.13977,41.32112],[2.13258,41.32085],[2.13212,41.32081],[2.13071,41.32077],[2.12852,41.32096],[2.1258,41.32135],[2.12314,41.32181],[2.12175,41.32207],[2.1189,41.32273],[2.11704,41.32332],[2.11565,41.32389],[2.11404,41.32488],[2.1123,41.32612],[2.11138,41.32725],[2.11013,41.32893],[2.10875,41.33073],[2.10838,41.3311],[2.10765,41.33175],[2.10583,41.33316],[2.10539,41.33349],[2.10479,41.33393],[2.10413,41.33434],[2.10313,41.3349],[2.10277,41.3351],[2.10225,41.33535],[2.10053,41.33604],[2.09985,41.33662],[2.09856,41.33738],[2.09606,41.33877],[2.09522,41.33921],[2.09444,41.3396],[2.09379,41.3399],[2.09313,41.34019],[2.09207,41.34055],[2.08952,41.3413]],[[2.15258,41.32005],[2.15336,41.32091],[2.15334,41.32099],[2.15312,41.32111],[2.1522,41.32148],[2.15215,41.32153],[2.15214,41.32163],[2.15267,41.32172],[2.15305,41.32182],[2.15345,41.32191],[2.15366,41.32194],[2.15386,41.32192],[2.15414,41.32181],[2.15539,41.3211],[2.15618,41.32067],[2.15633,41.32055],[2.15642,41.32045],[2.15647,41.32033],[2.15646,41.32011],[2.15637,41.31994],[2.15592,41.3195],[2.15544,41.31902],[2.15424,41.31781],[2.15338,41.31693],[2.15286,41.31639],[2.15255,41.31643],[2.15172,41.31689],[2.15071,41.31744],[2.1505,41.31755],[2.15047,41.31764],[2.15061,41.31785],[2.15162,41.31895],[2.15258,41.32005]]]},"properties":{"codi_ine":"08169","nom":"el Prat de Llobregat","comarca":"Baix Llobregat"}},
{"type":"Feature","geometry":{"type":"Polygon","coordinates":[[[2.37298,41.4967],[2.37282,41.49662],[2.37225,41.4964],[2.37045,41.49603],[2.37006,41.49596],[2.36962,41.49589],[2.36678,41.49545],[2.36623,41.49552],[2.36571,41.49561],[2.36497,41.49574],[2.36462,41.4958],[2.36207,41.4966],[2.36143,41.49731],[2.36123,41.49758],[2.36098,41.49793],[2.36076,41.4983],[2.36062,41.4986],[2.36052,41.49883],[2.36018,41.49884],[2.35991,41.49876],[2.35973,41.49869],[2.35955,41.49858],[2.35871,41.498],[2.35798,41.49751],[2.35737,41.49761],[2.3563,41.49782],[2.35481,41.49733],[2.35309,41.49674],[2.35158,41.49618],[2.35025,41.4953],[2.34874,41.4942],[2.34806,41.49292],[2.34732,41.49188],[2.34665,41.49107],[2.34434,41.4885],[2.34408,41.4882],[2.34443,41.48787],[2.34543,41.48695],[2.34556,41.48681],[2.34603,41.48619],[2.34681,41.48513],[2.34852,41.48565],[2.34871,41.48571],[2.34903,41.4858],[2.34945,41.48589],[2.35003,41.48599],[2.35027,41.48599],[2.35037,41.48594],[2.35048,41.48578],[2.35054,41.48564],[2.35062,41.48556],[2.35071,41.48556],[2.35081,41.4856],[2.35083,41.48567],[2.35062,41.48599],[2.35062,41.48603],[2.3508,41.48616],[2.35168,41.4865],[2.35177,41.48654],[2.35216,41.48665],[2.35224,41.48665],[2.35232,41.4866],[2.35249,41.48664],[2.35415,41.48715],[2.35431,41.48708],[2.3544,41.48695],[2.35451,41.48692],[2.35463,41.48697],[2.35452,41.48719],[2.355,41.48741],[2.3554,41.48755],[2.3558,41.48769],[2.35616,41.48784],[2.35653,41.48797],[2.35705,41.48814],[2.3578,41.48833],[2.35804,41.48839],[2.35879,41.48852],[2.35976,41.48874],[2.36029,41.48887],[2.36049,41.48894],[2.36084,41.48901],[2.36101,41.48903],[2.36132,41.48911],[2.36143,41.48918],[2.36166,41.48923],[2.36209,41.4893],[2.36245,41.48934],[2.36301,41.48938],[2.36343,41.48939],[2.36392,41.48936],[2.36418,41.48934],[2.36432,41.48931],[2.36442,41.48922],[2.36473,41.48864],[2.36486,41.48849],[2.36537,41.48828],[2.36568,41.48816],[2.36578,41.48813],[2.36587,41.48823],[2.3657,41.48845],[2.36555,41.4885],[2.36533,41.48887],[2.36528,41.48909],[2.36536,41.48913],[2.36553,41.48894],[2.36575,41.48898],[2.36608,41.48909],[2.36634,41.4892],[2.3663,41.48932],[2.36865,41.49009],[2.36871,41.48999],[2.36964,41.49029],[2.3696,41.49035],[2.36971,41.49037],[2.36976,41.49031],[2.37048,41.48907],[2.37048,41.489],[2.37035,41.4889],[2.36934,41.48851],[2.36844,41.48817],[2.36751,41.4878],[2.36689,41.48755],[2.36674,41.48751],[2.36619,41.48741],[2.36574,41.48743],[2.3656,41.48747],[2.36512,41.48765],[2.36504,41.4877],[2.36504,41.4878],[2.36494,41.48785],[2.36483,41.48784],[2.36473,41.48771],[2.36476,41.48764],[2.36488,41.48754],[2.36517,41.48742],[2.36553,41.4873],[2.36568,41.48726],[2.3662,41.48722],[2.36628,41.48722],[2.367,41.48736],[2.36712,41.48739],[2.36788,41.48768],[2.36956,41.4883],[2.37056,41.48871],[2.37069,41.4888],[2.37078,41.4889],[2.3708,41.48909],[2.37074,41.48922],[2.37043,41.48977],[2.37026,41.48997],[2.37032,41.49009],[2.37054,41.49032],[2.37093,41.4906],[2.37153,41.49087],[2.37213,41.49118],[2.37304,41.49167],[2.37319,41.49177],[2.37347,41.492],[2.37384,41.49236],[2.37407,41.49254],[2.37459,41.49286],[2.37555,41.49351],[2.37592,41.49374],[2.37671,41.49412],[2.3756,41.4951],[2.37358,41.49688],[2.37339,41.49683],[2.37298,41.4967]]]},"properties":{"codi_ine":"08172","nom":"Premià de Mar","comarca":"Maresme"}},
{"type":"Feature","geometry":{"type":"Polygon","coordinates":[[[1.93284,41.66324],[1.93046,41.65801],[1.9303,41.658],[1.92819,41.65843],[1.92755,41.65855],[1.92742,41.65865],[1.92697,41.65918],[1.92681,41.65942],[1.92676,41.65959],[1.92627,41.6602],[1.92534,41.66106],[1.9252,41.66118],[1.92493,41.66136],[1.92458,41.66152],[1.92394,41.66171],[1.92374,41.66175],[1.92352,41.66175],[1.92261,41.66278],[1.9223,41.66363],[1.92169,41.66451],[1.92101,41.66518],[1.91994,41.66579],[1.91869,41.66591],[1.91159,41.66499],[1.91,41.66481],[1.9088,41.66472],[1.90763,41.66461],[1.90659,41.66424],[1.90527,41.66308],[1.90498,41.66278],[1.90477,41.66251],[1.90473,41.66244],[1.90439,41.66165],[1.90425,41.66118],[1.90424,41.66108],[1.90399,41.66061],[1.90361,41.6601],[1.90329,41.65984],[1.90277,41.65949],[1.90212,41.6593],[1.90182,41.65848],[1.90176,41.65796],[1.90137,41.65734],[1.90118,41.65719],[1.90105,41.65713],[1.90066,41.6571],[1.8991,41.65722],[1.89836,41.65748],[1.89707,41.65731],[1.8958,41.65671],[1.89515,41.65614],[1.89512,41.65596],[1.89491,41.65577],[1.89477,41.65568],[1.8947,41.65566],[1.89452,41.65572],[1.89402,41.65604],[1.89395,41.65603],[1.89374,41.65592],[1.89338,41.65558],[1.89333,41.65545],[1.89331,41.65521],[1.89326,41.65503],[1.89318,41.65491],[1.8927,41.65438],[1.89237,41.65407],[1.89143,41.65319],[1.89048,41.65292],[1.89035,41.65305],[1.89026,41.65311],[1.89008,41.65318],[1.88968,41.65332],[1.88953,41.65333],[1.88923,41.65322],[1.88917,41.65318],[1.88903,41.65298],[1.88904,41.65286],[1.88917,41.65274],[1.88879,41.65201],[1.8877,41.65086],[1.88732,41.64991],[1.88682,41.64977],[1.88672,41.64972],[1.88659,41.64961],[1.8865,41.64946],[1.88651,41.64932],[1.88658,41.64921],[1.88673,41.64911],[1.88771,41.64857],[1.88832,41.64829],[1.88842,41.64827],[1.88882,41.64825],[1.889,41.64828],[1.88911,41.64833],[1.89013,41.64622],[1.89022,41.64589],[1.89053,41.64382],[1.89027,41.64354],[1.8898,41.64284],[1.8893,41.64063],[1.8898,41.64072],[1.88996,41.64062],[1.89072,41.63979],[1.89136,41.63883],[1.89127,41.63863],[1.89123,41.6384],[1.89126,41.63801],[1.89129,41.63772],[1.89149,41.63685],[1.89168,41.63616],[1.89183,41.63615],[1.89195,41.63607],[1.89208,41.6359],[1.89233,41.63548],[1.89244,41.63528],[1.89251,41.63508],[1.8925,41.63502],[1.89181,41.63422],[1.89142,41.63348],[1.89129,41.63244],[1.89097,41.62951],[1.8918,41.627],[1.89185,41.6266],[1.89188,41.62621],[1.89242,41.62511],[1.89258,41.62501],[1.89272,41.62485],[1.89286,41.62465],[1.89299,41.62434],[1.89324,41.62367],[1.89332,41.62322],[1.89333,41.62267],[1.89331,41.62239],[1.89325,41.622],[1.89327,41.62159],[1.89352,41.62061],[1.89383,41.61981],[1.8939,41.61965],[1.89391,41.61932],[1.89388,41.61913],[1.89384,41.61906],[1.89435,41.61913],[1.8946,41.61921],[1.89479,41.61936],[1.89484,41.61946],[1.89494,41.61985],[1.89498,41.62017],[1.89499,41.6204],[1.89584,41.62143],[1.8974,41.62253],[1.89778,41.62279],[1.89866,41.62332],[1.90003,41.62408],[1.90029,41.62418],[1.90057,41.62438],[1.9008,41.62461],[1.90088,41.62472],[1.90135,41.62546],[1.90148,41.62568],[1.90157,41.62595],[1.90165,41.62628],[1.90169,41.6264],[1.90179,41.6265],[1.90213,41.62678],[1.90253,41.62704],[1.90266,41.62711],[1.90285,41.62717],[1.90443,41.62831],[1.90551,41.62871],[1.90619,41.62881],[1.90686,41.62899],[1.90801,41.62954],[1.90845,41.63008],[1.9093,41.63015],[1.9095,41.62999],[1.90998,41.6298],[1.91067,41.62957],[1.91612,41.6282],[1.91647,41.6283],[1.91681,41.62848],[1.91805,41.62897],[1.92031,41.6287],[1.93032,41.62308],[1.93147,41.6233],[1.93498,41.62538],[1.93695,41.62526],[1.93842,41.62435],[1.94178,41.62439],[1.94442,41.63564],[1.95569,41.64358],[1.95581,41.6436],[1.95612,41.64361],[1.95632,41.64356],[1.95645,41.6435],[1.95672,41.64333],[1.95714,41.64294],[1.95756,41.6425],[1.95802,41.64181],[1.95709,41.64652],[1.95693,41.6465],[1.9567,41.64643],[1.95646,41.64632],[1.95636,41.64625],[1.95627,41.64611],[1.95612,41.64595],[1.95593,41.64583],[1.95585,41.64579],[1.95556,41.64573],[1.95479,41.64568],[1.95457,41.64569],[1.95445,41.64575],[1.95411,41.64606],[1.95392,41.6462],[1.95374,41.64629],[1.95353,41.64637],[1.9527,41.64667],[1.95259,41.6467],[1.95242,41.64671],[1.95205,41.64668],[1.95195,41.64661],[1.95176,41.64641],[1.95154,41.64624],[1.95133,41.64616],[1.95103,41.64609],[1.95049,41.64605],[1.95025,41.64608],[1.94979,41.64623],[1.94944,41.64636],[1.94865,41.64675],[1.94854,41.64684],[1.94853,41.64689],[1.94848,41.64769],[1.94869,41.6487],[1.94869,41.64882],[1.94859,41.64893],[1.94832,41.64905],[1.94818,41.64908],[1.9478,41.64907],[1.9476,41.64906],[1.9473,41.64901],[1.94719,41.64898],[1.94703,41.6489],[1.94511,41.64894],[1.94292,41.64904],[1.94253,41.64884],[1.94221,41.64882],[1.94213,41.64887],[1.94151,41.64945],[1.94113,41.64983],[1.94094,41.65008],[1.94061,41.65063],[1.94015,41.6518],[1.94015,41.6523],[1.94027,41.65263],[1.94034,41.65278],[1.94184,41.65494],[1.94204,41.65632],[1.94125,41.65653],[1.94028,41.65791],[1.93859,41.65824],[1.93716,41.65852],[1.93697,41.65865],[1.93682,41.65883],[1.93675,41.65895],[1.93676,41.65913],[1.93686,41.65926],[1.937,41.66032],[1.93688,41.66119],[1.93395,41.66319],[1.93389,41.66322],[1.93366,41.66324],[1.93327,41.66325],[1.93284,41.66324]]]},"properties":{"codi_ine":"08179","nom":"Rellinars","comarca":"Vallès Occidental"}},
{"type":"Feature","geometry":{"type":"Polygon","coordinates":[[[2.159,41.50739],[2.15852,41.50805],[2.15806,41.50863],[2.15715,41.50954],[2.15526,41.51086],[2.15476,41.51136],[2.15243,41.51051],[2.1522,41.5104],[2.1521,41.51017],[2.15192,41.51001],[2.15126,41.50956],[2.1498,41.50878],[2.14938,41.50894],[2.14913,41.50949],[2.14908,41.51011],[2.14895,41.51079],[2.14731,41.51034],[2.14688,41.51033],[2.14643,41.51047],[2.14611,41.5105],[2.14591,41.51047],[2.14491,41.51015],[2.1425,41.50935],[2.1424,41.50842],[2.14251,41.50831],[2.14234,41.50816],[2.14186,41.5079],[2.14179,41.50787],[2.13972,41.50729],[2.1396,41.50726],[2.13929,41.50722],[2.13901,41.50722],[2.13894,41.50724],[2.13816,41.50756],[2.13758,41.50782],[2.13726,41.50799],[2.13707,41.50806],[2.13621,41.50824],[2.13608,41.50823],[2.1359,41.50816],[2.13608,41.50781],[2.13617,41.50741],[2.13619,41.50694],[2.13612,41.50674],[2.13596,41.50643],[2.13564,41.50595],[2.13494,41.50596],[2.13508,41.50588],[2.13818,41.50238],[2.14286,41.49712],[2.14318,41.49687],[2.14393,41.49633],[2.14521,41.49733],[2.14959,41.49412],[2.14812,41.49327],[2.15143,41.49085],[2.15277,41.48989],[2.15314,41.48983],[2.15514,41.48957],[2.15575,41.48927],[2.15627,41.48902],[2.15676,41.48885],[2.15824,41.48853],[2.15862,41.48857],[2.15891,41.48863],[2.15984,41.48901],[2.16067,41.49063],[2.16079,41.49082],[2.16317,41.49035],[2.165,41.48992],[2.16784,41.48931],[2.16917,41.48889],[2.16948,41.48942],[2.17181,41.49138],[2.17327,41.49262],[2.1733,41.49266],[2.17308,41.49279],[2.17108,41.49389],[2.1699,41.49481],[2.17,41.4949],[2.17016,41.4951],[2.16974,41.49539],[2.16904,41.49584],[2.16851,41.49611],[2.16821,41.49624],[2.16802,41.49642],[2.16759,41.49703],[2.1673,41.49751],[2.16702,41.49804],[2.16691,41.49828],[2.1664,41.4992],[2.16623,41.49947],[2.16596,41.49972],[2.16583,41.49981],[2.16564,41.49995],[2.1651,41.50042],[2.16489,41.50065],[2.16483,41.50074],[2.16466,41.50114],[2.16463,41.50128],[2.1644,41.50175],[2.16368,41.50274],[2.1621,41.50462],[2.16132,41.50564],[2.16109,41.50593],[2.16094,41.50611],[2.16068,41.50638],[2.16054,41.50648],[2.16014,41.50669],[2.15981,41.50683],[2.15946,41.50703],[2.15899,41.50738],[2.159,41.50739]]]},"properties":{"codi_ine":"08180","nom":"Ripollet","comarca":"Vallès Occidental"}},
{"type":"Feature","geometry":{"type":"Polygon","coordinates":[[[2.36136,41.62013],[2.35542,41.61911],[2.35062,41.61657],[2.34801,41.61974],[2.34658,41.62245],[2.34544,41.62398],[2.34458,41.62608],[2.34514,41.62715],[2.34532,41.62722],[2.34553,41.62728],[2.34606,41.62722],[2.34643,41.62713],[2.34643,41.62644],[2.34639,41.62623],[2.34627,41.62595],[2.34625,41.62573],[2.34639,41.62535],[2.34664,41.62504],[2.34703,41.62462],[2.34913,41.62511],[2.35131,41.62583],[2.35315,41.62496],[2.35374,41.62541],[2.35549,41.62624],[2.35721,41.62607],[2.35748,41.62529],[2.35786,41.62508],[2.35803,41.62545],[2.35808,41.62563],[2.35809,41.62578],[2.35799,41.62598],[2.35763,41.62631],[2.35746,41.62655],[2.3573,41.62708],[2.35722,41.62744],[2.3571,41.62812],[2.35709,41.62831],[2.35716,41.62852],[2.35729,41.62866],[2.35777,41.62957],[2.35836,41.63127],[2.35855,41.63166],[2.3586,41.63181],[2.35874,41.63229],[2.35875,41.63249],[2.35873,41.63257],[2.35832,41.6338],[2.35599,41.63398],[2.35448,41.63386],[2.35433,41.63383],[2.3539,41.63377],[2.35303,41.6337],[2.35292,41.63475],[2.35286,41.63534],[2.35283,41.63575],[2.35279,41.63598],[2.35268,41.63639],[2.35125,41.6363],[2.35095,41.63549],[2.35091,41.63536],[2.3509,41.63518],[2.35098,41.63506],[2.35036,41.63524],[2.35056,41.63624],[2.34749,41.63602],[2.34637,41.6357],[2.34568,41.63542],[2.34536,41.63528],[2.34477,41.63501],[2.3443,41.63484],[2.34371,41.63477],[2.34334,41.63474],[2.34299,41.63473],[2.34243,41.63388],[2.34227,41.63309],[2.34052,41.63294],[2.33914,41.63319],[2.33809,41.63334],[2.33774,41.63319],[2.33757,41.63314],[2.33735,41.63313],[2.33694,41.63315],[2.33612,41.63321],[2.33553,41.6333],[2.33525,41.63339],[2.33381,41.63369],[2.33109,41.634],[2.33034,41.63446],[2.33017,41.63464],[2.33008,41.63486],[2.3301,41.6351],[2.33044,41.63546],[2.3266,41.63246],[2.3249,41.62857],[2.32293,41.62544],[2.31721,41.61813],[2.31922,41.61244],[2.31179,41.60981],[2.31001,41.60789],[2.30303,41.60741],[2.3017,41.6064],[2.30159,41.60628],[2.30131,41.60582],[2.30022,41.60648],[2.29862,41.60663],[2.29771,41.60405],[2.29699,41.60214],[2.29674,41.60106],[2.29626,41.59869],[2.29576,41.59753],[2.29574,41.59663],[2.29593,41.59534],[2.29608,41.5944],[2.29563,41.59246],[2.2954,41.59193],[2.29524,41.59145],[2.295,41.59063],[2.29482,41.59],[2.295,41.5889],[2.29477,41.58813],[2.29433,41.58676],[2.29419,41.58661],[2.29393,41.58629],[2.29373,41.58596],[2.2936,41.58573],[2.29352,41.58553],[2.29322,41.58441],[2.29255,41.58333],[2.29292,41.58202],[2.29358,41.58039],[2.29253,41.57959],[2.29188,41.57805],[2.29173,41.57769],[2.29139,41.57678],[2.29147,41.57683],[2.29177,41.57693],[2.29199,41.57697],[2.29217,41.57698],[2.29244,41.57696],[2.29276,41.5769],[2.29471,41.57646],[2.29551,41.57607],[2.29645,41.57534],[2.29732,41.57497],[2.30203,41.57699],[2.30227,41.57671],[2.30245,41.57646],[2.30306,41.57516],[2.30317,41.57455],[2.30316,41.57419],[2.30319,41.57405],[2.30386,41.57204],[2.30524,41.57239],[2.30623,41.57297],[2.30808,41.57361],[2.30837,41.5737],[2.30843,41.57365],[2.30786,41.57208],[2.31122,41.57111],[2.31072,41.57057],[2.31001,41.5698],[2.30927,41.56896],[2.3088,41.56824],[2.3084,41.56755],[2.30781,41.5667],[2.30727,41.5661],[2.30861,41.56555],[2.31005,41.5649],[2.31056,41.56465],[2.31126,41.56349],[2.31326,41.56379],[2.31412,41.56258],[2.3162,41.56285],[2.31678,41.56395],[2.32607,41.5629],[2.33751,41.56115],[2.33788,41.56126],[2.33814,41.56127],[2.33838,41.56121],[2.33942,41.56087],[2.34027,41.56076],[2.34147,41.56101],[2.34205,41.56141],[2.34252,41.56189],[2.34409,41.56367],[2.34409,41.56373],[2.34391,41.56453],[2.34384,41.56481],[2.34383,41.5649],[2.34385,41.56514],[2.3439,41.56524],[2.34405,41.56542],[2.34419,41.5655],[2.34476,41.56581],[2.34548,41.56611],[2.34718,41.56703],[2.34827,41.56826],[2.3486,41.5689],[2.34856,41.5693],[2.34859,41.56963],[2.34861,41.56973],[2.34868,41.5698],[2.34886,41.5699],[2.35024,41.57039],[2.35189,41.57117],[2.35341,41.57195],[2.35455,41.5728],[2.35467,41.5732],[2.35472,41.57325],[2.35533,41.57362],[2.35574,41.57383],[2.35589,41.57388],[2.36471,41.58206],[2.36847,41.5854],[2.3751,41.59512],[2.38042,41.59476],[2.38221,41.59589],[2.38233,41.59604],[2.38277,41.59676],[2.3829,41.59707],[2.38176,41.59708],[2.38025,41.59711],[2.38007,41.59713],[2.37975,41.59722],[2.37933,41.59735],[2.37886,41.59748],[2.37867,41.59752],[2.37836,41.59755],[2.37818,41.59754],[2.37796,41.59751],[2.37775,41.59746],[2.37701,41.59723],[2.37675,41.59722],[2.37635,41.5973],[2.37584,41.59741],[2.37575,41.59744],[2.3756,41.59755],[2.37549,41.5977],[2.37548,41.5978],[2.37551,41.5979],[2.37562,41.59814],[2.37603,41.59884],[2.37613,41.59892],[2.37668,41.59922],[2.37702,41.59943],[2.37712,41.5995],[2.37722,41.59966],[2.37732,41.5999],[2.37736,41.60008],[2.37749,41.6009],[2.37748,41.60103],[2.37728,41.60186],[2.37689,41.60344],[2.37628,41.60532],[2.37606,41.60598],[2.37602,41.60602],[2.36376,41.61533],[2.36267,41.61737],[2.36275,41.61771],[2.36136,41.62013]]]},"properties":{"codi_ine":"08181","nom":"la Roca del Vallès","comarca":"Vallès Oriental"}},
{"type":"Feature","geometry":{"type":"Polygon","coordinates":[[[2.03488,41.517],[2.03279,41.51759],[2.03067,41.51995],[2.03066,41.52004],[2.0302,41.52067],[2.02972,41.52127],[2.0292,41.5216],[2.02896,41.52164],[2.02876,41.52179],[2.02847,41.52226],[2.0284,41.52241],[2.02814,41.52325],[2.02795,41.52395],[2.02746,41.52508],[2.02683,41.52619],[2.02657,41.52657],[2.02637,41.52681],[2.02626,41.52692],[2.02557,41.52754],[2.02502,41.52751],[2.0243,41.52765],[2.02212,41.52812],[2.02085,41.52843],[2.02051,41.52861],[2.0201,41.52889],[2.01994,41.52904],[2.01989,41.52917],[2.01987,41.52958],[2.01986,41.52983],[2.0198,41.53018],[2.01971,41.53042],[2.01962,41.53053],[2.01887,41.53101],[2.01774,41.53155],[2.01682,41.53179],[2.01514,41.5321],[2.01374,41.53243],[2.0119,41.53272],[2.01147,41.53277],[2.0107,41.53282],[2.01038,41.53281],[2.00989,41.53274],[2.00868,41.5326],[2.00706,41.53256],[2.00678,41.53256],[2.00659,41.53259],[2.00643,41.53263],[2.00603,41.53277],[2.00488,41.53373],[2.00388,41.5345],[2.00264,41.53521],[2.00243,41.53528],[2.00227,41.53539],[2.0021,41.53554],[2.00169,41.536],[2.00111,41.53668],[2.00022,41.53815],[1.99971,41.53986],[1.999,41.54083],[1.99838,41.54135],[1.99743,41.54203],[1.99729,41.54211],[1.99717,41.54215],[1.99685,41.54218],[1.99672,41.54216],[1.99646,41.54206],[1.99561,41.5418],[1.99423,41.54163],[1.99411,41.54163],[1.99392,41.54165],[1.99375,41.5417],[1.99337,41.54185],[1.99282,41.54207],[1.99251,41.54221],[1.99245,41.5423],[1.99205,41.54279],[1.99156,41.54319],[1.99142,41.54292],[1.99092,41.54177],[1.99079,41.54138],[1.99074,41.54119],[1.9907,41.54093],[1.99069,41.54076],[1.99055,41.53965],[1.99049,41.53941],[1.99042,41.53926],[1.99016,41.53885],[1.99002,41.53866],[1.98986,41.53848],[1.98918,41.53779],[1.98801,41.53666],[1.98774,41.53645],[1.98742,41.53632],[1.98706,41.53621],[1.98675,41.53609],[1.98662,41.53602],[1.98645,41.5359],[1.98612,41.53562],[1.98591,41.53541],[1.98576,41.53524],[1.98554,41.53454],[1.98511,41.53381],[1.98509,41.53271],[1.98513,41.53026],[1.9851,41.52959],[1.98486,41.52902],[1.98474,41.52885],[1.98467,41.52828],[1.98464,41.52802],[1.98474,41.527],[1.98554,41.52522],[1.98568,41.52505],[1.9861,41.5245],[1.98617,41.52438],[1.98626,41.524],[1.98565,41.52388],[1.98205,41.52521],[1.9819,41.52521],[1.98166,41.52516],[1.98157,41.5251],[1.98054,41.5242],[1.9791,41.52363],[1.97866,41.52325],[1.98127,41.51555],[1.98511,41.51489],[1.98521,41.51469],[1.98534,41.5144],[1.98576,41.51318],[1.98609,41.51203],[1.98618,41.51072],[1.98619,41.51041],[1.98621,41.50958],[1.98607,41.50913],[1.98599,41.50893],[1.98592,41.50883],[1.98612,41.5074],[1.98644,41.50618],[1.98664,41.50543],[1.98696,41.50497],[1.98719,41.50417],[1.9872,41.50396],[1.98714,41.50283],[1.98711,41.50159],[1.98713,41.50071],[1.98732,41.49931],[1.98756,41.49924],[1.98778,41.49913],[1.98787,41.49902],[1.98812,41.49858],[1.98823,41.49826],[1.98823,41.49685],[1.98824,41.49614],[1.9882,41.49474],[1.9883,41.49395],[1.98852,41.4926],[1.98879,41.49205],[1.98925,41.4915],[1.98996,41.49016],[1.99038,41.4893],[1.99025,41.48879],[1.99017,41.48865],[1.99013,41.48837],[1.99016,41.48823],[1.99022,41.48808],[1.99079,41.48684],[1.99548,41.486],[1.9953,41.48589],[1.99522,41.48574],[1.99516,41.48549],[1.99517,41.48536],[1.99524,41.4852],[1.99557,41.48489],[1.99573,41.48477],[1.99624,41.48366],[1.99655,41.48221],[1.99645,41.48128],[1.99629,41.48081],[1.99629,41.47954],[1.99629,41.47945],[1.99636,41.47926],[1.99685,41.47849],[1.99708,41.47808],[1.99713,41.47791],[1.99708,41.47769],[1.99689,41.47716],[1.99674,41.4754],[1.99674,41.47528],[1.99678,41.47516],[1.99694,41.47477],[1.99701,41.47465],[1.99825,41.47285],[1.99909,41.47295],[1.99927,41.473],[1.99961,41.47306],[2.00021,41.47312],[2.00203,41.47326],[2.00223,41.47327],[2.0028,41.47326],[2.00294,41.47279],[2.00293,41.47267],[2.00308,41.4718],[2.00359,41.4718],[2.00396,41.47119],[2.00417,41.47073],[2.00433,41.47022],[2.00448,41.46984],[2.00463,41.46959],[2.00481,41.46941],[2.00494,41.46932],[2.00556,41.46898],[2.0056,41.46894],[2.00581,41.4681],[2.00588,41.46754],[2.00587,41.46716],[2.00566,41.46655],[2.00562,41.46634],[2.00558,41.46582],[2.00561,41.46464],[2.00566,41.46441],[2.00562,41.46326],[2.0053,41.46303],[2.00482,41.46297],[2.0046,41.46297],[2.00439,41.46298],[2.00414,41.46303],[2.0038,41.46312],[2.0037,41.46317],[2.00355,41.46318],[2.00346,41.46312],[2.00329,41.46295],[2.00297,41.46252],[2.00238,41.4616],[2.00264,41.46164],[2.00298,41.46168],[2.00328,41.46168],[2.00663,41.46149],[2.00795,41.46152],[2.00915,41.46163],[2.01066,41.46192],[2.01088,41.46198],[2.01255,41.46246],[2.01384,41.463],[2.01413,41.46313],[2.01442,41.46331],[2.01461,41.46357],[2.01465,41.46381],[2.01463,41.46407],[2.01456,41.4643],[2.01445,41.46451],[2.0145,41.4652],[2.01463,41.46569],[2.01488,41.46616],[2.01578,41.46725],[2.0165,41.46799],[2.01714,41.46848],[2.01797,41.46886],[2.01916,41.46907],[2.02038,41.46901],[2.02191,41.46867],[2.02424,41.46807],[2.02485,41.46785],[2.02618,41.46722],[2.02721,41.46682],[2.02764,41.46669],[2.02789,41.46666],[2.02807,41.46667],[2.0285,41.46678],[2.02885,41.46693],[2.02942,41.46742],[2.03119,41.46849],[2.03311,41.46976],[2.03371,41.47041],[2.03461,41.47147],[2.03511,41.47175],[2.03528,41.47189],[2.03557,41.47226],[2.03569,41.47245],[2.03581,41.47272],[2.03579,41.47285],[2.03649,41.47379],[2.0376,41.47505],[2.03873,41.47632],[2.03901,41.47704],[2.0387,41.4772],[2.03859,41.47729],[2.03848,41.4775],[2.03845,41.47829],[2.03952,41.48009],[2.03987,41.48083],[2.04,41.48096],[2.04014,41.48102],[2.04046,41.48105],[2.04091,41.48102],[2.04103,41.48098],[2.04115,41.48091],[2.04168,41.48138],[2.04197,41.48209],[2.0422,41.48282],[2.04275,41.4838],[2.04348,41.48502],[2.04353,41.4851],[2.0441,41.48549],[2.04464,41.48581],[2.04496,41.48596],[2.04518,41.48603],[2.04531,41.48606],[2.04556,41.48607],[2.04578,41.48605],[2.04624,41.48596],[2.04633,41.48593],[2.04707,41.48581],[2.04766,41.48595],[2.04807,41.48616],[2.04868,41.48686],[2.0489,41.48769],[2.0495,41.48891],[2.04953,41.48955],[2.04918,41.49088],[2.04987,41.49327],[2.04999,41.49418],[2.05033,41.49559],[2.05084,41.49666],[2.05181,41.49762],[2.05252,41.49859],[2.05233,41.49951],[2.05257,41.50096],[2.05266,41.50114],[2.0535,41.50234],[2.05367,41.50279],[2.05376,41.50297],[2.0548,41.50289],[2.05561,41.50272],[2.05531,41.5054],[2.0555,41.50548],[2.05476,41.50686],[2.05466,41.507],[2.0544,41.50735],[2.05437,41.50749],[2.05433,41.50778],[2.05431,41.50845],[2.05431,41.50876],[2.05442,41.50898],[2.05454,41.50914],[2.05456,41.50924],[2.05445,41.50982],[2.05093,41.51218],[2.05076,41.51208],[2.05072,41.51202],[2.04991,41.51003],[2.04945,41.50971],[2.04931,41.50969],[2.04675,41.50984],[2.04561,41.50973],[2.0447,41.50971],[2.04459,41.50996],[2.04465,41.51005],[2.04477,41.51017],[2.0448,41.51041],[2.04472,41.51068],[2.04383,41.51115],[2.04374,41.51146],[2.0438,41.51181],[2.04365,41.51239],[2.0393,41.5139],[2.03884,41.51397],[2.03848,41.51338],[2.03755,41.51274],[2.03714,41.51246],[2.03708,41.51244],[2.03685,41.51244],[2.0356,41.51255],[2.03544,41.51257],[2.03539,41.51281],[2.03532,41.51342],[2.03532,41.51392],[2.03522,41.514],[2.03504,41.51394],[2.03443,41.51366],[2.03429,41.51355],[2.03417,41.51341],[2.03395,41.51326],[2.03349,41.51306],[2.03347,41.51316],[2.03346,41.51377],[2.03346,41.51396],[2.03356,41.51434],[2.03367,41.51459],[2.03389,41.51487],[2.03404,41.51503],[2.03414,41.51516],[2.03426,41.51536],[2.03475,41.51635],[2.03497,41.51698],[2.03488,41.517]]]},"properties":{"codi_ine":"08184","nom":"Rubí","comarca":"Vallès Occidental"}},
{"type":"Feature","geometry":{"type":"Polygon","coordinates":[[[2.11724,41.59017],[2.1117,41.58936],[2.10888,41.58963],[2.10841,41.58969],[2.108,41.58982],[2.10765,41.59004],[2.10736,41.59026],[2.10701,41.59049],[2.10675,41.5906],[2.1065,41.59062],[2.10561,41.59058],[2.10563,41.59051],[2.10608,41.58941],[2.10636,41.58831],[2.10594,41.58786],[2.10644,41.58687],[2.10671,41.5867],[2.10681,41.58661],[2.10689,41.58646],[2.1068,41.58643],[2.10464,41.58634],[2.10496,41.58577],[2.10526,41.58517],[2.10527,41.5851],[2.10422,41.58511],[2.10188,41.58429],[2.10093,41.58398],[2.10092,41.58401],[2.10112,41.58448],[2.10083,41.5853],[2.09951,41.58532],[2.09709,41.58493],[2.09652,41.5846],[2.09673,41.58441],[2.09653,41.58396],[2.09649,41.58389],[2.09432,41.58378],[2.09412,41.58372],[2.09399,41.58361],[2.09386,41.58341],[2.09376,41.58321],[2.09116,41.58313],[2.08954,41.58321],[2.0879,41.58347],[2.08721,41.58252],[2.08713,41.58185],[2.08705,41.5816],[2.08691,41.58131],[2.08676,41.58108],[2.086,41.58032],[2.08577,41.58049],[2.08548,41.58076],[2.0851,41.58122],[2.08485,41.58158],[2.08449,41.58215],[2.08428,41.58261],[2.08411,41.58285],[2.08371,41.58315],[2.08344,41.58328],[2.08321,41.5833],[2.08295,41.58331],[2.08238,41.58327],[2.08172,41.58321],[2.08112,41.58312],[2.08077,41.58301],[2.08054,41.58294],[2.08041,41.58293],[2.08013,41.58294],[2.07983,41.58302],[2.07969,41.5831],[2.0794,41.58337],[2.07923,41.58361],[2.07918,41.58373],[2.07914,41.58388],[2.07908,41.58402],[2.07885,41.58426],[2.07861,41.58446],[2.07833,41.58462],[2.07817,41.58466],[2.0754,41.58517],[2.07374,41.58541],[2.07143,41.58546],[2.07132,41.58541],[2.07089,41.58532],[2.07042,41.58529],[2.06963,41.5853],[2.06937,41.58532],[2.06657,41.58618],[2.06498,41.58714],[2.06496,41.58789],[2.06362,41.58782],[2.06326,41.58786],[2.06261,41.588],[2.06249,41.58789],[2.0624,41.58784],[2.06183,41.58773],[2.06096,41.58765],[2.05915,41.58744],[2.05802,41.58756],[2.05743,41.58768],[2.05591,41.58803],[2.05487,41.58825],[2.05426,41.58838],[2.05305,41.58854],[2.05244,41.58864],[2.0519,41.58878],[2.05181,41.58883],[2.05078,41.5894],[2.05071,41.58952],[2.05057,41.58963],[2.05039,41.58974],[2.04961,41.58925],[2.04853,41.5885],[2.04659,41.58732],[2.04786,41.58613],[2.04709,41.58578],[2.04752,41.585],[2.04768,41.58471],[2.04882,41.58483],[2.05112,41.58222],[2.05137,41.58185],[2.0517,41.58141],[2.05271,41.58148],[2.05358,41.58156],[2.05365,41.58165],[2.05414,41.58166],[2.05608,41.58115],[2.05696,41.58086],[2.05772,41.58054],[2.05796,41.58043],[2.05934,41.58006],[2.06047,41.57978],[2.06151,41.57964],[2.06169,41.57961],[2.06243,41.57935],[2.06014,41.57791],[2.06098,41.57756],[2.06219,41.57708],[2.06267,41.57695],[2.06398,41.57647],[2.06527,41.57582],[2.06539,41.57574],[2.06549,41.57563],[2.06552,41.57548],[2.06477,41.57409],[2.06417,41.57321],[2.06345,41.57336],[2.06321,41.57339],[2.06307,41.57335],[2.06202,41.57269],[2.06179,41.57227],[2.06112,41.57062],[2.06152,41.57003],[2.06223,41.56968],[2.06269,41.56956],[2.06326,41.56941],[2.06371,41.56929],[2.06404,41.56911],[2.0645,41.56883],[2.06526,41.56832],[2.06546,41.56817],[2.06457,41.56723],[2.06419,41.56684],[2.06332,41.56595],[2.06397,41.565],[2.06362,41.56423],[2.0634,41.56372],[2.06394,41.56359],[2.06434,41.5635],[2.06504,41.56339],[2.06546,41.56335],[2.06587,41.56335],[2.06614,41.56328],[2.06648,41.56316],[2.06664,41.56308],[2.06771,41.56252],[2.06788,41.56196],[2.06836,41.5612],[2.06846,41.56118],[2.06863,41.5611],[2.06884,41.56094],[2.06756,41.56026],[2.06703,41.56003],[2.06622,41.56057],[2.06484,41.55965],[2.06469,41.55953],[2.06485,41.55926],[2.06499,41.55906],[2.06363,41.55789],[2.06692,41.55626],[2.06552,41.55562],[2.06519,41.55552],[2.06506,41.55544],[2.06498,41.55529],[2.0647,41.55385],[2.06494,41.55372],[2.06444,41.5531],[2.06289,41.55333],[2.06227,41.55342],[2.06168,41.5535],[2.06126,41.55351],[2.06091,41.55348],[2.06074,41.55346],[2.06086,41.55306],[2.06094,41.55287],[2.06168,41.55125],[2.06222,41.55009],[2.06242,41.54979],[2.06278,41.54932],[2.06368,41.54797],[2.06403,41.54682],[2.06478,41.54583],[2.06585,41.54439],[2.06613,41.5439],[2.06615,41.54381],[2.06615,41.54358],[2.06613,41.54351],[2.06577,41.54295],[2.06727,41.543],[2.06918,41.54305],[2.07122,41.54304],[2.07208,41.54303],[2.07265,41.54301],[2.07325,41.54298],[2.07443,41.54288],[2.07508,41.54281],[2.07569,41.54273],[2.07636,41.54264],[2.07681,41.54255],[2.07743,41.54243],[2.07799,41.5423],[2.07856,41.54215],[2.07914,41.54198],[2.07959,41.54183],[2.08012,41.54164],[2.08065,41.54143],[2.08121,41.5412],[2.08181,41.54092],[2.08228,41.54068],[2.08295,41.54032],[2.08381,41.53981],[2.08438,41.53941],[2.08517,41.53882],[2.08605,41.53807],[2.08639,41.53778],[2.09005,41.54005],[2.09168,41.53903],[2.09365,41.53747],[2.09417,41.53696],[2.09566,41.53524],[2.09747,41.53336],[2.09785,41.53231],[2.09849,41.52998],[2.09906,41.52788],[2.09914,41.52751],[2.09912,41.5273],[2.09804,41.52529],[2.09767,41.51963],[2.0964,41.51981],[2.09625,41.51941],[2.09469,41.51798],[2.09408,41.51699],[2.0938,41.51516],[2.09362,41.51339],[2.09369,41.51318],[2.09367,41.51306],[2.09355,41.51297],[2.09298,41.51264],[2.09281,41.5126],[2.09255,41.51257],[2.09233,41.51257],[2.09153,41.51248],[2.09081,41.5123],[2.08896,41.51165],[2.08885,41.5116],[2.08865,41.51123],[2.08871,41.51123],[2.08917,41.51],[2.08936,41.50976],[2.08961,41.50949],[2.08973,41.50949],[2.09168,41.50957],[2.09355,41.50967],[2.09429,41.50976],[2.09517,41.50985],[2.09617,41.50995],[2.09803,41.5101],[2.09919,41.51015],[2.09952,41.51015],[2.09976,41.51014],[2.09991,41.5101],[2.10008,41.51003],[2.1003,41.50989],[2.10185,41.50873],[2.10243,41.50828],[2.1035,41.5075],[2.10485,41.50674],[2.10701,41.50771],[2.10673,41.50789],[2.10554,41.50871],[2.10874,41.50936],[2.10894,41.51042],[2.10964,41.51116],[2.10979,41.51128],[2.11024,41.51147],[2.11035,41.5115],[2.11102,41.51194],[2.11253,41.51375],[2.11261,41.51387],[2.11264,41.51397],[2.11264,41.5142],[2.11251,41.51458],[2.11239,41.51485],[2.11208,41.51551],[2.11199,41.5157],[2.11193,41.51588],[2.11188,41.51609],[2.11187,41.51625],[2.11215,41.51822],[2.11161,41.51887],[2.1112,41.51931],[2.11072,41.51985],[2.11045,41.52017],[2.11013,41.52055],[2.10978,41.521],[2.10985,41.52103],[2.11143,41.52149],[2.11329,41.52201],[2.11576,41.52266],[2.11621,41.5228],[2.11823,41.5235],[2.1211,41.52486],[2.12202,41.52534],[2.12338,41.52609],[2.12435,41.52662],[2.12505,41.52699],[2.12528,41.52709],[2.12533,41.52704],[2.12565,41.5272],[2.12649,41.52762],[2.12588,41.5284],[2.12546,41.52822],[2.1249,41.52817],[2.12419,41.52855],[2.12352,41.52929],[2.12347,41.53028],[2.12371,41.53142],[2.12345,41.53157],[2.12323,41.53172],[2.12306,41.53197],[2.12276,41.53272],[2.12451,41.53347],[2.12656,41.53259],[2.12682,41.53258],[2.12713,41.53259],[2.12809,41.53289],[2.12819,41.53292],[2.12851,41.53309],[2.12876,41.5333],[2.13142,41.53342],[2.13188,41.53381],[2.13318,41.53387],[2.13326,41.53304],[2.13333,41.53272],[2.13348,41.53236],[2.13434,41.53112],[2.13636,41.53143],[2.13804,41.53155],[2.13842,41.53158],[2.13866,41.53162],[2.13867,41.53176],[2.13822,41.53314],[2.13852,41.53329],[2.13904,41.53383],[2.13926,41.53409],[2.13958,41.5346],[2.14038,41.53607],[2.14043,41.53619],[2.14058,41.53667],[2.1406,41.53686],[2.14052,41.53719],[2.14069,41.53751],[2.14138,41.53806],[2.14232,41.53808],[2.14491,41.53854],[2.14512,41.53973],[2.14588,41.54094],[2.14618,41.54126],[2.14751,41.54153],[2.14797,41.54147],[2.14832,41.54134],[2.14858,41.54112],[2.14869,41.54093],[2.14874,41.54081],[2.14884,41.54069],[2.149,41.54062],[2.14918,41.54057],[2.14961,41.54051],[2.14973,41.54063],[2.14993,41.54097],[2.14997,41.54107],[2.14992,41.54108],[2.14969,41.54122],[2.14868,41.54241],[2.14787,41.54399],[2.14776,41.54432],[2.14766,41.54488],[2.14767,41.54516],[2.14776,41.54594],[2.14772,41.54617],[2.14746,41.54693],[2.14715,41.54745],[2.14662,41.54831],[2.14584,41.54959],[2.14578,41.54971],[2.14566,41.55001],[2.14559,41.55025],[2.14462,41.55152],[2.14435,41.55146],[2.14365,41.55148],[2.14349,41.55153],[2.14231,41.55302],[2.14159,41.55415],[2.14138,41.55436],[2.14094,41.55439],[2.14065,41.55446],[2.14054,41.55454],[2.1405,41.5546],[2.14,41.55575],[2.14082,41.55605],[2.14107,41.55683],[2.14118,41.55786],[2.14102,41.55843],[2.1408,41.55905],[2.1406,41.55928],[2.14024,41.55957],[2.13996,41.55968],[2.13943,41.55943],[2.13879,41.55956],[2.13849,41.56123],[2.13734,41.56247],[2.13601,41.56293],[2.13534,41.56315],[2.13404,41.56354],[2.13257,41.56312],[2.13125,41.56261],[2.13095,41.56337],[2.13049,41.56436],[2.12977,41.56516],[2.12929,41.56569],[2.12862,41.56638],[2.1285,41.56652],[2.12835,41.56697],[2.1283,41.56721],[2.12828,41.56757],[2.12828,41.56867],[2.12799,41.56992],[2.12719,41.57195],[2.12652,41.57334],[2.12647,41.57352],[2.12616,41.57477],[2.12601,41.5754],[2.12571,41.57649],[2.12525,41.57678],[2.12401,41.57732],[2.12325,41.5778],[2.12264,41.5781],[2.12093,41.5782],[2.1181,41.57807],[2.1175,41.57888],[2.11742,41.579],[2.11736,41.57914],[2.11737,41.57951],[2.11745,41.5819],[2.11725,41.58327],[2.11734,41.58447],[2.1175,41.58587],[2.11822,41.58747],[2.11781,41.58829],[2.11779,41.58936],[2.1179,41.58944],[2.11793,41.5895],[2.11795,41.58968],[2.11783,41.58986],[2.11753,41.59003],[2.11724,41.59017]]]},"properties":{"codi_ine":"08187","nom":"Sabadell","comarca":"Vallès Occidental"}},
{"type":"Feature","geometry":{"type":"Polygon","coordinates":[[[2.23742,41.42616],[2.2373,41.42624],[2.23619,41.42702],[2.23389,41.42892],[2.23145,41.43096],[2.23093,41.43071],[2.22961,41.43035],[2.22853,41.43028],[2.22643,41.42985],[2.22462,41.42922],[2.22447,41.4295],[2.22327,41.43132],[2.22251,41.4324],[2.22155,41.43204],[2.22095,41.43176],[2.22071,41.43159],[2.21957,41.43296],[2.2175,41.43222],[2.21693,41.43269],[2.21654,41.43307],[2.21566,41.43369],[2.21536,41.43377],[2.21469,41.43452],[2.21462,41.43489],[2.21467,41.43492],[2.21418,41.43463],[2.21363,41.43439],[2.21337,41.43438],[2.21304,41.4343],[2.21076,41.43343],[2.20892,41.43325],[2.2078,41.43308],[2.20612,41.43254],[2.20622,41.43211],[2.2065,41.43098],[2.20662,41.43067],[2.20701,41.42968],[2.20716,41.42937],[2.20726,41.42907],[2.20734,41.42811],[2.20736,41.42784],[2.20715,41.42712],[2.20674,41.42664],[2.20626,41.42593],[2.20632,41.42558],[2.20755,41.42503],[2.20777,41.42501],[2.20857,41.42522],[2.20995,41.4246],[2.20993,41.42435],[2.21115,41.42236],[2.21155,41.42181],[2.21213,41.42105],[2.21288,41.42074],[2.21372,41.42031],[2.21415,41.42005],[2.21439,41.41989],[2.21516,41.41932],[2.21658,41.41825],[2.21679,41.41806],[2.21713,41.41764],[2.2188,41.41596],[2.21994,41.41503],[2.22012,41.41487],[2.22129,41.41376],[2.22136,41.41368],[2.22131,41.41345],[2.22112,41.41306],[2.22291,41.41292],[2.2287,41.41244],[2.22818,41.41284],[2.22804,41.41274],[2.22791,41.41284],[2.22794,41.41302],[2.22756,41.41331],[2.22741,41.41339],[2.22717,41.41347],[2.22705,41.41349],[2.22687,41.4136],[2.22677,41.41385],[2.22661,41.41379],[2.22672,41.41352],[2.22603,41.41361],[2.22561,41.41296],[2.22553,41.41286],[2.22503,41.41323],[2.22583,41.41384],[2.22603,41.41394],[2.22614,41.41388],[2.22624,41.41388],[2.22642,41.41393],[2.22655,41.41405],[2.22647,41.41429],[2.22655,41.41442],[2.22704,41.41494],[2.22749,41.41546],[2.22771,41.41534],[2.22898,41.41369],[2.22924,41.41334],[2.22859,41.41306],[2.22865,41.41297],[2.22962,41.4134],[2.2299,41.41347],[2.23056,41.41261],[2.2307,41.41267],[2.23062,41.41278],[2.23055,41.4128],[2.22998,41.41355],[2.23275,41.41475],[2.23293,41.41467],[2.23139,41.41229],[2.22971,41.40969],[2.22946,41.4093],[2.2293,41.40937],[2.22918,41.40934],[2.22906,41.40907],[2.22905,41.409],[2.22912,41.40893],[2.22937,41.40881],[2.22946,41.4088],[2.22958,41.40882],[2.22974,41.40894],[2.2298,41.40901],[2.2298,41.40912],[2.22968,41.40921],[2.23347,41.41509],[2.2334,41.4152],[2.23325,41.41515],[2.23307,41.41491],[2.23266,41.41492],[2.2323,41.41483],[2.23222,41.41489],[2.23211,41.41499],[2.232,41.41518],[2.2319,41.41558],[2.2319,41.41581],[2.23197,41.41618],[2.23201,41.41631],[2.23215,41.4166],[2.2324,41.417],[2.23252,41.41726],[2.23267,41.41773],[2.23279,41.41793],[2.23291,41.41808],[2.23304,41.41819],[2.23317,41.41827],[2.23328,41.41829],[2.23341,41.41819],[2.23356,41.41836],[2.23337,41.41844],[2.23318,41.41855],[2.23306,41.4187],[2.23299,41.41896],[2.23299,41.41904],[2.23325,41.4196],[2.23344,41.41993],[2.23356,41.42008],[2.23369,41.42018],[2.2338,41.42013],[2.23388,41.42017],[2.23389,41.42033],[2.2337,41.42042],[2.2337,41.42049],[2.23375,41.42064],[2.23403,41.42132],[2.23418,41.42166],[2.23438,41.42208],[2.23457,41.42238],[2.23475,41.42261],[2.23485,41.42271],[2.23531,41.4232],[2.23574,41.42375],[2.23594,41.42404],[2.23607,41.4242],[2.23632,41.42441],[2.23651,41.42451],[2.23668,41.42452],[2.23673,41.42456],[2.23681,41.42473],[2.23675,41.4249],[2.23672,41.42511],[2.23675,41.42526],[2.23709,41.42578],[2.23727,41.42602],[2.23742,41.42616]]]},"properties":{"codi_ine":"08194","nom":"Sant Adrià de Besòs","comarca":"Barcelonès"}},
{"type":"Feature","geometry":{"type":"Polygon","coordinates":[[[1.98499,41.44354],[1.98443,41.44384],[1.98421,41.44398],[1.98224,41.44528],[1.98098,41.44643],[1.98082,41.44673],[1.98057,41.4472],[1.98041,41.44744],[1.9801,41.44788],[1.97989,41.44815],[1.97961,41.44843],[1.97952,41.44851],[1.97921,41.44865],[1.9788,41.44877],[1.97859,41.44893],[1.97839,41.44915],[1.97769,41.45011],[1.97739,41.45063],[1.97731,41.45086],[1.97728,41.45103],[1.97728,41.45136],[1.97714,41.45292],[1.97693,41.45392],[1.97674,41.45501],[1.97675,41.45542],[1.97677,41.45581],[1.97674,41.45603],[1.97667,41.45638],[1.97652,41.45705],[1.97549,41.46011],[1.97492,41.46121],[1.9747,41.46159],[1.97368,41.4632],[1.97349,41.46345],[1.97329,41.46371],[1.97149,41.46373],[1.96923,41.46392],[1.96895,41.46392],[1.96869,41.46386],[1.96843,41.46373],[1.96735,41.46316],[1.96539,41.46209],[1.96497,41.46186],[1.96394,41.46121],[1.96289,41.46052],[1.96183,41.45981],[1.96172,41.45976],[1.96158,41.45973],[1.96049,41.46045],[1.95978,41.46093],[1.95915,41.46128],[1.95824,41.46176],[1.9571,41.46238],[1.9565,41.46287],[1.95628,41.46303],[1.95557,41.46354],[1.95521,41.46376],[1.95473,41.46403],[1.95366,41.4647],[1.95311,41.46412],[1.95218,41.46337],[1.95201,41.46325],[1.9505,41.46245],[1.95016,41.46237],[1.94972,41.46229],[1.94888,41.46214],[1.94862,41.46207],[1.94838,41.46199],[1.94731,41.461],[1.94744,41.46075],[1.94794,41.46043],[1.94856,41.45999],[1.94968,41.45911],[1.95029,41.45834],[1.95065,41.45786],[1.95074,41.45769],[1.95101,41.45695],[1.95105,41.45673],[1.95107,41.45633],[1.95104,41.45603],[1.95131,41.45556],[1.95201,41.45558],[1.95238,41.4556],[1.95256,41.45491],[1.95222,41.45402],[1.95207,41.45377],[1.95195,41.45367],[1.95177,41.45358],[1.95164,41.45347],[1.95145,41.45319],[1.95128,41.45285],[1.95117,41.4524],[1.95117,41.4522],[1.95128,41.45146],[1.9514,41.45095],[1.95143,41.45079],[1.95134,41.4505],[1.9513,41.45044],[1.9511,41.45027],[1.95099,41.45021],[1.95053,41.45015],[1.95019,41.45012],[1.94946,41.4499],[1.94836,41.44925],[1.94831,41.44893],[1.9483,41.44844],[1.94832,41.44825],[1.94838,41.44811],[1.94832,41.44759],[1.94806,41.447],[1.94796,41.44692],[1.94751,41.44675],[1.94626,41.44624],[1.94611,41.44617],[1.9467,41.44528],[1.94752,41.44385],[1.94746,41.44369],[1.94746,41.44362],[1.94782,41.44299],[1.94816,41.44283],[1.94857,41.44267],[1.94913,41.44232],[1.94925,41.44223],[1.9496,41.44167],[1.94962,41.44154],[1.94961,41.4414],[1.94951,41.44112],[1.95016,41.44127],[1.95035,41.44128],[1.95062,41.44126],[1.9519,41.44103],[1.95278,41.44073],[1.95274,41.44058],[1.95278,41.44048],[1.95339,41.43971],[1.95361,41.43955],[1.95463,41.43921],[1.95482,41.43919],[1.95532,41.43926],[1.95692,41.43972],[1.95708,41.43978],[1.95728,41.43988],[1.96089,41.44091],[1.96162,41.44145],[1.96274,41.44213],[1.96378,41.44259],[1.96436,41.4428],[1.96451,41.44283],[1.96621,41.44298],[1.9667,41.44294],[1.96715,41.44283],[1.96759,41.44272],[1.96794,41.44258],[1.96815,41.44253],[1.96853,41.44248],[1.96927,41.4425],[1.97031,41.4426],[1.97064,41.44265],[1.97095,41.44268],[1.9712,41.44269],[1.9724,41.44266],[1.97308,41.44263],[1.97338,41.44256],[1.97359,41.44245],[1.97385,41.44228],[1.97391,41.44205],[1.97432,41.44191],[1.97484,41.44179],[1.97512,41.44178],[1.97583,41.44178],[1.976,41.44179],[1.9765,41.44182],[1.97686,41.44179],[1.97754,41.4416],[1.97808,41.44131],[1.9782,41.44125],[1.97897,41.44103],[1.97927,41.44146],[1.97927,41.44157],[1.97922,41.44172],[1.97882,41.44229],[1.97869,41.44258],[1.97865,41.44271],[1.97868,41.44282],[1.97883,41.44286],[1.97913,41.44284],[1.97944,41.44278],[1.98002,41.44277],[1.98158,41.44284],[1.98225,41.4429],[1.98263,41.44297],[1.98342,41.44313],[1.98392,41.44327],[1.98408,41.44332],[1.98499,41.44354]]]},"properties":{"codi_ine":"08196","nom":"Sant Andreu de la Barca","comarca":"Baix Llobregat"}},
{"type":"Feature","geometry":{"type":"Polygon","coordinates":[[[2.50989,41.55963],[2.50909,41.5602],[2.50733,41.56161],[2.50662,41.56258],[2.50647,41.56321],[2.50633,41.56348],[2.50613,41.56374],[2.50585,41.56401],[2.50527,41.56435],[2.5042,41.56493],[2.50304,41.56543],[2.50217,41.56561],[2.50195,41.56558],[2.50168,41.56563],[2.50128,41.56592],[2.50098,41.5662],[2.50079,41.56648],[2.50072,41.56678],[2.50073,41.56698],[2.50081,41.56721],[2.49956,41.56825],[2.49863,41.56941],[2.49722,41.56991],[2.49706,41.56987],[2.49689,41.56987],[2.49648,41.56988],[2.49627,41.56992],[2.49574,41.57011],[2.49558,41.57019],[2.49552,41.5705],[2.49548,41.57077],[2.49545,41.57113],[2.49534,41.57313],[2.49551,41.57451],[2.4958,41.57637],[2.49568,41.5781],[2.49645,41.58022],[2.49657,41.58137],[2.49645,41.58151],[2.49633,41.58176],[2.49622,41.58201],[2.49603,41.58279],[2.49582,41.58393],[2.49587,41.58463],[2.49542,41.58915],[2.4954,41.58919],[2.49578,41.59048],[2.49627,41.59211],[2.49628,41.59218],[2.49623,41.59228],[2.49613,41.59235],[2.49596,41.59241],[2.49538,41.59317],[2.49474,41.59408],[2.49331,41.59558],[2.49282,41.59615],[2.49442,41.59731],[2.4945,41.59737],[2.49461,41.59756],[2.49425,41.60035],[2.49491,41.60123],[2.49634,41.60413],[2.49536,41.60411],[2.49438,41.60407],[2.49218,41.60383],[2.49163,41.60386],[2.49104,41.60386],[2.49005,41.60379],[2.48991,41.60377],[2.48985,41.60369],[2.48979,41.60344],[2.48971,41.60323],[2.48897,41.60266],[2.48415,41.60233],[2.48394,41.60229],[2.48349,41.60212],[2.48161,41.60116],[2.47969,41.60025],[2.47811,41.59957],[2.47784,41.59952],[2.47741,41.59939],[2.47716,41.5993],[2.47705,41.59908],[2.47673,41.59807],[2.47672,41.59793],[2.47677,41.59744],[2.4771,41.59664],[2.47704,41.5961],[2.477,41.59594],[2.4768,41.59543],[2.4763,41.59464],[2.47486,41.59362],[2.47362,41.59285],[2.47208,41.59171],[2.47106,41.59071],[2.46884,41.58913],[2.46734,41.58825],[2.46679,41.58803],[2.46658,41.58797],[2.46642,41.58796],[2.46614,41.58797],[2.46569,41.5881],[2.46533,41.5881],[2.46474,41.58796],[2.46463,41.58792],[2.46446,41.58781],[2.46429,41.58768],[2.46421,41.58743],[2.46399,41.58702],[2.46058,41.58348],[2.45631,41.58011],[2.45819,41.57899],[2.45997,41.57371],[2.46556,41.57346],[2.47014,41.57293],[2.47061,41.57244],[2.47259,41.57041],[2.47397,41.56923],[2.47647,41.56717],[2.47731,41.56629],[2.47767,41.56579],[2.47879,41.56499],[2.47904,41.56495],[2.47913,41.56489],[2.47921,41.56472],[2.47933,41.56439],[2.47952,41.56385],[2.47962,41.56322],[2.47963,41.56311],[2.48005,41.56229],[2.48281,41.55948],[2.48457,41.55607],[2.48714,41.55108],[2.48745,41.55116],[2.48861,41.55145],[2.48996,41.55181],[2.49079,41.55205],[2.49102,41.55209],[2.4913,41.55211],[2.49138,41.55206],[2.49151,41.55206],[2.49185,41.55209],[2.49283,41.55227],[2.49318,41.55235],[2.49405,41.55263],[2.49494,41.55299],[2.49535,41.55318],[2.4958,41.55342],[2.49596,41.55352],[2.49645,41.5539],[2.49685,41.5542],[2.49714,41.55438],[2.49753,41.5546],[2.49779,41.55473],[2.49787,41.55476],[2.498,41.55473],[2.4983,41.55459],[2.49847,41.55454],[2.4986,41.55459],[2.49858,41.55468],[2.49844,41.55476],[2.49849,41.55494],[2.49861,41.55509],[2.49889,41.55532],[2.49933,41.55555],[2.50003,41.55588],[2.50044,41.55604],[2.50084,41.55616],[2.50109,41.55623],[2.50134,41.55626],[2.5016,41.55626],[2.50179,41.55624],[2.50187,41.55618],[2.50182,41.5561],[2.50185,41.556],[2.50213,41.55597],[2.50222,41.556],[2.50224,41.55609],[2.50217,41.55616],[2.5022,41.55625],[2.50229,41.55638],[2.50293,41.55621],[2.50281,41.55596],[2.50261,41.55602],[2.5025,41.55602],[2.50244,41.55594],[2.50253,41.55585],[2.5034,41.55564],[2.5035,41.55562],[2.50364,41.55564],[2.50528,41.55642],[2.50587,41.55668],[2.50611,41.55679],[2.50625,41.55691],[2.50626,41.55696],[2.50618,41.55706],[2.50601,41.55713],[2.50586,41.55706],[2.50591,41.557],[2.50384,41.55598],[2.50358,41.55601],[2.50254,41.55712],[2.50417,41.55799],[2.50466,41.55747],[2.50484,41.55734],[2.50578,41.55784],[2.50573,41.55788],[2.50488,41.55743],[2.5047,41.55763],[2.50475,41.55779],[2.50544,41.55815],[2.50542,41.55818],[2.50472,41.55781],[2.50447,41.55808],[2.50465,41.55817],[2.50508,41.55844],[2.50495,41.55847],[2.5049,41.55852],[2.5054,41.55878],[2.50576,41.5584],[2.50568,41.55835],[2.5059,41.55811],[2.50809,41.55808],[2.5081,41.55842],[2.50781,41.55843],[2.50781,41.55827],[2.50648,41.55829],[2.50642,41.55845],[2.50643,41.55858],[2.50648,41.55858],[2.5065,41.55932],[2.5066,41.55939],[2.50765,41.55937],[2.50764,41.55872],[2.50773,41.55872],[2.50774,41.55968],[2.50856,41.55966],[2.50872,41.55952],[2.50907,41.55914],[2.50914,41.55905],[2.50919,41.55893],[2.5092,41.55876],[2.5091,41.55849],[2.50895,41.55826],[2.50875,41.55805],[2.50853,41.55787],[2.50829,41.55773],[2.50795,41.55758],[2.50757,41.55746],[2.50703,41.55736],[2.50723,41.55715],[2.5073,41.55694],[2.50695,41.55635],[2.50681,41.55623],[2.5064,41.55599],[2.50589,41.55572],[2.50573,41.55567],[2.50561,41.55566],[2.50557,41.55562],[2.50557,41.5555],[2.50562,41.55543],[2.5057,41.5554],[2.50579,41.55541],[2.50689,41.55596],[2.50715,41.55619],[2.5073,41.55635],[2.50742,41.55663],[2.50768,41.55706],[2.50784,41.55725],[2.50792,41.55729],[2.50838,41.55746],[2.50882,41.55772],[2.50901,41.55789],[2.5092,41.55807],[2.50933,41.55822],[2.5094,41.55834],[2.50955,41.55865],[2.50955,41.55896],[2.50937,41.55928],[2.50944,41.55937],[2.50962,41.5595],[2.50989,41.55963]]]},"properties":{"codi_ine":"08197","nom":"Sant Andreu de Llavaneres","comarca":"Maresme"}},
{"type":"Feature","geometry":{"type":"Polygon","coordinates":[[[2.42366,41.67521],[2.42342,41.6753],[2.42173,41.67554],[2.42077,41.67569],[2.41603,41.67646],[2.41311,41.67689],[2.41199,41.67681],[2.41083,41.67707],[2.40961,41.67715],[2.40814,41.67722],[2.40664,41.67733],[2.40666,41.67746],[2.40559,41.6776],[2.40462,41.67747],[2.39963,41.67786],[2.39317,41.67515],[2.39116,41.67435],[2.37969,41.67027],[2.37859,41.67022],[2.37828,41.67022],[2.3746,41.67013],[2.3731,41.67008],[2.37193,41.67004],[2.36967,41.66994],[2.36795,41.66985],[2.36546,41.66972],[2.36661,41.66409],[2.36752,41.66429],[2.36774,41.66375],[2.36787,41.6634],[2.36823,41.66234],[2.36734,41.66223],[2.36719,41.66222],[2.36708,41.66166],[2.36786,41.65707],[2.36832,41.65496],[2.36841,41.65375],[2.36911,41.65229],[2.36966,41.65108],[2.37051,41.64677],[2.37067,41.6454],[2.37086,41.64489],[2.37193,41.64317],[2.37296,41.64153],[2.37395,41.63996],[2.37437,41.63929],[2.37484,41.63858],[2.37484,41.63838],[2.37767,41.6416],[2.3862,41.64326],[2.38528,41.64401],[2.38686,41.64579],[2.38724,41.64571],[2.38779,41.64558],[2.38804,41.64556],[2.38848,41.64564],[2.38875,41.6457],[2.38875,41.64577],[2.38872,41.64668],[2.38871,41.64676],[2.3886,41.64704],[2.38852,41.64721],[2.38915,41.64836],[2.3881,41.64991],[2.39293,41.65112],[2.39733,41.65054],[2.39864,41.65077],[2.39913,41.65015],[2.39915,41.65011],[2.40012,41.64966],[2.40352,41.64852],[2.40496,41.64761],[2.40562,41.64718],[2.40562,41.64715],[2.40887,41.64504],[2.409,41.64518],[2.40982,41.64508],[2.41054,41.64453],[2.41079,41.64472],[2.41213,41.64573],[2.41246,41.646],[2.41422,41.64736],[2.41489,41.64784],[2.41421,41.64897],[2.41569,41.65183],[2.41745,41.65478],[2.42437,41.65874],[2.4243,41.65966],[2.42425,41.66002],[2.42417,41.66027],[2.42369,41.66125],[2.42309,41.6622],[2.42297,41.66238],[2.42266,41.66277],[2.42201,41.66337],[2.42179,41.66354],[2.42165,41.66358],[2.42518,41.66886],[2.42366,41.67521]]]},"properties":{"codi_ine":"08198","nom":"Sant Antoni de Vilamajor","comarca":"Vallès Oriental"}},
{"type":"Feature","geometry":{"type":"Polygon","coordinates":[[[2.04817,41.36164],[2.04727,41.36162],[2.0446,41.36148],[2.04355,41.36224],[2.0416,41.36207],[2.03881,41.36183],[2.03453,41.36146],[2.03271,41.36131],[2.0322,41.36125],[2.03212,41.36122],[2.03185,41.36107],[2.0317,41.36095],[2.03124,41.36049],[2.03106,41.36029],[2.03093,41.36011],[2.03071,41.35974],[2.03031,41.35917],[2.03023,41.35908],[2.03002,41.35898],[2.02968,41.35886],[2.02927,41.35875],[2.02884,41.35864],[2.02842,41.35851],[2.02775,41.3582],[2.02603,41.35729],[2.02517,41.35692],[2.02493,41.35683],[2.0248,41.35682],[2.02327,41.35688],[2.02287,41.35712],[2.02295,41.35737],[2.02305,41.35787],[2.02318,41.35904],[2.02317,41.35937],[2.0225,41.35931],[2.02108,41.3598],[2.02018,41.36004],[2.01939,41.36022],[2.01774,41.35875],[2.01866,41.35779],[2.01728,41.35519],[2.01721,41.3551],[2.01608,41.35458],[2.01565,41.3547],[2.0148,41.35496],[2.01357,41.35554],[2.01307,41.35581],[2.01292,41.35595],[2.01258,41.35632],[2.01256,41.35636],[2.01194,41.35689],[2.01111,41.35681],[2.00982,41.35671],[2.00895,41.35674],[2.00826,41.35694],[2.00774,41.3571],[2.00765,41.35713],[2.00725,41.35708],[2.00483,41.35667],[2.00319,41.35663],[2.00103,41.35654],[2.00061,41.35644],[1.99961,41.35623],[1.99902,41.35613],[1.99849,41.35625],[1.99889,41.35603],[1.99895,41.3559],[1.99897,41.35571],[1.99886,41.35503],[1.99879,41.35482],[1.99937,41.35256],[1.99948,41.35209],[2.00009,41.35146],[2.0007,41.3509],[2.00168,41.34999],[2.00277,41.34884],[2.00357,41.34811],[2.00413,41.34785],[2.00436,41.34778],[2.00489,41.3475],[2.0051,41.34736],[2.00582,41.34606],[2.00591,41.34501],[2.00549,41.34442],[2.00545,41.34418],[2.00544,41.34383],[2.0055,41.34299],[2.00611,41.34294],[2.00664,41.34281],[2.00684,41.34273],[2.007,41.34265],[2.00718,41.34252],[2.00795,41.34151],[2.00871,41.34039],[2.00898,41.34003],[2.0092,41.3399],[2.00956,41.33971],[2.0098,41.33952],[2.00989,41.33939],[2.01089,41.33774],[2.01172,41.33773],[2.01321,41.33759],[2.01517,41.3374],[2.01556,41.33715],[2.01649,41.33641],[2.01678,41.33617],[2.01703,41.33593],[2.01708,41.33585],[2.01721,41.33551],[2.01726,41.33533],[2.01772,41.33478],[2.01916,41.33375],[2.02009,41.33313],[2.02043,41.33294],[2.02108,41.33262],[2.02126,41.33256],[2.02211,41.33192],[2.02271,41.33085],[2.02283,41.33069],[2.02295,41.33058],[2.02333,41.33048],[2.02419,41.32956],[2.02485,41.32876],[2.02582,41.32812],[2.02797,41.32636],[2.02951,41.3248],[2.02991,41.32425],[2.03013,41.324],[2.03054,41.3236],[2.03175,41.32261],[2.03192,41.32273],[2.0329,41.322],[2.03311,41.32163],[2.03308,41.32141],[2.03436,41.32083],[2.0347,41.32057],[2.03602,41.31949],[2.03626,41.31927],[2.03652,41.31899],[2.03698,41.31847],[2.03736,41.31805],[2.03838,41.317],[2.03862,41.31676],[2.04041,41.315],[2.0412,41.31432],[2.04182,41.3138],[2.04274,41.31305],[2.04311,41.31274],[2.04384,41.31212],[2.04429,41.31174],[2.04436,41.31166],[2.04427,41.31123],[2.04583,41.30931],[2.04661,41.30911],[2.04718,41.30885],[2.04766,41.3082],[2.0469,41.30789],[2.04746,41.30718],[2.04795,41.30657],[2.04935,41.30495],[2.05006,41.30461],[2.05066,41.30436],[2.05122,41.30354],[2.05213,41.30202],[2.05373,41.29936],[2.05399,41.29894],[2.05483,41.29757],[2.05524,41.29688],[2.05591,41.29574],[2.05659,41.2947],[2.05901,41.29151],[2.06341,41.28933],[2.06539,41.28837],[2.06716,41.28749],[2.06786,41.28751],[2.06756,41.2883],[2.06604,41.29039],[2.0617,41.29233],[2.06158,41.29267],[2.06131,41.29335],[2.06084,41.29449],[2.06044,41.29546],[2.05983,41.2969],[2.05943,41.29784],[2.05888,41.2991],[2.05845,41.30001],[2.05818,41.30059],[2.05766,41.30177],[2.05736,41.3025],[2.05783,41.3026],[2.05884,41.30282],[2.05937,41.30293],[2.05983,41.30302],[2.05949,41.30402],[2.05894,41.30519],[2.05875,41.30559],[2.0596,41.30578],[2.06185,41.30625],[2.06261,41.30638],[2.06388,41.30654],[2.06532,41.3067],[2.06697,41.30736],[2.06679,41.30799],[2.06586,41.31103],[2.06575,41.31135],[2.06564,41.31158],[2.06508,41.31259],[2.06482,41.31304],[2.06371,41.31472],[2.06295,41.31562],[2.06329,41.3163],[2.06571,41.31748],[2.0669,41.31803],[2.06736,41.31824],[2.06839,41.3187],[2.06943,41.31912],[2.07001,41.31933],[2.07101,41.31972],[2.07051,41.32062],[2.07043,41.32251],[2.07281,41.32371],[2.07283,41.32373],[2.0722,41.32431],[2.07145,41.32496],[2.07102,41.3253],[2.07,41.32636],[2.06942,41.32702],[2.06911,41.32734],[2.06823,41.32819],[2.06783,41.32854],[2.06739,41.32896],[2.06726,41.32912],[2.06951,41.33051],[2.07027,41.33093],[2.07089,41.33126],[2.0715,41.33156],[2.072,41.33226],[2.07163,41.33368],[2.07104,41.3348],[2.07176,41.33534],[2.07201,41.33508],[2.0736,41.33606],[2.07326,41.33641],[2.0742,41.33725],[2.07498,41.33789],[2.07568,41.33836],[2.07643,41.33878],[2.0775,41.33925],[2.07849,41.33969],[2.07814,41.34019],[2.0775,41.34109],[2.07659,41.34236],[2.07578,41.34224],[2.0756,41.34139],[2.07508,41.34118],[2.07417,41.34079],[2.07303,41.34029],[2.07265,41.34012],[2.0727,41.34002],[2.07323,41.33921],[2.07243,41.33896],[2.07188,41.33891],[2.0701,41.34078],[2.06871,41.3439],[2.06877,41.34465],[2.06746,41.34522],[2.06363,41.34687],[2.0624,41.34729],[2.06115,41.34766],[2.06004,41.34787],[2.05893,41.34805],[2.05797,41.34817],[2.05693,41.34824],[2.05588,41.34825],[2.05447,41.34818],[2.05316,41.34802],[2.05216,41.34788],[2.05137,41.34775],[2.05074,41.34763],[2.05017,41.34751],[2.0486,41.3477],[2.04809,41.34779],[2.04769,41.3479],[2.04728,41.34806],[2.04646,41.34848],[2.04612,41.34872],[2.04577,41.349],[2.04557,41.34918],[2.04545,41.34936],[2.04535,41.34956],[2.04534,41.34984],[2.04566,41.35057],[2.04605,41.35168],[2.04613,41.35226],[2.04609,41.35284],[2.0459,41.35404],[2.04551,41.3541],[2.0454,41.35408],[2.04481,41.35376],[2.03994,41.35002],[2.03909,41.35047],[2.03836,41.3511],[2.03762,41.35187],[2.03718,41.35257],[2.03641,41.35419],[2.0364,41.35605],[2.04295,41.35863],[2.04784,41.35996],[2.04824,41.36093],[2.04828,41.36114],[2.04827,41.36139],[2.04817,41.36164]]]},"properties":{"codi_ine":"08200","nom":"Sant Boi de Llobregat","comarca":"Baix Llobregat"}},
{"type":"Feature","geometry":{"type":"Polygon","coordinates":[[[1.99849,41.35625],[1.99735,41.35626],[1.99658,41.35625],[1.99649,41.35624],[1.99632,41.35618],[1.9962,41.35608],[1.99586,41.35579],[1.99559,41.35553],[1.99506,41.35503],[1.9941,41.35409],[1.99314,41.35303],[1.99321,41.35289],[1.99329,41.35259],[1.99327,41.35244],[1.99314,41.35226],[1.99247,41.35141],[1.99193,41.35083],[1.99146,41.35001],[1.99105,41.34915],[1.99096,41.34808],[1.99013,41.34721],[1.98914,41.34616],[1.98807,41.34518],[1.98776,41.34497],[1.98737,41.34482],[1.98707,41.34473],[1.98689,41.34469],[1.98598,41.34475],[1.98385,41.34451],[1.98156,41.34389],[1.97824,41.34279],[1.97814,41.34275],[1.97798,41.34261],[1.97754,41.34219],[1.97725,41.34188],[1.97675,41.34157],[1.97584,41.34138],[1.97575,41.34137],[1.97536,41.34137],[1.97275,41.34143],[1.97011,41.34063],[1.96886,41.33999],[1.96816,41.33957],[1.96671,41.33842],[1.96483,41.33705],[1.96309,41.33573],[1.96131,41.33429],[1.95996,41.33365],[1.95944,41.3333],[1.95861,41.32965],[1.95861,41.32957],[1.95868,41.3295],[1.95914,41.32924],[1.96066,41.32872],[1.96145,41.32856],[1.96159,41.32849],[1.96182,41.32821],[1.96176,41.32685],[1.9614,41.32687],[1.96121,41.32683],[1.96059,41.32651],[1.96049,41.32645],[1.96,41.32596],[1.95947,41.32531],[1.9594,41.325],[1.95837,41.3244],[1.9569,41.32377],[1.95561,41.32324],[1.95595,41.3222],[1.95605,41.32222],[1.95669,41.32246],[1.957,41.32253],[1.95722,41.32256],[1.95767,41.32259],[1.95796,41.32252],[1.95881,41.32091],[1.9604,41.32154],[1.96119,41.32202],[1.96244,41.32228],[1.96459,41.32254],[1.96525,41.32118],[1.96568,41.32102],[1.96699,41.32066],[1.96733,41.3206],[1.96794,41.32052],[1.96836,41.32049],[1.96846,41.32053],[1.97218,41.31977],[1.97466,41.31954],[1.97581,41.3194],[1.97679,41.31923],[1.97712,41.31912],[1.97884,41.31826],[1.97985,41.31814],[1.98101,41.31796],[1.98132,41.3174],[1.98193,41.31662],[1.98311,41.31579],[1.98403,41.31513],[1.98475,41.31504],[1.98586,41.31449],[1.98647,41.3141],[1.98689,41.31376],[1.98723,41.31364],[1.9875,41.31357],[1.98775,41.31354],[1.98792,41.31354],[1.98807,41.31358],[1.98817,41.31367],[1.98808,41.31375],[1.98824,41.31401],[1.98823,41.31409],[1.98902,41.31592],[1.99023,41.31914],[1.98986,41.3195],[1.98955,41.31991],[1.98929,41.32034],[1.98918,41.32056],[1.98912,41.32077],[1.98912,41.32088],[1.98918,41.32099],[1.98944,41.32113],[1.99024,41.32148],[1.99053,41.32159],[1.99093,41.32174],[1.99166,41.32182],[1.99228,41.32182],[1.99265,41.32187],[1.99312,41.322],[1.99333,41.32207],[1.99363,41.32219],[1.99393,41.32234],[1.99397,41.32238],[1.99468,41.32289],[1.99479,41.32292],[1.99548,41.32301],[1.99607,41.32295],[1.99629,41.32291],[1.99645,41.3229],[1.99676,41.32294],[1.99754,41.32314],[1.99793,41.32328],[1.99893,41.32375],[2.00031,41.32477],[2.00181,41.32577],[2.00294,41.3263],[2.00306,41.32631],[2.00356,41.32638],[2.00378,41.32644],[2.00413,41.3266],[2.00446,41.32677],[2.00592,41.32874],[2.00711,41.32927],[2.00752,41.32939],[2.00867,41.33002],[2.0088,41.33014],[2.00816,41.3306],[2.00779,41.33083],[2.00769,41.33089],[2.00928,41.33389],[2.00929,41.33409],[2.00927,41.33452],[2.0092,41.33502],[2.00912,41.33534],[2.00909,41.33552],[2.00918,41.33599],[2.00925,41.33628],[2.00932,41.3365],[2.00948,41.33681],[2.00967,41.337],[2.00995,41.3372],[2.01058,41.33763],[2.01079,41.33772],[2.01089,41.33774],[2.00989,41.33939],[2.0098,41.33952],[2.00956,41.33971],[2.0092,41.3399],[2.00898,41.34003],[2.00871,41.34039],[2.00795,41.34151],[2.00718,41.34252],[2.007,41.34265],[2.00684,41.34273],[2.00664,41.34281],[2.00611,41.34294],[2.0055,41.34299],[2.00544,41.34383],[2.00545,41.34418],[2.00549,41.34442],[2.00591,41.34501],[2.00582,41.34606],[2.0051,41.34736],[2.00489,41.3475],[2.00436,41.34778],[2.00413,41.34785],[2.00357,41.34811],[2.00277,41.34884],[2.00168,41.34999],[2.0007,41.3509],[2.00009,41.35146],[1.99948,41.35209],[1.99937,41.35256],[1.99879,41.35482],[1.99886,41.35503],[1.99897,41.35571],[1.99895,41.3559],[1.99889,41.35603],[1.99849,41.35625]]]},"properties":{"codi_ine":"08204","nom":"Sant Climent de Llobregat","comarca":"Baix Llobregat"}},
{"type":"Feature","geometry":{"type":"Polygon","coordinates":[[[2.07518,41.5066],[2.07448,41.50712],[2.07397,41.50717],[2.07371,41.50716],[2.07349,41.50712],[2.0732,41.50701],[2.07285,41.50692],[2.07261,41.50689],[2.07232,41.5069],[2.0721,41.50693],[2.07159,41.50717],[2.07115,41.50738],[2.07104,41.50747],[2.07084,41.50767],[2.0708,41.50775],[2.07035,41.50838],[2.06944,41.50882],[2.0689,41.50901],[2.06825,41.50907],[2.06708,41.50923],[2.06696,41.50926],[2.0668,41.50934],[2.06663,41.5095],[2.06654,41.50964],[2.06652,41.50974],[2.06651,41.50992],[2.06657,41.51003],[2.0665,41.51037],[2.06621,41.51086],[2.06581,41.51137],[2.0649,41.51235],[2.06469,41.51263],[2.06459,41.51288],[2.06453,41.51308],[2.0645,41.51334],[2.06453,41.51386],[2.06459,41.51437],[2.06443,41.51731],[2.06433,41.51905],[2.06387,41.51964],[2.06298,41.51946],[2.0622,41.51939],[2.06116,41.51939],[2.06083,41.51931],[2.05987,41.51901],[2.05868,41.51879],[2.05801,41.51869],[2.0578,41.5185],[2.05768,41.51814],[2.05755,41.51776],[2.05748,41.51748],[2.05696,41.51653],[2.05687,41.5164],[2.05665,41.51613],[2.05653,41.51604],[2.0564,41.51601],[2.05546,41.51559],[2.05411,41.51488],[2.054,41.51481],[2.05372,41.51457],[2.05308,41.51398],[2.05279,41.51351],[2.05277,41.51341],[2.05264,41.51326],[2.0519,41.51272],[2.05159,41.51252],[2.05093,41.51218],[2.05445,41.50982],[2.05456,41.50924],[2.05454,41.50914],[2.05442,41.50898],[2.05431,41.50876],[2.05431,41.50845],[2.05433,41.50778],[2.05437,41.50749],[2.0544,41.50735],[2.05466,41.507],[2.05476,41.50686],[2.0555,41.50548],[2.05531,41.5054],[2.05561,41.50272],[2.0548,41.50289],[2.05376,41.50297],[2.05367,41.50279],[2.0535,41.50234],[2.05266,41.50114],[2.05257,41.50096],[2.05233,41.49951],[2.05252,41.49859],[2.05181,41.49762],[2.05084,41.49666],[2.05033,41.49559],[2.04999,41.49418],[2.04987,41.49327],[2.04918,41.49088],[2.04953,41.48955],[2.0495,41.48891],[2.0489,41.48769],[2.04868,41.48686],[2.04807,41.48616],[2.04766,41.48595],[2.04707,41.48581],[2.04633,41.48593],[2.04624,41.48596],[2.04578,41.48605],[2.04556,41.48607],[2.04531,41.48606],[2.04518,41.48603],[2.04496,41.48596],[2.04464,41.48581],[2.0441,41.48549],[2.04353,41.4851],[2.04348,41.48502],[2.04275,41.4838],[2.0422,41.48282],[2.04197,41.48209],[2.04168,41.48138],[2.04115,41.48091],[2.04103,41.48098],[2.04091,41.48102],[2.04046,41.48105],[2.04014,41.48102],[2.04,41.48096],[2.03987,41.48083],[2.03952,41.48009],[2.03845,41.47829],[2.03848,41.4775],[2.03859,41.47729],[2.0387,41.4772],[2.03901,41.47704],[2.03873,41.47632],[2.0376,41.47505],[2.03649,41.47379],[2.03579,41.47285],[2.03581,41.47272],[2.03569,41.47245],[2.03557,41.47226],[2.03528,41.47189],[2.03511,41.47175],[2.03461,41.47147],[2.03371,41.47041],[2.03311,41.46976],[2.03119,41.46849],[2.02942,41.46742],[2.02885,41.46693],[2.0285,41.46678],[2.02807,41.46667],[2.02789,41.46666],[2.02764,41.46669],[2.02721,41.46682],[2.02618,41.46722],[2.02485,41.46785],[2.02424,41.46807],[2.02191,41.46867],[2.02038,41.46901],[2.01916,41.46907],[2.01797,41.46886],[2.01714,41.46848],[2.0165,41.46799],[2.01578,41.46725],[2.01488,41.46616],[2.01463,41.46569],[2.0145,41.4652],[2.01445,41.46451],[2.01456,41.4643],[2.01463,41.46407],[2.01465,41.46381],[2.01461,41.46357],[2.01442,41.46331],[2.01413,41.46313],[2.01384,41.463],[2.01255,41.46246],[2.01088,41.46198],[2.01066,41.46192],[2.00915,41.46163],[2.00795,41.46152],[2.00663,41.46149],[2.00328,41.46168],[2.00298,41.46168],[2.00264,41.46164],[2.00238,41.4616],[2.00152,41.46127],[2.00103,41.46105],[2.0004,41.46068],[1.99973,41.46024],[2.01052,41.45665],[2.01098,41.45755],[2.01111,41.45787],[2.01122,41.45796],[2.01208,41.45827],[2.01233,41.45834],[2.01242,41.45835],[2.0129,41.45832],[2.01354,41.45824],[2.01519,41.45878],[2.01557,41.45898],[2.01596,41.45891],[2.01645,41.45875],[2.0168,41.45845],[2.01847,41.45821],[2.01911,41.45835],[2.01933,41.45838],[2.01982,41.45839],[2.02006,41.45834],[2.02073,41.45801],[2.02086,41.45773],[2.0209,41.45772],[2.0229,41.45756],[2.02339,41.45753],[2.02357,41.45747],[2.02394,41.45696],[2.02409,41.45671],[2.0241,41.45652],[2.02405,41.45604],[2.02396,41.45574],[2.02375,41.45527],[2.02356,41.45498],[2.0235,41.4548],[2.02362,41.45449],[2.02388,41.45408],[2.02438,41.45335],[2.02451,41.45308],[2.02458,41.45209],[2.02459,41.4519],[2.02451,41.45174],[2.0244,41.45159],[2.02406,41.45128],[2.02382,41.45112],[2.02375,41.45093],[2.02372,41.45069],[2.02387,41.45054],[2.02465,41.44994],[2.02571,41.4491],[2.02701,41.44699],[2.02708,41.44683],[2.02716,41.44675],[2.02805,41.44643],[2.0282,41.4464],[2.02891,41.44639],[2.02944,41.4464],[2.02993,41.44635],[2.02999,41.44633],[2.03038,41.44612],[2.03082,41.44587],[2.03114,41.44566],[2.03126,41.44555],[2.03133,41.4454],[2.0314,41.44503],[2.03141,41.44461],[2.03138,41.4444],[2.03131,41.44417],[2.03124,41.44403],[2.03123,41.44396],[2.03129,41.44359],[2.03138,41.44313],[2.03156,41.44267],[2.03166,41.44253],[2.03185,41.44233],[2.03202,41.4422],[2.03295,41.44169],[2.0346,41.44165],[2.0347,41.44166],[2.03491,41.44172],[2.03514,41.44181],[2.03609,41.44206],[2.03695,41.44223],[2.03728,41.44229],[2.03756,41.44219],[2.03803,41.44238],[2.03853,41.44262],[2.03914,41.44296],[2.03996,41.4435],[2.0401,41.44361],[2.04042,41.44389],[2.04105,41.4442],[2.04242,41.4444],[2.04381,41.44445],[2.0455,41.44464],[2.04572,41.44472],[2.04638,41.44486],[2.04657,41.44488],[2.04698,41.44489],[2.04719,41.44486],[2.048,41.44471],[2.0484,41.44462],[2.04983,41.44465],[2.05155,41.44491],[2.05259,41.44499],[2.05375,41.44523],[2.05402,41.44541],[2.05415,41.44548],[2.0543,41.44552],[2.05475,41.44556],[2.05489,41.44554],[2.05596,41.44522],[2.05625,41.44506],[2.05657,41.445],[2.057,41.44495],[2.05762,41.44494],[2.05955,41.44491],[2.06077,41.44499],[2.06192,41.44465],[2.06364,41.44377],[2.06388,41.44345],[2.06396,41.44321],[2.06418,41.44214],[2.06382,41.44178],[2.06274,41.43961],[2.0621,41.43822],[2.06165,41.43761],[2.06132,41.4375],[2.06059,41.43753],[2.05985,41.43765],[2.05968,41.4374],[2.05943,41.4367],[2.05953,41.43635],[2.05954,41.43614],[2.05949,41.43583],[2.05936,41.43539],[2.05932,41.43507],[2.05936,41.43479],[2.0595,41.43448],[2.05983,41.43412],[2.06002,41.43396],[2.06093,41.43368],[2.06212,41.43336],[2.06291,41.43358],[2.06331,41.43261],[2.06346,41.43207],[2.06366,41.43113],[2.06411,41.43046],[2.06458,41.42991],[2.06554,41.4299],[2.06641,41.42981],[2.06781,41.42954],[2.06783,41.42913],[2.06772,41.42874],[2.06711,41.42787],[2.067,41.42774],[2.06682,41.42739],[2.0668,41.42732],[2.06702,41.42636],[2.06704,41.42627],[2.06766,41.42599],[2.06934,41.42527],[2.06967,41.42518],[2.0694,41.42335],[2.06954,41.42305],[2.06996,41.42134],[2.07024,41.42016],[2.07049,41.41881],[2.07054,41.41866],[2.07084,41.41832],[2.07091,41.41828],[2.07112,41.41824],[2.07169,41.41828],[2.07233,41.41827],[2.07334,41.41766],[2.07391,41.41726],[2.07398,41.41702],[2.07421,41.41662],[2.07428,41.41656],[2.07498,41.41625],[2.07754,41.41541],[2.07858,41.41498],[2.07907,41.41494],[2.07912,41.41498],[2.07974,41.41566],[2.07981,41.41625],[2.07875,41.4179],[2.07799,41.41864],[2.07765,41.4186],[2.07695,41.41939],[2.07701,41.42058],[2.07665,41.4212],[2.07628,41.42138],[2.07548,41.42184],[2.07534,41.42198],[2.07544,41.42207],[2.07606,41.42231],[2.0772,41.42242],[2.07805,41.42253],[2.0787,41.42266],[2.07906,41.42275],[2.08007,41.42306],[2.08016,41.42318],[2.08059,41.42406],[2.08023,41.42449],[2.07812,41.42494],[2.07714,41.42505],[2.07663,41.42505],[2.07545,41.42496],[2.07493,41.42491],[2.07454,41.42478],[2.07415,41.42481],[2.07319,41.42494],[2.07301,41.42499],[2.0727,41.42515],[2.07262,41.42562],[2.0732,41.42746],[2.07459,41.42811],[2.07546,41.42836],[2.07662,41.42871],[2.07648,41.4289],[2.0763,41.42902],[2.07527,41.42961],[2.0736,41.43042],[2.07312,41.43067],[2.07148,41.43308],[2.071,41.43419],[2.07094,41.4344],[2.07098,41.43474],[2.07106,41.43505],[2.07118,41.4353],[2.07167,41.43617],[2.07177,41.4363],[2.07181,41.43633],[2.07261,41.43655],[2.07303,41.43661],[2.07334,41.43645],[2.07329,41.43635],[2.0731,41.43616],[2.07252,41.4355],[2.07255,41.43547],[2.07309,41.43523],[2.07319,41.43521],[2.07349,41.43525],[2.07395,41.43535],[2.07433,41.43535],[2.07477,41.4353],[2.07499,41.43486],[2.07512,41.43457],[2.07513,41.43446],[2.07506,41.43393],[2.07558,41.43294],[2.07722,41.43252],[2.07883,41.43197],[2.07964,41.43194],[2.07989,41.43192],[2.07997,41.43189],[2.08013,41.4318],[2.08022,41.43171],[2.08026,41.43156],[2.08027,41.43142],[2.08023,41.43125],[2.08017,41.43114],[2.08013,41.43093],[2.08022,41.43082],[2.08043,41.43073],[2.08069,41.43066],[2.08084,41.43063],[2.08098,41.43063],[2.08117,41.43068],[2.08125,41.43077],[2.08122,41.43096],[2.08112,41.4311],[2.08112,41.43124],[2.08117,41.43132],[2.08144,41.43158],[2.08204,41.43167],[2.08219,41.43166],[2.08232,41.43163],[2.08258,41.43148],[2.08252,41.43133],[2.08409,41.42989],[2.08558,41.42907],[2.08573,41.429],[2.08606,41.42894],[2.08646,41.42888],[2.08811,41.42868],[2.08885,41.42882],[2.09016,41.42887],[2.09101,41.42907],[2.09206,41.42953],[2.09244,41.42993],[2.09334,41.43098],[2.09404,41.43203],[2.09484,41.43276],[2.09607,41.43327],[2.09623,41.43317],[2.09672,41.43274],[2.09721,41.43245],[2.09766,41.43222],[2.09851,41.43193],[2.09894,41.4317],[2.09891,41.43147],[2.09872,41.43089],[2.09915,41.43012],[2.09956,41.43014],[2.0999,41.43011],[2.10097,41.42984],[2.10115,41.42979],[2.10126,41.42972],[2.1017,41.42922],[2.10211,41.42869],[2.10213,41.42867],[2.10322,41.42807],[2.10359,41.42811],[2.10404,41.42836],[2.10436,41.42853],[2.10531,41.42884],[2.10575,41.42878],[2.10668,41.42863],[2.1084,41.42872],[2.10901,41.42875],[2.1092,41.42873],[2.11015,41.42848],[2.11094,41.42829],[2.11116,41.42829],[2.11174,41.42833],[2.11186,41.42835],[2.11202,41.42842],[2.11246,41.42859],[2.11332,41.4285],[2.11448,41.42806],[2.11508,41.42782],[2.11536,41.42759],[2.11542,41.42749],[2.11543,41.42738],[2.11541,41.42719],[2.11541,41.42695],[2.11546,41.42688],[2.11566,41.42678],[2.11681,41.42642],[2.11893,41.42581],[2.11956,41.42574],[2.12127,41.42583],[2.122,41.42653],[2.12308,41.42869],[2.12387,41.42944],[2.12411,41.42961],[2.12653,41.43161],[2.12679,41.43214],[2.12735,41.43284],[2.12815,41.43348],[2.12869,41.43477],[2.12884,41.43525],[2.12884,41.43581],[2.1288,41.43621],[2.12877,41.43629],[2.12922,41.43762],[2.12936,41.43938],[2.12985,41.44054],[2.12951,41.44174],[2.1295,41.44191],[2.1298,41.44235],[2.12994,41.44247],[2.12997,41.44265],[2.12994,41.44303],[2.12923,41.44346],[2.12797,41.44428],[2.12712,41.44477],[2.12564,41.44541],[2.12472,41.44652],[2.12179,41.44855],[2.12152,41.4486],[2.12122,41.4487],[2.1209,41.44886],[2.12082,41.44892],[2.12074,41.44901],[2.12008,41.44994],[2.12,41.45007],[2.11996,41.45021],[2.11994,41.4504],[2.11992,41.45068],[2.11998,41.45118],[2.11999,41.45148],[2.11998,41.45165],[2.11994,41.45182],[2.11974,41.45246],[2.11961,41.45271],[2.11961,41.45413],[2.11977,41.4545],[2.11993,41.45506],[2.11995,41.45518],[2.11995,41.45536],[2.11993,41.45559],[2.11988,41.45574],[2.11978,41.45582],[2.1196,41.4559],[2.11895,41.4561],[2.11839,41.4563],[2.1183,41.45634],[2.11826,41.45643],[2.11803,41.45802],[2.11769,41.45862],[2.11705,41.45917],[2.11633,41.45987],[2.11591,41.4609],[2.11621,41.46177],[2.11636,41.4622],[2.11631,41.46314],[2.11634,41.4633],[2.1164,41.46342],[2.11672,41.46388],[2.11714,41.4642],[2.11727,41.46429],[2.11732,41.46437],[2.1175,41.465],[2.11754,41.46525],[2.11762,41.46608],[2.11742,41.46616],[2.1139,41.46579],[2.11238,41.46599],[2.11212,41.46614],[2.11182,41.46629],[2.11085,41.46675],[2.11061,41.46682],[2.10991,41.46692],[2.1095,41.46698],[2.10878,41.46714],[2.10866,41.46717],[2.10803,41.46741],[2.10792,41.46746],[2.10659,41.46809],[2.10633,41.46824],[2.10621,41.46836],[2.10616,41.46848],[2.10611,41.46869],[2.10607,41.46911],[2.10607,41.46938],[2.10524,41.47054],[2.10491,41.47102],[2.10455,41.4716],[2.10468,41.47216],[2.10466,41.4726],[2.10434,41.4728],[2.10363,41.47308],[2.10311,41.47322],[2.10275,41.4733],[2.10166,41.47407],[2.10031,41.47539],[2.09505,41.48037],[2.09136,41.48263],[2.09021,41.48362],[2.08205,41.48892],[2.07887,41.49499],[2.07422,41.49728],[2.07437,41.49748],[2.07449,41.49758],[2.07476,41.49851],[2.07499,41.49956],[2.0751,41.50065],[2.07519,41.50203],[2.07516,41.50334],[2.07508,41.50357],[2.07499,41.50386],[2.07499,41.50397],[2.07506,41.5047],[2.07525,41.50525],[2.07525,41.50623],[2.07518,41.5066]]]},"properties":{"codi_ine":"08205","nom":"Sant Cugat del Vallès","comarca":"Vallès Occidental"}},
{"type":"Feature","geometry":{"type":"Polygon","coordinates":[[[1.76341,41.33935],[1.76347,41.33975],[1.76357,41.34],[1.7637,41.34018],[1.76383,41.34033],[1.76395,41.34043],[1.76432,41.34068],[1.76458,41.34081],[1.76494,41.34091],[1.76582,41.34106],[1.76631,41.34117],[1.76669,41.34125],[1.76687,41.34131],[1.76718,41.34145],[1.7689,41.34226],[1.76959,41.34262],[1.77128,41.34335],[1.77157,41.34351],[1.77177,41.34366],[1.77189,41.34383],[1.77219,41.34429],[1.76927,41.34679],[1.76829,41.34843],[1.76818,41.3487],[1.76811,41.34893],[1.76809,41.34906],[1.76798,41.3494],[1.76734,41.35009],[1.76729,41.35012],[1.76609,41.35034],[1.76455,41.35061],[1.76354,41.35074],[1.76346,41.35069],[1.76335,41.3507],[1.76294,41.35083],[1.76189,41.35123],[1.76335,41.35427],[1.76287,41.35458],[1.76278,41.35461],[1.7624,41.35463],[1.76221,41.35461],[1.76014,41.35535],[1.7599,41.35565],[1.76056,41.35629],[1.76171,41.35667],[1.76297,41.35715],[1.76304,41.35722],[1.76342,41.35749],[1.76359,41.35758],[1.76378,41.35765],[1.76407,41.35769],[1.76422,41.35769],[1.76554,41.35754],[1.76631,41.35728],[1.76692,41.35716],[1.76759,41.35705],[1.76763,41.35705],[1.76768,41.35735],[1.76771,41.35769],[1.76771,41.3578],[1.76851,41.35845],[1.7693,41.35908],[1.76924,41.3592],[1.76871,41.36025],[1.76822,41.36047],[1.76752,41.36096],[1.767,41.36159],[1.76706,41.36225],[1.76708,41.3625],[1.76719,41.36306],[1.7672,41.36394],[1.76631,41.36433],[1.76516,41.36496],[1.76489,41.36514],[1.76477,41.36525],[1.76451,41.36553],[1.76441,41.3656],[1.7642,41.3657],[1.76388,41.36581],[1.76333,41.36598],[1.76157,41.36649],[1.76122,41.36658],[1.76094,41.36663],[1.76048,41.36669],[1.7601,41.36674],[1.75869,41.36696],[1.75699,41.36724],[1.75399,41.36822],[1.75385,41.36827],[1.7515,41.36926],[1.75074,41.36955],[1.75039,41.36967],[1.74965,41.3699],[1.74897,41.37008],[1.74561,41.37075],[1.74525,41.37082],[1.74465,41.37093],[1.74408,41.37102],[1.74382,41.37107],[1.74332,41.37121],[1.74198,41.36943],[1.74146,41.36859],[1.74143,41.36848],[1.7407,41.36783],[1.74057,41.36778],[1.74034,41.36777],[1.73883,41.36783],[1.73852,41.36778],[1.73824,41.3677],[1.738,41.36745],[1.73747,41.36688],[1.73685,41.36614],[1.73664,41.36589],[1.73653,41.36573],[1.73622,41.36545],[1.73602,41.36528],[1.73528,41.36471],[1.73487,41.36445],[1.73446,41.36422],[1.73375,41.36386],[1.73368,41.36383],[1.73394,41.36361],[1.7343,41.36328],[1.73449,41.36299],[1.73409,41.36226],[1.73371,41.36167],[1.7331,41.36074],[1.73248,41.3602],[1.73245,41.36022],[1.73377,41.35733],[1.73391,41.35732],[1.73415,41.35733],[1.73493,41.35741],[1.73558,41.35752],[1.73728,41.35787],[1.73852,41.35823],[1.73873,41.35831],[1.73899,41.35838],[1.73935,41.35847],[1.74139,41.3572],[1.74152,41.35732],[1.7428,41.35625],[1.74253,41.35613],[1.74198,41.35473],[1.74202,41.35463],[1.74246,41.35425],[1.74253,41.35423],[1.74361,41.35405],[1.74394,41.35397],[1.74435,41.35381],[1.74485,41.35356],[1.74503,41.35345],[1.74571,41.35292],[1.74772,41.35216],[1.74883,41.35141],[1.74885,41.34996],[1.74814,41.34919],[1.74791,41.34909],[1.7476,41.34886],[1.74753,41.34877],[1.74751,41.34858],[1.74757,41.3484],[1.74783,41.34801],[1.74815,41.34762],[1.74828,41.34755],[1.74838,41.34747],[1.74874,41.34713],[1.74904,41.3468],[1.74936,41.34635],[1.74941,41.34627],[1.74977,41.34545],[1.74975,41.3453],[1.74957,41.34506],[1.74936,41.345],[1.74891,41.3446],[1.74862,41.34392],[1.74862,41.34384],[1.7487,41.34368],[1.74885,41.34352],[1.74908,41.34333],[1.74915,41.34331],[1.74976,41.3427],[1.74967,41.34215],[1.75001,41.34157],[1.75063,41.34149],[1.75295,41.34014],[1.75587,41.33953],[1.75642,41.33982],[1.75715,41.34018],[1.7578,41.34033],[1.75919,41.34001],[1.76341,41.33935]]]},"properties":{"codi_ine":"08206","nom":"Sant Cugat Sesgarrigues","comarca":"Alt Penedès"}},
{"type":"Feature","geometry":{"type":"Polygon","coordinates":[[[1.90565,41.50194],[1.90513,41.50245],[1.90497,41.50253],[1.90483,41.50257],[1.90432,41.50257],[1.90388,41.50264],[1.90354,41.50274],[1.90348,41.50304],[1.9034,41.50375],[1.9029,41.50432],[1.90272,41.50441],[1.90248,41.50446],[1.90226,41.50444],[1.90075,41.50449],[1.89921,41.50486],[1.89747,41.50531],[1.89555,41.50609],[1.89461,41.50636],[1.89453,41.50637],[1.8933,41.50645],[1.89235,41.50641],[1.89092,41.50702],[1.8898,41.50724],[1.88898,41.50719],[1.88861,41.50724],[1.88735,41.50764],[1.8871,41.50773],[1.88673,41.50794],[1.88658,41.50805],[1.88645,41.5081],[1.8863,41.50811],[1.88568,41.50802],[1.88491,41.50782],[1.88434,41.50765],[1.88374,41.50744],[1.883,41.50732],[1.88281,41.50732],[1.8826,41.5074],[1.88239,41.50754],[1.88213,41.50781],[1.88194,41.5079],[1.88111,41.50796],[1.87919,41.50805],[1.87767,41.50791],[1.87541,41.50766],[1.87397,41.50722],[1.87328,41.50705],[1.87255,41.50719],[1.87131,41.50749],[1.87028,41.50754],[1.86906,41.50741],[1.86874,41.50737],[1.86826,41.50728],[1.86386,41.50607],[1.86195,41.50639],[1.86182,41.50639],[1.86161,41.50641],[1.86077,41.50668],[1.86032,41.50685],[1.86015,41.50693],[1.86008,41.50698],[1.85996,41.50731],[1.85957,41.50778],[1.85946,41.50791],[1.85938,41.50796],[1.85923,41.508],[1.85754,41.5083],[1.85584,41.50858],[1.8555,41.50852],[1.85529,41.50853],[1.85495,41.50858],[1.85496,41.50867],[1.85465,41.50843],[1.85448,41.50827],[1.85433,41.50805],[1.8543,41.50784],[1.85434,41.5077],[1.85372,41.5069],[1.85157,41.50647],[1.85043,41.50688],[1.84942,41.50703],[1.84824,41.50709],[1.84747,41.50709],[1.84644,41.50699],[1.84577,41.50688],[1.84522,41.50664],[1.84468,41.50656],[1.84393,41.50675],[1.84402,41.50684],[1.84338,41.50689],[1.84264,41.50641],[1.8413,41.50506],[1.8412,41.50494],[1.84103,41.50468],[1.841,41.50456],[1.84098,41.50441],[1.84101,41.50411],[1.84109,41.50396],[1.84123,41.50363],[1.84094,41.50292],[1.84053,41.50209],[1.84037,41.50183],[1.8401,41.50147],[1.83978,41.50119],[1.83949,41.50099],[1.83907,41.50072],[1.83895,41.50063],[1.83877,41.50044],[1.83861,41.50024],[1.83854,41.5001],[1.83853,41.49993],[1.83856,41.49962],[1.83888,41.49895],[1.84003,41.498],[1.84049,41.49765],[1.84158,41.49699],[1.8417,41.49691],[1.8419,41.49672],[1.84203,41.49656],[1.84226,41.49623],[1.84236,41.49603],[1.84241,41.49581],[1.8428,41.4939],[1.84303,41.49316],[1.84328,41.49299],[1.84368,41.49268],[1.84387,41.49252],[1.844,41.49199],[1.84442,41.49132],[1.84556,41.49071],[1.84734,41.48972],[1.84773,41.48943],[1.84874,41.48866],[1.84935,41.4882],[1.84966,41.48798],[1.84986,41.48787],[1.85021,41.4877],[1.85079,41.48749],[1.85139,41.48728],[1.85183,41.48711],[1.85209,41.48698],[1.85236,41.48676],[1.85283,41.48631],[1.85318,41.48596],[1.85354,41.48563],[1.85376,41.48544],[1.85398,41.4853],[1.85417,41.4852],[1.85481,41.48493],[1.85657,41.48397],[1.85746,41.48346],[1.85788,41.48324],[1.85813,41.48314],[1.85839,41.48308],[1.85886,41.48302],[1.85958,41.48296],[1.86025,41.48289],[1.86051,41.48282],[1.86063,41.48277],[1.86117,41.48247],[1.86282,41.48152],[1.86302,41.4814],[1.86323,41.48115],[1.86427,41.48043],[1.86588,41.47967],[1.86768,41.47886],[1.869,41.47839],[1.86918,41.47839],[1.8695,41.47834],[1.86995,41.47819],[1.87017,41.47808],[1.87111,41.47746],[1.87145,41.47713],[1.87186,41.47584],[1.87209,41.47442],[1.87228,41.4739],[1.87292,41.47331],[1.87339,41.47271],[1.87344,41.47263],[1.87343,41.47251],[1.873,41.47128],[1.87269,41.47065],[1.87252,41.47014],[1.87238,41.46845],[1.87248,41.4671],[1.87207,41.46637],[1.87193,41.4658],[1.87193,41.46567],[1.87198,41.46527],[1.87204,41.46518],[1.87226,41.4651],[1.87287,41.46393],[1.87312,41.46219],[1.8725,41.46094],[1.87265,41.46049],[1.87277,41.4602],[1.87407,41.45845],[1.87457,41.45798],[1.87466,41.45793],[1.87477,41.45792],[1.87489,41.45797],[1.87544,41.45694],[1.87621,41.45579],[1.87798,41.45484],[1.88013,41.45498],[1.88074,41.45502],[1.88173,41.4552],[1.88188,41.45525],[1.88195,41.45534],[1.8825,41.45621],[1.88294,41.45723],[1.88304,41.4576],[1.88321,41.458],[1.88343,41.45842],[1.88365,41.45872],[1.88392,41.45899],[1.88408,41.45909],[1.88424,41.45917],[1.88452,41.45927],[1.88479,41.4593],[1.88559,41.45938],[1.88591,41.45947],[1.88628,41.45962],[1.88656,41.45978],[1.88726,41.46024],[1.8875,41.46034],[1.88902,41.461],[1.89051,41.46162],[1.89142,41.46192],[1.89226,41.46224],[1.89258,41.46237],[1.89315,41.46268],[1.89428,41.46295],[1.89498,41.46291],[1.89567,41.46293],[1.89639,41.46296],[1.89793,41.46323],[1.89932,41.46376],[1.89964,41.46389],[1.90089,41.46437],[1.90162,41.46456],[1.90199,41.46463],[1.90322,41.46481],[1.90579,41.46518],[1.90644,41.46521],[1.90674,41.46519],[1.90794,41.46537],[1.90826,41.46543],[1.90881,41.46554],[1.90941,41.46568],[1.90969,41.46576],[1.90989,41.46592],[1.91076,41.46703],[1.91127,41.46769],[1.91163,41.46816],[1.91078,41.46866],[1.91042,41.46886],[1.91028,41.46885],[1.90922,41.46899],[1.9077,41.46922],[1.90701,41.46952],[1.90656,41.46983],[1.9061,41.47018],[1.90572,41.47051],[1.90548,41.4709],[1.90535,41.47124],[1.90552,41.47172],[1.90571,41.47256],[1.90566,41.47325],[1.90582,41.4741],[1.9061,41.47487],[1.90608,41.47506],[1.90593,41.47518],[1.90564,41.47532],[1.90455,41.47535],[1.90267,41.47539],[1.90239,41.4754],[1.90222,41.47542],[1.90197,41.4755],[1.90117,41.47592],[1.90073,41.47617],[1.90034,41.47641],[1.89807,41.47762],[1.89784,41.47772],[1.8976,41.47781],[1.89703,41.47796],[1.89717,41.47864],[1.89761,41.47852],[1.89812,41.47841],[1.8985,41.48197],[1.89897,41.48227],[1.89936,41.48266],[1.89971,41.48514],[1.8994,41.48609],[1.89934,41.48616],[1.8992,41.48617],[1.89839,41.48577],[1.8981,41.48563],[1.8977,41.48549],[1.8973,41.48541],[1.89716,41.4854],[1.896,41.4857],[1.89587,41.48574],[1.89554,41.48589],[1.89517,41.4861],[1.8951,41.48616],[1.89453,41.48695],[1.89382,41.48775],[1.89326,41.48834],[1.89258,41.48975],[1.89502,41.49133],[1.89477,41.49159],[1.89414,41.49221],[1.89351,41.49299],[1.89354,41.49301],[1.89514,41.49354],[1.89575,41.49373],[1.89708,41.49352],[1.89822,41.49331],[1.89826,41.49338],[1.89832,41.49364],[1.89843,41.49606],[1.89451,41.49848],[1.89291,41.49967],[1.8899,41.501],[1.89077,41.50145],[1.89146,41.50188],[1.89156,41.50199],[1.89167,41.50218],[1.89162,41.50224],[1.89162,41.50245],[1.89183,41.50282],[1.89188,41.5029],[1.89206,41.503],[1.89221,41.50301],[1.89451,41.50319],[1.89486,41.5032],[1.89634,41.50322],[1.89677,41.50321],[1.89924,41.50279],[1.89967,41.50269],[1.90011,41.5025],[1.90078,41.50206],[1.90189,41.50124],[1.90253,41.50083],[1.90269,41.50073],[1.90339,41.50053],[1.90361,41.50051],[1.90372,41.50055],[1.90508,41.50128],[1.90537,41.50151],[1.90565,41.50194]]]},"properties":{"codi_ine":"08208","nom":"Sant Esteve Sesrovires","comarca":"Baix Llobregat"}},
{"type":"Feature","geometry":{"type":"Polygon","coordinates":[[[2.24262,41.52081],[2.24223,41.52077],[2.24182,41.52076],[2.24154,41.52077],[2.24101,41.52084],[2.24043,41.52093],[2.24016,41.52103],[2.23989,41.52151],[2.2398,41.5217],[2.23836,41.52223],[2.23788,41.52222],[2.2373,41.52263],[2.23701,41.52298],[2.23684,41.5232],[2.23648,41.52393],[2.23638,41.5242],[2.23635,41.52433],[2.23626,41.52444],[2.23589,41.52467],[2.23524,41.52499],[2.23447,41.52506],[2.23414,41.52508],[2.23399,41.52473],[2.23392,41.52464],[2.23381,41.52459],[2.23348,41.52449],[2.23335,41.52448],[2.23314,41.5245],[2.23183,41.52479],[2.23006,41.52528],[2.22884,41.52571],[2.22803,41.52608],[2.22707,41.52684],[2.22499,41.52829],[2.22273,41.52986],[2.22199,41.53101],[2.22189,41.53115],[2.2218,41.53124],[2.22162,41.53135],[2.22077,41.5312],[2.22048,41.53076],[2.22013,41.5302],[2.22001,41.52999],[2.21955,41.52902],[2.21933,41.52858],[2.21896,41.52791],[2.21861,41.52734],[2.21786,41.52632],[2.21717,41.52545],[2.21678,41.52499],[2.21619,41.52427],[2.21595,41.52395],[2.21537,41.52311],[2.21502,41.52257],[2.21472,41.52188],[2.2132,41.51814],[2.21266,41.51675],[2.21184,41.51471],[2.21171,41.51448],[2.21141,41.51402],[2.21013,41.51212],[2.20954,41.51079],[2.20946,41.51042],[2.20937,41.51013],[2.20902,41.50943],[2.20878,41.50909],[2.20837,41.50862],[2.20784,41.50812],[2.20723,41.50767],[2.20683,41.50719],[2.20657,41.50683],[2.20632,41.50647],[2.20588,41.50591],[2.2055,41.50552],[2.20488,41.50491],[2.20436,41.50442],[2.20381,41.5039],[2.20472,41.50329],[2.20513,41.50303],[2.20527,41.50296],[2.20561,41.50283],[2.2063,41.50252],[2.20669,41.50233],[2.20766,41.50175],[2.20796,41.50113],[2.21096,41.49925],[2.21505,41.49781],[2.21923,41.49684],[2.2211,41.49667],[2.22339,41.49615],[2.22361,41.49494],[2.22427,41.49403],[2.22469,41.49252],[2.22495,41.49244],[2.227,41.49196],[2.22724,41.49191],[2.22751,41.49189],[2.22797,41.49187],[2.22816,41.49187],[2.22845,41.4919],[2.22907,41.49207],[2.22934,41.49216],[2.22964,41.49234],[2.22987,41.49247],[2.23025,41.49264],[2.23086,41.49291],[2.23106,41.49298],[2.23128,41.49295],[2.23137,41.49291],[2.23156,41.49276],[2.23178,41.49262],[2.23211,41.49246],[2.23362,41.49205],[2.23408,41.49196],[2.23439,41.49195],[2.23469,41.49196],[2.23503,41.49195],[2.23542,41.49192],[2.2357,41.49187],[2.23592,41.49179],[2.23613,41.49168],[2.23633,41.49152],[2.23657,41.49134],[2.23675,41.49127],[2.23693,41.49124],[2.23719,41.49125],[2.23872,41.49137],[2.23905,41.49144],[2.2392,41.49151],[2.23935,41.49159],[2.24073,41.49141],[2.24083,41.4913],[2.24118,41.49109],[2.24151,41.49089],[2.24169,41.49081],[2.2423,41.49054],[2.24244,41.49049],[2.24266,41.49043],[2.24286,41.49041],[2.24305,41.49042],[2.24327,41.49045],[2.24404,41.49051],[2.24517,41.49047],[2.24534,41.49046],[2.24574,41.49037],[2.24588,41.4903],[2.24596,41.4902],[2.24617,41.4899],[2.24619,41.48982],[2.24617,41.48927],[2.24619,41.48885],[2.24622,41.48869],[2.24639,41.48855],[2.2468,41.48854],[2.24705,41.48859],[2.24721,41.48873],[2.24769,41.48907],[2.24853,41.48954],[2.24975,41.49012],[2.25035,41.49043],[2.25051,41.49055],[2.25061,41.49074],[2.25061,41.49083],[2.2507,41.49099],[2.25114,41.49131],[2.2523,41.49196],[2.25264,41.49212],[2.25301,41.49222],[2.25354,41.49214],[2.25394,41.49195],[2.25413,41.49207],[2.25432,41.49223],[2.25471,41.4926],[2.25503,41.49293],[2.25515,41.49306],[2.25535,41.49336],[2.25551,41.49597],[2.25569,41.49602],[2.25708,41.49623],[2.25746,41.49628],[2.25813,41.49656],[2.25908,41.49714],[2.25922,41.49726],[2.2593,41.49736],[2.25937,41.49752],[2.2594,41.49773],[2.25942,41.49815],[2.25944,41.49823],[2.25967,41.49857],[2.25987,41.49884],[2.26025,41.49931],[2.26057,41.4996],[2.26072,41.49964],[2.26119,41.49989],[2.26147,41.50006],[2.26182,41.50033],[2.26255,41.50104],[2.26299,41.5016],[2.26309,41.50181],[2.26309,41.50192],[2.26222,41.50234],[2.26303,41.5035],[2.26328,41.50397],[2.26305,41.50429],[2.26257,41.50525],[2.26211,41.50635],[2.26183,41.50729],[2.26173,41.50741],[2.26162,41.5075],[2.26143,41.50757],[2.26125,41.50761],[2.26112,41.50762],[2.26037,41.50759],[2.25981,41.50761],[2.25941,41.50764],[2.2592,41.5077],[2.25831,41.50798],[2.25792,41.50814],[2.25741,41.50842],[2.25716,41.50869],[2.25703,41.50887],[2.25681,41.50958],[2.25681,41.50966],[2.256,41.51078],[2.25523,41.51176],[2.25411,41.51295],[2.25376,41.51309],[2.25328,41.51347],[2.25323,41.51358],[2.25321,41.51437],[2.25321,41.5145],[2.25338,41.5151],[2.25352,41.51574],[2.25348,41.51579],[2.25326,41.51584],[2.25313,41.51583],[2.25197,41.51565],[2.25172,41.51564],[2.25101,41.51727],[2.24909,41.51853],[2.24887,41.51869],[2.2487,41.51877],[2.24861,41.51878],[2.24841,41.51877],[2.24748,41.51862],[2.24673,41.51847],[2.24658,41.51833],[2.24641,41.51826],[2.24582,41.51818],[2.24516,41.51815],[2.24475,41.51871],[2.24456,41.519],[2.24412,41.51952],[2.24304,41.52046],[2.24262,41.52081]]]},"properties":{"codi_ine":"08209","nom":"Sant Fost de Campsentelles","comarca":"Vallès Oriental"}},
{"type":"Feature","geometry":{"type":"Polygon","coordinates":[[[2.1876,41.71507],[2.18754,41.71503],[2.18729,41.71504],[2.1871,41.7151],[2.18658,41.71538],[2.1865,41.71543],[2.18634,41.71558],[2.18626,41.71577],[2.18625,41.71599],[2.18628,41.71623],[2.18634,41.71652],[2.18641,41.71671],[2.18649,41.71685],[2.18663,41.717],[2.18677,41.71724],[2.1868,41.71735],[2.18679,41.71747],[2.1867,41.71789],[2.18663,41.71807],[2.1865,41.7182],[2.18635,41.71825],[2.18612,41.71825],[2.18592,41.71819],[2.18543,41.71788],[2.18511,41.71764],[2.18452,41.71715],[2.18384,41.71654],[2.18335,41.71635],[2.18245,41.71606],[2.18225,41.71602],[2.18207,41.716],[2.18191,41.716],[2.18154,41.71604],[2.18135,41.71609],[2.18077,41.71631],[2.18033,41.71649],[2.17946,41.71679],[2.17928,41.71682],[2.1791,41.71676],[2.17901,41.71667],[2.17889,41.71648],[2.17769,41.71499],[2.17622,41.71341],[2.17584,41.71315],[2.17539,41.71295],[2.17457,41.71313],[2.17406,41.71341],[2.1726,41.71359],[2.17214,41.71357],[2.17201,41.71354],[2.17186,41.71349],[2.17161,41.71335],[2.17145,41.71318],[2.17121,41.71273],[2.17108,41.71255],[2.17096,41.71241],[2.17065,41.71215],[2.17044,41.71199],[2.1703,41.71194],[2.17011,41.71191],[2.16987,41.71192],[2.16746,41.71258],[2.16592,41.71328],[2.16589,41.7134],[2.16583,41.71348],[2.16493,41.71408],[2.16361,41.71494],[2.1636,41.715],[2.16368,41.71516],[2.16388,41.71545],[2.15665,41.71635],[2.15459,41.71634],[2.14475,41.71378],[2.14342,41.71331],[2.14232,41.7133],[2.14217,41.71334],[2.14175,41.71353],[2.14007,41.71409],[2.13868,41.71441],[2.13806,41.71449],[2.13721,41.71453],[2.13633,41.71468],[2.1361,41.71515],[2.13606,41.7152],[2.13587,41.7153],[2.13548,41.71539],[2.13458,41.7155],[2.13358,41.71557],[2.13305,41.71559],[2.13334,41.71219],[2.13388,41.70723],[2.13393,41.70572],[2.13412,41.70488],[2.13463,41.70477],[2.1349,41.70465],[2.13507,41.70455],[2.13514,41.70447],[2.13534,41.70422],[2.13546,41.70276],[2.13554,41.70226],[2.13524,41.70136],[2.13498,41.70059],[2.13486,41.70047],[2.13479,41.70036],[2.1348,41.70027],[2.13489,41.70009],[2.13505,41.69994],[2.13529,41.69975],[2.13555,41.69956],[2.13582,41.69941],[2.13633,41.69919],[2.13661,41.69911],[2.1369,41.69913],[2.13711,41.69911],[2.13728,41.69906],[2.13742,41.69897],[2.13753,41.69884],[2.13787,41.69842],[2.1379,41.69833],[2.13792,41.69806],[2.13776,41.69735],[2.1375,41.69663],[2.13741,41.6965],[2.13741,41.69639],[2.13745,41.6963],[2.13788,41.69562],[2.13824,41.69511],[2.13846,41.69488],[2.13894,41.69455],[2.13907,41.69442],[2.13919,41.69424],[2.13928,41.69407],[2.13976,41.69277],[2.13961,41.69233],[2.13875,41.69052],[2.13843,41.68983],[2.14751,41.68253],[2.15241,41.67741],[2.15242,41.6774],[2.15454,41.67786],[2.15592,41.67823],[2.15828,41.67854],[2.15912,41.67863],[2.15919,41.67863],[2.15944,41.6785],[2.15967,41.67833],[2.15985,41.67815],[2.1609,41.67745],[2.16223,41.67678],[2.16259,41.67673],[2.16293,41.67675],[2.16486,41.67752],[2.16744,41.6782],[2.16898,41.67937],[2.16977,41.6803],[2.17072,41.68146],[2.17102,41.68182],[2.17155,41.68258],[2.17164,41.68275],[2.17183,41.68314],[2.17198,41.68366],[2.17199,41.68375],[2.1719,41.68389],[2.17208,41.68409],[2.17287,41.68434],[2.17319,41.6844],[2.17503,41.68456],[2.17604,41.6845],[2.17623,41.68447],[2.17644,41.68445],[2.17747,41.68441],[2.17811,41.68463],[2.17904,41.68498],[2.17959,41.68534],[2.18125,41.68634],[2.18251,41.68675],[2.18487,41.68831],[2.18567,41.68901],[2.18636,41.69006],[2.18706,41.69049],[2.18715,41.69052],[2.18741,41.69068],[2.18785,41.69095],[2.18805,41.6911],[2.18826,41.69129],[2.18855,41.69157],[2.18886,41.69191],[2.1866,41.69671],[2.18582,41.69768],[2.18548,41.6985],[2.18548,41.69878],[2.18557,41.69941],[2.18562,41.69953],[2.1858,41.69969],[2.18602,41.70002],[2.18616,41.70027],[2.18615,41.70036],[2.18598,41.70052],[2.18567,41.70068],[2.18541,41.70077],[2.18526,41.70077],[2.1851,41.70082],[2.18485,41.70093],[2.18479,41.70099],[2.18447,41.70151],[2.18442,41.70248],[2.18464,41.70305],[2.18474,41.70381],[2.18473,41.70431],[2.18484,41.70494],[2.1852,41.70558],[2.18526,41.70614],[2.18528,41.70657],[2.18524,41.70706],[2.18525,41.70726],[2.1854,41.70784],[2.18572,41.7081],[2.18582,41.70831],[2.18594,41.70923],[2.18597,41.70968],[2.18606,41.71032],[2.18624,41.71108],[2.18674,41.71249],[2.18702,41.71294],[2.18717,41.71319],[2.18765,41.71375],[2.18793,41.71405],[2.18798,41.71417],[2.18792,41.71438],[2.1876,41.71507]]]},"properties":{"codi_ine":"08210","nom":"Sant Feliu de Codines","comarca":"Vallès Oriental"}},
{"type":"Feature","geometry":{"type":"Polygon","coordinates":[[[2.07858,41.41498],[2.07754,41.41541],[2.07498,41.41625],[2.07428,41.41656],[2.07421,41.41662],[2.07398,41.41702],[2.07391,41.41726],[2.07334,41.41766],[2.07233,41.41827],[2.07169,41.41828],[2.07112,41.41824],[2.07091,41.41828],[2.07084,41.41832],[2.07054,41.41866],[2.07049,41.41881],[2.07003,41.41869],[2.06788,41.41839],[2.06605,41.41814],[2.06562,41.41814],[2.065,41.41812],[2.06473,41.41804],[2.06449,41.41795],[2.06431,41.41784],[2.06499,41.41663],[2.0649,41.41609],[2.06421,41.41439],[2.06416,41.4143],[2.06353,41.41356],[2.06263,41.4136],[2.06148,41.41294],[2.06078,41.41273],[2.06019,41.41268],[2.0592,41.41278],[2.05852,41.41274],[2.05887,41.41246],[2.05907,41.41226],[2.059,41.41099],[2.05877,41.41065],[2.05744,41.41033],[2.05685,41.41033],[2.05513,41.4121],[2.05485,41.41341],[2.05464,41.41395],[2.05456,41.41409],[2.05394,41.41441],[2.05357,41.41458],[2.05263,41.41473],[2.05227,41.41478],[2.05187,41.4148],[2.05158,41.41475],[2.05148,41.41471],[2.05044,41.41415],[2.0496,41.4137],[2.04901,41.41403],[2.04895,41.41403],[2.04856,41.41386],[2.04821,41.41356],[2.04803,41.41327],[2.04736,41.41182],[2.04739,41.41176],[2.04761,41.41158],[2.04768,41.41156],[2.04803,41.41153],[2.04826,41.41165],[2.04892,41.41129],[2.0495,41.41067],[2.04763,41.41022],[2.0454,41.40904],[2.04484,41.40881],[2.04388,41.40851],[2.04258,41.40829],[2.04236,41.40833],[2.04219,41.40835],[2.04199,41.40834],[2.04161,41.40828],[2.0413,41.40822],[2.04115,41.40817],[2.0409,41.40704],[2.04051,41.40643],[2.0402,41.40605],[2.03957,41.40487],[2.03941,41.40453],[2.03925,41.40433],[2.03911,41.4042],[2.03807,41.40384],[2.03778,41.40369],[2.03735,41.40331],[2.0362,41.40228],[2.03491,41.40126],[2.03291,41.39997],[2.03386,41.39889],[2.03472,41.39819],[2.03489,41.39797],[2.03532,41.39721],[2.03478,41.39662],[2.03424,41.39626],[2.03326,41.39577],[2.03239,41.39534],[2.02861,41.39332],[2.02698,41.39243],[2.02464,41.39112],[2.02291,41.39014],[2.02182,41.38978],[2.02212,41.38949],[2.02231,41.38928],[2.02263,41.38878],[2.02348,41.38766],[2.0243,41.38671],[2.02585,41.38463],[2.02621,41.38408],[2.02636,41.38381],[2.02653,41.38349],[2.02665,41.3832],[2.02719,41.38141],[2.02763,41.37999],[2.02788,41.37945],[2.02816,41.37899],[2.02843,41.37858],[2.02952,41.37716],[2.03025,41.37621],[2.03176,41.37429],[2.0324,41.37352],[2.03358,41.37213],[2.03431,41.3713],[2.03516,41.37053],[2.03565,41.37017],[2.03586,41.37079],[2.03605,41.37088],[2.03633,41.37097],[2.0379,41.37157],[2.04301,41.3738],[2.0437,41.37438],[2.04566,41.37524],[2.04585,41.37507],[2.0463,41.37533],[2.04759,41.37618],[2.04813,41.37656],[2.04915,41.37727],[2.04952,41.37754],[2.05059,41.37833],[2.05117,41.37874],[2.05163,41.37905],[2.05261,41.37954],[2.0536,41.37964],[2.05418,41.37968],[2.05487,41.37978],[2.05516,41.37984],[2.05584,41.38005],[2.05665,41.38032],[2.05663,41.38036],[2.05603,41.38131],[2.05641,41.38162],[2.05726,41.38206],[2.05766,41.38223],[2.05936,41.38294],[2.05783,41.3853],[2.05783,41.38563],[2.05793,41.38572],[2.05813,41.38577],[2.0582,41.38581],[2.05835,41.38601],[2.05838,41.38609],[2.05827,41.38696],[2.05804,41.38766],[2.05785,41.38802],[2.05782,41.38848],[2.05784,41.38853],[2.05869,41.38916],[2.05929,41.38956],[2.06068,41.39068],[2.06053,41.39086],[2.06045,41.39092],[2.05998,41.39174],[2.05957,41.39264],[2.05956,41.39282],[2.05961,41.39287],[2.06085,41.39348],[2.06127,41.39366],[2.06197,41.39394],[2.06219,41.39401],[2.06228,41.39402],[2.06328,41.39441],[2.06456,41.39531],[2.06506,41.3957],[2.06523,41.3959],[2.06528,41.39598],[2.06541,41.39628],[2.06613,41.39675],[2.0677,41.39688],[2.06877,41.39681],[2.06915,41.39689],[2.07002,41.39711],[2.07154,41.3977],[2.07204,41.39811],[2.07275,41.39837],[2.07356,41.39854],[2.07446,41.3988],[2.07632,41.39983],[2.07659,41.39999],[2.07675,41.40022],[2.07727,41.40106],[2.07744,41.40141],[2.07747,41.40169],[2.07767,41.4025],[2.07777,41.40287],[2.07757,41.40291],[2.07617,41.40316],[2.07488,41.40284],[2.07469,41.40287],[2.07375,41.4033],[2.07279,41.40316],[2.07219,41.40346],[2.07147,41.40473],[2.07105,41.40528],[2.0705,41.40604],[2.07027,41.40644],[2.07,41.40703],[2.07032,41.40723],[2.07152,41.40719],[2.07192,41.4074],[2.07206,41.40754],[2.07209,41.40766],[2.07185,41.40808],[2.07174,41.40823],[2.07143,41.40859],[2.07135,41.40876],[2.07136,41.40891],[2.07142,41.40915],[2.07215,41.41086],[2.07242,41.41115],[2.07324,41.4117],[2.07444,41.41212],[2.07597,41.41279],[2.07616,41.41322],[2.07629,41.41349],[2.07639,41.41364],[2.07658,41.41387],[2.07734,41.41463],[2.07858,41.41498]]]},"properties":{"codi_ine":"08211","nom":"Sant Feliu de Llobregat","comarca":"Baix Llobregat"}},
{"type":"Feature","geometry":{"type":"Polygon","coordinates":[[[2.35144,41.54113],[2.35088,41.54132],[2.34999,41.54158],[2.34977,41.54154],[2.3496,41.54152],[2.3484,41.54176],[2.34413,41.54272],[2.34334,41.54401],[2.3426,41.54506],[2.34313,41.54619],[2.3436,41.54646],[2.3436,41.54655],[2.34355,41.54657],[2.34148,41.54696],[2.33474,41.54388],[2.33371,41.54317],[2.32798,41.54126],[2.32817,41.5393],[2.32415,41.53753],[2.31605,41.53344],[2.31614,41.53321],[2.3162,41.53311],[2.3165,41.53284],[2.31661,41.53278],[2.31718,41.53246],[2.31728,41.53241],[2.31741,41.5324],[2.31763,41.53246],[2.31821,41.53266],[2.31833,41.53271],[2.31862,41.5329],[2.3187,41.5329],[2.31886,41.53287],[2.31895,41.53281],[2.31903,41.53271],[2.31913,41.53252],[2.31918,41.53238],[2.31923,41.53206],[2.31921,41.53193],[2.31892,41.53165],[2.31882,41.53148],[2.31886,41.53131],[2.31901,41.53115],[2.31917,41.53101],[2.32021,41.53013],[2.3204,41.53003],[2.32092,41.52989],[2.32118,41.52984],[2.32135,41.52983],[2.32159,41.52984],[2.32176,41.52988],[2.32193,41.52994],[2.32205,41.53001],[2.3223,41.53013],[2.32258,41.53018],[2.32353,41.53032],[2.32366,41.53032],[2.32392,41.53026],[2.3244,41.53011],[2.32576,41.52957],[2.32681,41.52867],[2.32786,41.52858],[2.32817,41.52869],[2.32834,41.52868],[2.32889,41.52846],[2.32887,41.52826],[2.32858,41.52771],[2.32855,41.52752],[2.32855,41.52691],[2.32865,41.52669],[2.3289,41.52639],[2.32913,41.5255],[2.32946,41.52393],[2.33086,41.52395],[2.33227,41.52313],[2.33264,41.52366],[2.33295,41.52412],[2.33359,41.52515],[2.33371,41.52512],[2.3338,41.52504],[2.33399,41.52464],[2.3343,41.52393],[2.33434,41.52383],[2.33435,41.52355],[2.33453,41.52316],[2.33519,41.52183],[2.33555,41.52123],[2.33642,41.51944],[2.33652,41.51912],[2.33671,41.51884],[2.33757,41.51789],[2.33885,41.51716],[2.33925,41.51696],[2.34066,41.51644],[2.34181,41.51626],[2.34245,41.51608],[2.34492,41.51516],[2.34496,41.51511],[2.3456,41.51461],[2.34607,41.51431],[2.34624,41.51422],[2.34694,41.51389],[2.3473,41.51376],[2.34747,41.51372],[2.3492,41.51341],[2.35006,41.51246],[2.3504,41.51229],[2.35163,41.51167],[2.35663,41.50791],[2.35725,41.50772],[2.35825,41.50732],[2.35909,41.50696],[2.35947,41.50674],[2.36008,41.50625],[2.36015,41.50615],[2.36019,41.50594],[2.36032,41.50572],[2.36068,41.50539],[2.36293,41.50347],[2.36528,41.50182],[2.36602,41.50237],[2.36613,41.50251],[2.36637,41.50267],[2.3669,41.50298],[2.3676,41.50329],[2.36855,41.50359],[2.36976,41.50455],[2.37025,41.50545],[2.371,41.50699],[2.37173,41.5078],[2.37256,41.50848],[2.37378,41.50919],[2.37428,41.50947],[2.37907,41.512],[2.37919,41.51201],[2.37934,41.51205],[2.37968,41.51216],[2.38013,41.51239],[2.38026,41.51246],[2.37955,41.51318],[2.37869,41.51283],[2.37691,41.51403],[2.37575,41.51352],[2.37406,41.51454],[2.37394,41.5146],[2.37362,41.51479],[2.37306,41.51519],[2.372,41.51601],[2.36902,41.51845],[2.36903,41.51861],[2.36891,41.51889],[2.36824,41.51947],[2.36772,41.51991],[2.3674,41.52016],[2.36656,41.52076],[2.36652,41.52078],[2.36615,41.52085],[2.3661,41.52085],[2.36505,41.52114],[2.36496,41.52118],[2.36429,41.52155],[2.36388,41.52185],[2.36352,41.52214],[2.362,41.52305],[2.36117,41.52399],[2.36002,41.52484],[2.35918,41.52501],[2.35834,41.52523],[2.35826,41.52526],[2.35675,41.52601],[2.35657,41.5263],[2.3565,41.5264],[2.35557,41.52719],[2.35548,41.52725],[2.35531,41.52733],[2.35499,41.52744],[2.35473,41.52745],[2.35444,41.52739],[2.35392,41.5274],[2.35366,41.52743],[2.35351,41.52747],[2.35324,41.52758],[2.35275,41.52779],[2.3524,41.52796],[2.34945,41.52911],[2.34858,41.52936],[2.34842,41.52934],[2.34827,41.52935],[2.34811,41.52939],[2.34741,41.5296],[2.34508,41.53045],[2.34486,41.53097],[2.34483,41.53115],[2.34494,41.53136],[2.34485,41.53147],[2.34238,41.53084],[2.34421,41.53299],[2.3437,41.53362],[2.34255,41.53462],[2.34533,41.53641],[2.34835,41.53844],[2.35144,41.54113]]]},"properties":{"codi_ine":"08214","nom":"Vilassar de Dalt","comarca":"Maresme"}},
{"type":"Feature","geometry":{"type":"Polygon","coordinates":[[[2.07523,41.3734],[2.07275,41.3754],[2.07142,41.3755],[2.06997,41.37623],[2.06802,41.37689],[2.06682,41.37762],[2.06609,41.37837],[2.06546,41.37901],[2.06492,41.37944],[2.06296,41.37929],[2.06075,41.37911],[2.05963,41.37925],[2.05907,41.37777],[2.05816,41.3779],[2.05627,41.37813],[2.05521,41.37825],[2.05459,41.37828],[2.05396,41.37825],[2.05369,41.37815],[2.0535,41.37821],[2.05331,41.3783],[2.05305,41.37847],[2.05289,41.3786],[2.05272,41.3788],[2.05263,41.37899],[2.05254,41.37921],[2.05261,41.37954],[2.05163,41.37905],[2.05117,41.37874],[2.05059,41.37833],[2.04952,41.37754],[2.04915,41.37727],[2.04813,41.37656],[2.04759,41.37618],[2.0463,41.37533],[2.04585,41.37507],[2.04566,41.37524],[2.0437,41.37438],[2.04301,41.3738],[2.0379,41.37157],[2.03633,41.37097],[2.03605,41.37088],[2.03586,41.37079],[2.03565,41.37017],[2.03622,41.36952],[2.03725,41.3683],[2.03749,41.36809],[2.03776,41.36794],[2.03799,41.36782],[2.03828,41.36774],[2.03856,41.36771],[2.03879,41.36772],[2.04043,41.36741],[2.04226,41.36692],[2.04359,41.36668],[2.04381,41.36661],[2.04405,41.36648],[2.04424,41.36634],[2.04478,41.36593],[2.04672,41.36401],[2.04703,41.36359],[2.04746,41.36288],[2.04778,41.36228],[2.04817,41.36164],[2.04827,41.36139],[2.04828,41.36114],[2.04824,41.36093],[2.04784,41.35996],[2.04295,41.35863],[2.0364,41.35605],[2.03641,41.35419],[2.03718,41.35257],[2.03762,41.35187],[2.03836,41.3511],[2.03909,41.35047],[2.03994,41.35002],[2.04481,41.35376],[2.0454,41.35408],[2.04551,41.3541],[2.0459,41.35404],[2.04609,41.35284],[2.04613,41.35226],[2.04605,41.35168],[2.04566,41.35057],[2.04534,41.34984],[2.04535,41.34956],[2.04545,41.34936],[2.04557,41.34918],[2.04577,41.349],[2.04612,41.34872],[2.04646,41.34848],[2.04728,41.34806],[2.04769,41.3479],[2.04809,41.34779],[2.0486,41.3477],[2.05017,41.34751],[2.05384,41.35123],[2.0544,41.35177],[2.05464,41.35198],[2.05615,41.35308],[2.05716,41.35382],[2.05754,41.35411],[2.05761,41.35417],[2.05667,41.3549],[2.05486,41.35636],[2.05911,41.35926],[2.05893,41.35959],[2.05829,41.36102],[2.06009,41.36223],[2.05963,41.36268],[2.05914,41.36314],[2.05879,41.36349],[2.06113,41.36488],[2.06211,41.36448],[2.06265,41.3641],[2.06316,41.36368],[2.06345,41.36343],[2.06432,41.36299],[2.0652,41.36257],[2.06553,41.36274],[2.06617,41.36311],[2.06686,41.36354],[2.0681,41.36426],[2.07129,41.36554],[2.07256,41.36596],[2.07342,41.36649],[2.07539,41.36761],[2.07716,41.36864],[2.07799,41.36914],[2.07903,41.36981],[2.07905,41.36984],[2.07836,41.37104],[2.07556,41.37314],[2.07523,41.3734]]]},"properties":{"codi_ine":"08217","nom":"Sant Joan Despí","comarca":"Baix Llobregat"}},
{"type":"Feature","geometry":{"type":"Polygon","coordinates":[[[2.40296,41.5063],[2.4022,41.50688],[2.39914,41.50925],[2.39694,41.51106],[2.39436,41.51409],[2.39205,41.51644],[2.39134,41.51626],[2.38938,41.51584],[2.38871,41.51566],[2.38825,41.51544],[2.38754,41.51513],[2.38613,41.51506],[2.38508,41.51496],[2.3839,41.51477],[2.38245,41.51447],[2.38221,41.5144],[2.38212,41.51435],[2.38087,41.51312],[2.38026,41.51246],[2.38013,41.51239],[2.37968,41.51216],[2.37934,41.51205],[2.37919,41.51201],[2.37907,41.512],[2.37428,41.50947],[2.37378,41.50919],[2.37256,41.50848],[2.37173,41.5078],[2.371,41.50699],[2.37025,41.50545],[2.36976,41.50455],[2.36855,41.50359],[2.3676,41.50329],[2.3669,41.50298],[2.36637,41.50267],[2.36613,41.50251],[2.36602,41.50237],[2.36528,41.50182],[2.36911,41.49914],[2.37298,41.4967],[2.37339,41.49683],[2.37358,41.49688],[2.3756,41.4951],[2.37671,41.49412],[2.37703,41.49426],[2.37743,41.49441],[2.37774,41.4945],[2.37862,41.49474],[2.37909,41.49486],[2.37925,41.49491],[2.37978,41.49516],[2.38087,41.49569],[2.38149,41.49601],[2.38227,41.49649],[2.38272,41.49674],[2.3834,41.49716],[2.38411,41.49749],[2.38487,41.49789],[2.38558,41.49831],[2.38591,41.49846],[2.38655,41.49872],[2.38727,41.49903],[2.38775,41.49928],[2.38803,41.49937],[2.38838,41.49942],[2.38867,41.49942],[2.38882,41.49939],[2.38894,41.49933],[2.38907,41.49923],[2.38885,41.49896],[2.38883,41.49888],[2.38893,41.4988],[2.38903,41.4988],[2.38914,41.49887],[2.38939,41.49931],[2.38947,41.49965],[2.38946,41.49974],[2.38958,41.49986],[2.38982,41.50002],[2.39045,41.50038],[2.3909,41.50061],[2.39193,41.50115],[2.39251,41.50147],[2.39326,41.50186],[2.39347,41.50195],[2.39389,41.50216],[2.39393,41.50221],[2.39424,41.50239],[2.39443,41.50249],[2.39571,41.50309],[2.3964,41.50344],[2.39723,41.50389],[2.39755,41.50402],[2.39774,41.50407],[2.39802,41.50409],[2.39841,41.50416],[2.39859,41.50423],[2.39889,41.50429],[2.39919,41.50428],[2.39935,41.50422],[2.39928,41.50402],[2.39934,41.50396],[2.39952,41.50401],[2.3996,41.50411],[2.39968,41.50439],[2.39976,41.50446],[2.40013,41.50464],[2.40048,41.50482],[2.40138,41.50532],[2.40279,41.50618],[2.40296,41.5063]]]},"properties":{"codi_ine":"08219","nom":"Vilassar de Mar","comarca":"Maresme"}},
{"type":"Feature","geometry":{"type":"Polygon","coordinates":[[[2.09779,41.39396],[2.09833,41.39461],[2.09976,41.39661],[2.10046,41.39835],[2.10116,41.39887],[2.10148,41.39903],[2.10168,41.39915],[2.10204,41.3995],[2.10267,41.40032],[2.1029,41.40088],[2.10309,41.4014],[2.10359,41.40268],[2.10378,41.40317],[2.10384,41.40339],[2.10384,41.40354],[2.10382,41.40384],[2.10379,41.40402],[2.10371,41.40424],[2.10359,41.4044],[2.1032,41.40464],[2.10286,41.40482],[2.10256,41.4049],[2.10175,41.4056],[2.10171,41.40645],[2.1016,41.407],[2.10156,41.40709],[2.10065,41.40826],[2.10028,41.40841],[2.099,41.40886],[2.09866,41.40895],[2.09816,41.40906],[2.09796,41.4091],[2.0976,41.40913],[2.09732,41.40911],[2.09727,41.40908],[2.09708,41.40893],[2.09695,41.4088],[2.09679,41.40857],[2.09666,41.40824],[2.09622,41.40797],[2.09617,41.40795],[2.09565,41.40785],[2.09475,41.40793],[2.09401,41.408],[2.09332,41.40814],[2.09222,41.40827],[2.09135,41.40824],[2.09032,41.40831],[2.0896,41.40844],[2.08867,41.40861],[2.08845,41.40867],[2.08759,41.40893],[2.08749,41.40898],[2.08726,41.40912],[2.08707,41.40927],[2.08689,41.40946],[2.08682,41.40949],[2.08654,41.40958],[2.086,41.40971],[2.08569,41.40974],[2.08546,41.40971],[2.08489,41.40958],[2.08457,41.4095],[2.08419,41.40939],[2.08413,41.40928],[2.08396,41.40878],[2.08354,41.40828],[2.08256,41.40725],[2.08162,41.40664],[2.08091,41.40633],[2.08042,41.40596],[2.08036,41.40587],[2.08028,41.40566],[2.08028,41.40539],[2.08031,41.40515],[2.0802,41.40475],[2.08012,41.40455],[2.08006,41.40446],[2.07994,41.40435],[2.07874,41.40322],[2.07859,41.40312],[2.07798,41.40291],[2.07777,41.40287],[2.07767,41.4025],[2.07747,41.40169],[2.07744,41.40141],[2.07727,41.40106],[2.07675,41.40022],[2.07659,41.39999],[2.07632,41.39983],[2.07446,41.3988],[2.07356,41.39854],[2.07275,41.39837],[2.07204,41.39811],[2.07154,41.3977],[2.07002,41.39711],[2.06915,41.39689],[2.06877,41.39681],[2.0677,41.39688],[2.06613,41.39675],[2.06541,41.39628],[2.06528,41.39598],[2.06523,41.3959],[2.06506,41.3957],[2.06456,41.39531],[2.06328,41.39441],[2.06228,41.39402],[2.06219,41.39401],[2.06197,41.39394],[2.06127,41.39366],[2.06085,41.39348],[2.05961,41.39287],[2.05956,41.39282],[2.05957,41.39264],[2.05998,41.39174],[2.06045,41.39092],[2.06053,41.39086],[2.06068,41.39068],[2.05929,41.38956],[2.05869,41.38916],[2.05784,41.38853],[2.05782,41.38848],[2.05785,41.38802],[2.05804,41.38766],[2.05827,41.38696],[2.05838,41.38609],[2.05835,41.38601],[2.0582,41.38581],[2.05813,41.38577],[2.05793,41.38572],[2.05783,41.38563],[2.05783,41.3853],[2.05936,41.38294],[2.05766,41.38223],[2.05726,41.38206],[2.05641,41.38162],[2.05603,41.38131],[2.05663,41.38036],[2.05665,41.38032],[2.05584,41.38005],[2.05516,41.37984],[2.05487,41.37978],[2.05418,41.37968],[2.0536,41.37964],[2.05261,41.37954],[2.05254,41.37921],[2.05263,41.37899],[2.05272,41.3788],[2.05289,41.3786],[2.05305,41.37847],[2.05331,41.3783],[2.0535,41.37821],[2.05369,41.37815],[2.05396,41.37825],[2.05459,41.37828],[2.05521,41.37825],[2.05627,41.37813],[2.05816,41.3779],[2.05907,41.37777],[2.05963,41.37925],[2.06075,41.37911],[2.06296,41.37929],[2.06492,41.37944],[2.06546,41.37901],[2.06609,41.37837],[2.06682,41.37762],[2.06802,41.37689],[2.06997,41.37623],[2.07142,41.3755],[2.07275,41.3754],[2.07523,41.3734],[2.07565,41.37387],[2.07576,41.37404],[2.07584,41.37421],[2.0762,41.37515],[2.0764,41.37542],[2.0766,41.37556],[2.07746,41.3759],[2.07955,41.37711],[2.08024,41.37769],[2.08066,41.37831],[2.08076,41.3789],[2.08066,41.37921],[2.08029,41.3806],[2.08027,41.38091],[2.08107,41.38132],[2.08189,41.38175],[2.08191,41.38207],[2.08202,41.38295],[2.08287,41.38281],[2.08333,41.38389],[2.08365,41.38487],[2.08373,41.38531],[2.08373,41.38571],[2.08392,41.38698],[2.08419,41.38774],[2.08548,41.38887],[2.08647,41.38938],[2.08718,41.38965],[2.08824,41.38981],[2.08852,41.38978],[2.09,41.39021],[2.09067,41.39097],[2.09212,41.39253],[2.09245,41.39284],[2.09359,41.39375],[2.09388,41.39394],[2.09408,41.39398],[2.09677,41.39436],[2.09695,41.39435],[2.09779,41.39396]]]},"properties":{"codi_ine":"08221","nom":"Sant Just Desvern","comarca":"Baix Llobregat"}},
{"type":"Feature","geometry":{"type":"Polygon","coordinates":[[[1.84303,41.49316],[1.84266,41.49339],[1.84232,41.49358],[1.84202,41.49372],[1.84159,41.49391],[1.8411,41.49409],[1.84057,41.49425],[1.8402,41.49434],[1.83967,41.49444],[1.83913,41.49453],[1.83673,41.495],[1.83577,41.49529],[1.83546,41.49537],[1.83498,41.49549],[1.83457,41.49556],[1.8341,41.49563],[1.83369,41.49568],[1.83332,41.49571],[1.83302,41.49573],[1.83244,41.49574],[1.83181,41.49572],[1.83186,41.49532],[1.83189,41.49524],[1.83171,41.49485],[1.83135,41.49429],[1.83122,41.49414],[1.83074,41.49393],[1.82996,41.49309],[1.82865,41.49132],[1.8281,41.49036],[1.82704,41.48842],[1.82672,41.48768],[1.82618,41.48632],[1.82609,41.48612],[1.82591,41.48582],[1.82555,41.4854],[1.82543,41.48533],[1.82531,41.4853],[1.82519,41.48529],[1.82499,41.48532],[1.82464,41.48441],[1.82452,41.48367],[1.82444,41.48282],[1.8239,41.48149],[1.82232,41.48129],[1.8222,41.48123],[1.82197,41.48122],[1.82189,41.48125],[1.82173,41.48139],[1.82162,41.48157],[1.82157,41.48167],[1.82137,41.48235],[1.82023,41.48242],[1.82014,41.48241],[1.81985,41.48232],[1.81974,41.48223],[1.81953,41.48201],[1.81627,41.48099],[1.8155,41.48084],[1.8148,41.48074],[1.81441,41.48072],[1.81423,41.48075],[1.81406,41.48083],[1.81383,41.48087],[1.81309,41.48097],[1.81298,41.48098],[1.81195,41.48096],[1.81024,41.48086],[1.80961,41.48069],[1.80943,41.48024],[1.80726,41.47654],[1.80795,41.47558],[1.80678,41.47463],[1.80656,41.47348],[1.80641,41.47343],[1.80601,41.47332],[1.8034,41.47298],[1.80288,41.47309],[1.80263,41.47351],[1.80256,41.4736],[1.80238,41.47373],[1.80211,41.47385],[1.80018,41.47456],[1.79966,41.47484],[1.79906,41.47511],[1.79847,41.47536],[1.797,41.47587],[1.7942,41.47647],[1.79351,41.47649],[1.79328,41.47647],[1.79297,41.47633],[1.79299,41.47626],[1.79346,41.47573],[1.79332,41.4752],[1.79275,41.47375],[1.79248,41.47367],[1.79244,41.47367],[1.79249,41.47346],[1.79254,41.47336],[1.79297,41.47275],[1.79322,41.47245],[1.79407,41.472],[1.79446,41.4718],[1.79542,41.47148],[1.79663,41.47037],[1.79751,41.46936],[1.79827,41.46822],[1.79811,41.46698],[1.80097,41.46584],[1.80228,41.46449],[1.80343,41.46376],[1.8045,41.46287],[1.80457,41.46281],[1.80474,41.46257],[1.80504,41.46206],[1.80646,41.45943],[1.80771,41.45731],[1.80796,41.45604],[1.80818,41.45538],[1.8087,41.45474],[1.80947,41.45396],[1.80997,41.45343],[1.8102,41.45316],[1.81039,41.45286],[1.81048,41.45268],[1.81051,41.45257],[1.81056,41.45167],[1.81041,41.45098],[1.81028,41.45042],[1.81012,41.44887],[1.81007,41.44827],[1.81006,41.44806],[1.81011,41.44773],[1.81032,41.44701],[1.81059,41.44684],[1.81204,41.44614],[1.81219,41.44607],[1.81232,41.44597],[1.81278,41.44555],[1.81292,41.44533],[1.81306,41.44488],[1.81307,41.44479],[1.81302,41.44465],[1.8142,41.44405],[1.81448,41.44388],[1.81467,41.44322],[1.81518,41.44325],[1.81635,41.44366],[1.81808,41.44432],[1.81948,41.44504],[1.82014,41.4461],[1.82102,41.44718],[1.82139,41.44726],[1.82198,41.4469],[1.82337,41.44662],[1.82395,41.44656],[1.82423,41.44663],[1.8243,41.44687],[1.82475,41.44781],[1.82594,41.4479],[1.82634,41.44926],[1.82677,41.45027],[1.82688,41.45044],[1.82888,41.45031],[1.83027,41.45018],[1.83123,41.45034],[1.83235,41.45063],[1.83285,41.45118],[1.83298,41.45255],[1.83297,41.45337],[1.83291,41.45395],[1.83317,41.45432],[1.83411,41.45549],[1.83439,41.45649],[1.83453,41.45684],[1.83465,41.45699],[1.83525,41.45683],[1.83533,41.45682],[1.83625,41.45674],[1.83647,41.45708],[1.83649,41.45713],[1.83649,41.45739],[1.83643,41.45813],[1.83634,41.45851],[1.8362,41.45876],[1.83602,41.45924],[1.83597,41.45946],[1.83577,41.4607],[1.8358,41.46134],[1.83586,41.46159],[1.83596,41.46192],[1.83627,41.46262],[1.83639,41.46278],[1.83722,41.46314],[1.83801,41.46343],[1.83838,41.46356],[1.83854,41.4636],[1.83958,41.46375],[1.84044,41.46346],[1.84121,41.46323],[1.84229,41.46386],[1.84296,41.46432],[1.84473,41.46443],[1.84531,41.46439],[1.84553,41.46439],[1.84573,41.46443],[1.84599,41.46452],[1.84647,41.46472],[1.847,41.46497],[1.84723,41.46515],[1.84743,41.46529],[1.84763,41.46537],[1.84777,41.46541],[1.84799,41.46541],[1.8482,41.46537],[1.8483,41.4653],[1.84837,41.46521],[1.84841,41.46506],[1.84836,41.46496],[1.84811,41.46482],[1.84788,41.46465],[1.84766,41.46441],[1.84749,41.4642],[1.84707,41.46346],[1.84708,41.46328],[1.84715,41.46318],[1.84727,41.46307],[1.84757,41.46287],[1.84842,41.46232],[1.84962,41.46177],[1.85016,41.46167],[1.85042,41.46186],[1.85054,41.46193],[1.85125,41.46219],[1.85162,41.4622],[1.85218,41.46209],[1.85234,41.46201],[1.85247,41.46183],[1.85251,41.46168],[1.85247,41.46152],[1.8524,41.46139],[1.8519,41.46102],[1.85165,41.46078],[1.85154,41.46065],[1.85152,41.46058],[1.85153,41.46041],[1.85164,41.46029],[1.85202,41.46009],[1.8521,41.46006],[1.85325,41.45969],[1.85341,41.45967],[1.85361,41.45968],[1.85371,41.45973],[1.85444,41.46022],[1.85452,41.46029],[1.85468,41.4606],[1.8547,41.46065],[1.85469,41.46085],[1.85454,41.46114],[1.85453,41.46131],[1.85464,41.46148],[1.85477,41.46161],[1.85502,41.46168],[1.85522,41.4617],[1.85544,41.46169],[1.85559,41.46163],[1.85565,41.46158],[1.85575,41.46137],[1.85587,41.46071],[1.85637,41.45986],[1.85647,41.4598],[1.85706,41.45962],[1.85723,41.45958],[1.85745,41.45957],[1.85781,41.45959],[1.85821,41.45972],[1.85847,41.45977],[1.85878,41.45981],[1.85944,41.45982],[1.86023,41.45982],[1.86056,41.4598],[1.8609,41.4597],[1.86117,41.45955],[1.86144,41.45934],[1.8615,41.45925],[1.86151,41.45906],[1.86142,41.45888],[1.86131,41.45878],[1.86092,41.4585],[1.86072,41.45833],[1.8606,41.45817],[1.86048,41.45799],[1.86042,41.45784],[1.86041,41.45766],[1.86054,41.45755],[1.86083,41.45743],[1.86097,41.45741],[1.86214,41.45735],[1.8623,41.45739],[1.86254,41.45756],[1.86282,41.45787],[1.86292,41.45804],[1.86378,41.45804],[1.86466,41.45785],[1.86557,41.45762],[1.86599,41.4575],[1.86764,41.45764],[1.86796,41.45776],[1.86805,41.45791],[1.86873,41.45808],[1.86906,41.45814],[1.86914,41.45814],[1.86962,41.45802],[1.86985,41.45794],[1.87028,41.45771],[1.87061,41.45763],[1.87165,41.45748],[1.87206,41.45745],[1.87369,41.45746],[1.87412,41.45758],[1.87487,41.45792],[1.87489,41.45797],[1.87477,41.45792],[1.87466,41.45793],[1.87457,41.45798],[1.87407,41.45845],[1.87277,41.4602],[1.87265,41.46049],[1.8725,41.46094],[1.87312,41.46219],[1.87287,41.46393],[1.87226,41.4651],[1.87204,41.46518],[1.87198,41.46527],[1.87193,41.46567],[1.87193,41.4658],[1.87207,41.46637],[1.87248,41.4671],[1.87238,41.46845],[1.87252,41.47014],[1.87269,41.47065],[1.873,41.47128],[1.87343,41.47251],[1.87344,41.47263],[1.87339,41.47271],[1.87292,41.47331],[1.87228,41.4739],[1.87209,41.47442],[1.87186,41.47584],[1.87145,41.47713],[1.87111,41.47746],[1.87017,41.47808],[1.86995,41.47819],[1.8695,41.47834],[1.86918,41.47839],[1.869,41.47839],[1.86768,41.47886],[1.86588,41.47967],[1.86427,41.48043],[1.86323,41.48115],[1.86302,41.4814],[1.86282,41.48152],[1.86117,41.48247],[1.86063,41.48277],[1.86051,41.48282],[1.86025,41.48289],[1.85958,41.48296],[1.85886,41.48302],[1.85839,41.48308],[1.85813,41.48314],[1.85788,41.48324],[1.85746,41.48346],[1.85657,41.48397],[1.85481,41.48493],[1.85417,41.4852],[1.85398,41.4853],[1.85376,41.48544],[1.85354,41.48563],[1.85318,41.48596],[1.85283,41.48631],[1.85236,41.48676],[1.85209,41.48698],[1.85183,41.48711],[1.85139,41.48728],[1.85079,41.48749],[1.85021,41.4877],[1.84986,41.48787],[1.84966,41.48798],[1.84935,41.4882],[1.84874,41.48866],[1.84773,41.48943],[1.84734,41.48972],[1.84556,41.49071],[1.84442,41.49132],[1.844,41.49199],[1.84387,41.49252],[1.84368,41.49268],[1.84328,41.49299],[1.84303,41.49316]]]},"properties":{"codi_ine":"08222","nom":"Sant Llorenç d'Hortons","comarca":"Alt Penedès"}},
{"type":"Feature","geometry":{"type":"Polygon","coordinates":[[[2.08713,41.70779],[2.08697,41.70781],[2.08653,41.70792],[2.08636,41.70799],[2.08618,41.70833],[2.08605,41.70862],[2.08486,41.71071],[2.08475,41.71081],[2.08441,41.71084],[2.08363,41.71069],[2.0828,41.71064],[2.08191,41.71064],[2.08167,41.7106],[2.08128,41.71047],[2.08088,41.71031],[2.08046,41.71003],[2.07994,41.70976],[2.07952,41.7096],[2.0791,41.70957],[2.07888,41.70961],[2.07736,41.71],[2.07658,41.71047],[2.07523,41.71093],[2.07483,41.71093],[2.0742,41.71095],[2.07366,41.71114],[2.07263,41.71156],[2.07235,41.71184],[2.07177,41.7123],[2.0708,41.71272],[2.0695,41.71324],[2.06832,41.71336],[2.0668,41.71381],[2.06671,41.71392],[2.06649,41.71402],[2.06628,41.71407],[2.06599,41.71405],[2.06589,41.71397],[2.06585,41.71382],[2.06568,41.713],[2.06571,41.71261],[2.06565,41.71243],[2.06555,41.71224],[2.06525,41.71186],[2.06486,41.71172],[2.0647,41.71169],[2.06453,41.71172],[2.06431,41.7118],[2.06408,41.71194],[2.06387,41.712],[2.06369,41.712],[2.06253,41.71173],[2.06133,41.71136],[2.06106,41.71125],[2.06035,41.71116],[2.0586,41.71113],[2.05768,41.7113],[2.05673,41.7115],[2.05635,41.71161],[2.05515,41.71197],[2.05474,41.71202],[2.05429,41.71203],[2.05407,41.71198],[2.05274,41.7116],[2.05216,41.71142],[2.05147,41.71106],[2.05088,41.71077],[2.05078,41.71076],[2.04971,41.71087],[2.04947,41.7109],[2.04853,41.71119],[2.04803,41.71136],[2.04725,41.7117],[2.04601,41.71247],[2.04556,41.71275],[2.04512,41.71318],[2.04492,41.71377],[2.04467,41.71403],[2.04397,41.7145],[2.04358,41.71473],[2.04288,41.715],[2.04258,41.71504],[2.04241,41.71505],[2.04146,41.715],[2.04133,41.715],[2.0411,41.71508],[2.04052,41.7154],[2.04021,41.71565],[2.03891,41.71645],[2.03714,41.71679],[2.03573,41.71693],[2.03566,41.7168],[2.03543,41.71651],[2.03508,41.7162],[2.035,41.71616],[2.03379,41.71613],[2.03353,41.7163],[2.03333,41.71638],[2.03274,41.7165],[2.03243,41.7165],[2.0308,41.71533],[2.03066,41.71508],[2.03063,41.71485],[2.03073,41.71461],[2.03033,41.71322],[2.02994,41.71212],[2.0296,41.71162],[2.02918,41.71108],[2.02913,41.71102],[2.029,41.71095],[2.02886,41.71093],[2.02788,41.71065],[2.0266,41.71005],[2.026,41.70957],[2.02587,41.7093],[2.0255,41.7089],[2.02535,41.70877],[2.02463,41.70826],[2.02429,41.70813],[2.02385,41.70798],[2.02295,41.70828],[2.02207,41.70769],[2.02137,41.70662],[2.02057,41.70546],[2.02075,41.7045],[2.02137,41.70215],[2.02172,41.70045],[2.02218,41.69906],[2.02218,41.69864],[2.02199,41.69843],[2.02162,41.69818],[2.02076,41.69716],[2.02007,41.69666],[2.01944,41.6964],[2.0193,41.69627],[2.01899,41.6957],[2.01882,41.69538],[2.01866,41.69513],[2.0185,41.69493],[2.01822,41.6947],[2.0179,41.6945],[2.01768,41.69447],[2.01736,41.69448],[2.01666,41.69439],[2.01569,41.69422],[2.01552,41.69411],[2.01424,41.69316],[2.01334,41.69243],[2.01299,41.69215],[2.01278,41.69213],[2.01108,41.69199],[2.01008,41.69211],[2.0096,41.69216],[2.00919,41.69142],[2.00913,41.69127],[2.00921,41.6896],[2.00933,41.68828],[2.00943,41.68731],[2.00947,41.68705],[2.00958,41.68669],[2.00968,41.68649],[2.00982,41.68636],[2.01022,41.68577],[2.01071,41.68465],[2.01133,41.68298],[2.01206,41.68135],[2.01212,41.68129],[2.01257,41.68111],[2.01271,41.68107],[2.01281,41.6807],[2.01214,41.6799],[2.0112,41.67925],[2.01074,41.67848],[2.0085,41.67788],[2.00787,41.67778],[2.00682,41.67773],[2.006,41.67752],[2.0049,41.67629],[2.00472,41.67607],[2.00468,41.67597],[2.00463,41.67553],[2.00463,41.67529],[2.00465,41.67495],[2.00472,41.67463],[2.00484,41.67445],[2.00505,41.6743],[2.00521,41.67412],[2.00548,41.67376],[2.0058,41.6733],[2.00587,41.67318],[2.00629,41.67238],[2.00649,41.6719],[2.00687,41.67122],[2.00699,41.67104],[2.00707,41.67093],[2.00744,41.67075],[2.00758,41.6707],[2.00829,41.67054],[2.00861,41.67051],[2.00876,41.67047],[2.00887,41.67035],[2.00896,41.67021],[2.0091,41.6698],[2.00913,41.66888],[2.00912,41.66867],[2.00921,41.66849],[2.00936,41.66825],[2.01032,41.66704],[2.01077,41.66668],[2.0111,41.66644],[2.01135,41.6663],[2.01163,41.66608],[2.01178,41.66584],[2.01177,41.66554],[2.01172,41.66542],[2.01139,41.6652],[2.01083,41.66472],[2.01073,41.66457],[2.01073,41.66445],[2.01085,41.66405],[2.01094,41.66381],[2.01083,41.66267],[2.01069,41.66161],[2.01066,41.66097],[2.01067,41.65973],[2.01077,41.65876],[2.01065,41.65858],[2.01043,41.6584],[2.01067,41.65808],[2.01047,41.65634],[2.01088,41.65622],[2.01126,41.65615],[2.01202,41.65614],[2.01234,41.65617],[2.0124,41.65619],[2.01271,41.65643],[2.01307,41.65685],[2.01333,41.65717],[2.01352,41.65742],[2.01421,41.65822],[2.01436,41.6583],[2.01451,41.65828],[2.0147,41.65804],[2.0147,41.65798],[2.0146,41.65782],[2.01452,41.65757],[2.01443,41.65716],[2.0144,41.65678],[2.01634,41.65593],[2.01836,41.65581],[2.01883,41.65521],[2.0213,41.65668],[2.02222,41.65679],[2.02238,41.6568],[2.0226,41.65678],[2.0251,41.65663],[2.0254,41.65664],[2.02582,41.65654],[2.0262,41.65637],[2.02709,41.65591],[2.02726,41.65582],[2.02743,41.65567],[2.02751,41.65557],[2.02762,41.65521],[2.02785,41.65498],[2.02802,41.65491],[2.02894,41.65472],[2.02933,41.65467],[2.0296,41.65467],[2.03027,41.6547],[2.03043,41.65472],[2.03069,41.65477],[2.03246,41.6547],[2.03397,41.65525],[2.03405,41.65535],[2.03422,41.6555],[2.03435,41.65559],[2.03474,41.6558],[2.03512,41.65585],[2.03566,41.65568],[2.03732,41.65483],[2.04073,41.65301],[2.05022,41.65688],[2.05408,41.65768],[2.0546,41.65791],[2.05684,41.65856],[2.05794,41.65864],[2.0585,41.65853],[2.05858,41.65849],[2.0587,41.65832],[2.05879,41.65825],[2.05889,41.6582],[2.059,41.65818],[2.05965,41.65818],[2.05978,41.65822],[2.06035,41.65856],[2.06157,41.65872],[2.06171,41.6587],[2.06189,41.6587],[2.0625,41.65877],[2.06404,41.65914],[2.06444,41.65954],[2.06463,41.65971],[2.06519,41.65991],[2.06542,41.65996],[2.0656,41.65988],[2.06688,41.66019],[2.06757,41.66066],[2.06785,41.66082],[2.06855,41.66116],[2.06869,41.66115],[2.06901,41.66121],[2.06939,41.66131],[2.06954,41.66137],[2.06978,41.66152],[2.06994,41.66164],[2.07041,41.66236],[2.07059,41.66269],[2.07063,41.66273],[2.07132,41.66335],[2.07148,41.66347],[2.0722,41.66391],[2.07456,41.66487],[2.0751,41.66474],[2.07542,41.66462],[2.07566,41.66458],[2.07608,41.66457],[2.07641,41.6646],[2.07662,41.66466],[2.07825,41.66522],[2.0797,41.6661],[2.08025,41.66652],[2.08039,41.66657],[2.08196,41.66625],[2.08288,41.666],[2.08476,41.66612],[2.08496,41.66611],[2.08552,41.66602],[2.08619,41.66578],[2.08646,41.66553],[2.08655,41.66533],[2.08688,41.66455],[2.08806,41.66376],[2.08878,41.66344],[2.08879,41.66339],[2.08874,41.66226],[2.08833,41.66138],[2.08893,41.66104],[2.09001,41.66019],[2.09061,41.66014],[2.09093,41.66019],[2.09611,41.65913],[2.09651,41.65895],[2.09678,41.65888],[2.09705,41.65892],[2.09857,41.65922],[2.09977,41.65946],[2.09998,41.65964],[2.10003,41.65973],[2.10001,41.65984],[2.09995,41.65997],[2.10003,41.66012],[2.10031,41.66037],[2.10066,41.66061],[2.10136,41.66099],[2.10256,41.66211],[2.10273,41.66247],[2.10326,41.66337],[2.10343,41.66359],[2.10352,41.66368],[2.10456,41.66445],[2.10484,41.66455],[2.10529,41.66469],[2.10539,41.66469],[2.10557,41.66462],[2.10616,41.66452],[2.10719,41.66463],[2.10726,41.66465],[2.10803,41.66531],[2.10855,41.66583],[2.10994,41.66629],[2.11031,41.66631],[2.11112,41.66639],[2.11129,41.66642],[2.11238,41.66665],[2.11251,41.66671],[2.11303,41.66716],[2.11333,41.66939],[2.1119,41.67076],[2.11078,41.67173],[2.11043,41.67286],[2.11045,41.67318],[2.10676,41.67808],[2.10345,41.67913],[2.09997,41.6816],[2.09975,41.68165],[2.09939,41.68164],[2.09912,41.68159],[2.09842,41.68156],[2.09775,41.68157],[2.09688,41.68164],[2.09684,41.68179],[2.09679,41.68311],[2.0969,41.68438],[2.09702,41.68457],[2.09738,41.68548],[2.09646,41.68828],[2.09638,41.68829],[2.09559,41.68855],[2.09533,41.68866],[2.09504,41.68881],[2.09477,41.68897],[2.0941,41.6901],[2.09353,41.69137],[2.09194,41.69292],[2.09094,41.69406],[2.08972,41.69436],[2.08832,41.69473],[2.08718,41.6949],[2.08697,41.6949],[2.08625,41.69528],[2.08618,41.69533],[2.08611,41.69544],[2.08598,41.69576],[2.08597,41.69584],[2.08613,41.69623],[2.08625,41.69635],[2.08639,41.69644],[2.08638,41.69678],[2.08528,41.69758],[2.08517,41.69765],[2.08491,41.69797],[2.08476,41.69816],[2.08473,41.69825],[2.08445,41.69907],[2.08441,41.69925],[2.0844,41.70014],[2.08446,41.70062],[2.08463,41.70159],[2.08486,41.70313],[2.08525,41.70335],[2.08558,41.70348],[2.08595,41.70372],[2.08627,41.70409],[2.08629,41.70415],[2.08625,41.7045],[2.08619,41.70479],[2.08622,41.70548],[2.08651,41.70637],[2.08679,41.70706],[2.08713,41.70779]]]},"properties":{"codi_ine":"08223","nom":"Sant Llorenç Savall","comarca":"Vallès Occidental"}},
{"type":"Feature","geometry":{"type":"Polygon","coordinates":[[[2.36528,41.50182],[2.36293,41.50347],[2.36068,41.50539],[2.36032,41.50572],[2.36019,41.50594],[2.36015,41.50615],[2.36008,41.50625],[2.35947,41.50674],[2.35909,41.50696],[2.35825,41.50732],[2.35725,41.50772],[2.35663,41.50791],[2.35163,41.51167],[2.3504,41.51229],[2.35006,41.51246],[2.3492,41.51341],[2.34747,41.51372],[2.3473,41.51376],[2.34694,41.51389],[2.34624,41.51422],[2.34607,41.51431],[2.3456,41.51461],[2.34496,41.51511],[2.34492,41.51516],[2.34245,41.51608],[2.34181,41.51626],[2.34066,41.51644],[2.33925,41.51696],[2.33885,41.51716],[2.33757,41.51789],[2.33671,41.51884],[2.33652,41.51912],[2.33642,41.51944],[2.33555,41.52123],[2.33519,41.52183],[2.33453,41.52316],[2.33435,41.52355],[2.33434,41.52383],[2.3343,41.52393],[2.33399,41.52464],[2.3338,41.52504],[2.33371,41.52512],[2.33359,41.52515],[2.33295,41.52412],[2.33264,41.52366],[2.33227,41.52313],[2.33086,41.52395],[2.33097,41.52387],[2.33011,41.52291],[2.32943,41.52234],[2.32914,41.52219],[2.32763,41.52126],[2.32702,41.52052],[2.32595,41.51968],[2.32581,41.51956],[2.32566,41.5194],[2.32546,41.51908],[2.32542,41.51899],[2.3236,41.51714],[2.32301,41.51664],[2.32332,41.51662],[2.32351,41.51657],[2.32369,41.51648],[2.32381,41.51636],[2.32382,41.51626],[2.32372,41.51605],[2.32363,41.51593],[2.32311,41.51495],[2.32468,41.51475],[2.32507,41.51421],[2.3243,41.51348],[2.32489,41.51307],[2.32615,41.5124],[2.32684,41.51212],[2.327,41.51203],[2.32728,41.51181],[2.32741,41.51168],[2.32772,41.51129],[2.32877,41.50952],[2.32855,41.50943],[2.32904,41.5086],[2.32942,41.50805],[2.33039,41.5075],[2.33058,41.50735],[2.33077,41.50716],[2.33102,41.50683],[2.33104,41.50667],[2.33123,41.50603],[2.33226,41.50434],[2.333,41.50345],[2.33351,41.50308],[2.33376,41.50293],[2.33405,41.50268],[2.33468,41.50209],[2.33493,41.50168],[2.33483,41.50154],[2.33438,41.50063],[2.33434,41.50048],[2.33431,41.49924],[2.33511,41.49784],[2.33533,41.49741],[2.33648,41.49513],[2.33708,41.49475],[2.33712,41.49482],[2.33749,41.49535],[2.3379,41.4951],[2.33805,41.49417],[2.33797,41.49362],[2.33821,41.49301],[2.33906,41.4922],[2.33971,41.49148],[2.34047,41.49068],[2.34059,41.49072],[2.34084,41.49091],[2.3412,41.49082],[2.34289,41.48965],[2.34237,41.48913],[2.34408,41.4882],[2.34434,41.4885],[2.34665,41.49107],[2.34732,41.49188],[2.34806,41.49292],[2.34874,41.4942],[2.35025,41.4953],[2.35158,41.49618],[2.35309,41.49674],[2.35481,41.49733],[2.3563,41.49782],[2.35737,41.49761],[2.35798,41.49751],[2.35871,41.498],[2.35955,41.49858],[2.35973,41.49869],[2.35991,41.49876],[2.36018,41.49884],[2.36052,41.49883],[2.36062,41.4986],[2.36076,41.4983],[2.36098,41.49793],[2.36123,41.49758],[2.36143,41.49731],[2.36207,41.4966],[2.36462,41.4958],[2.36497,41.49574],[2.36571,41.49561],[2.36623,41.49552],[2.36678,41.49545],[2.36962,41.49589],[2.37006,41.49596],[2.37045,41.49603],[2.37225,41.4964],[2.37282,41.49662],[2.37298,41.4967],[2.36911,41.49914],[2.36528,41.50182]]]},"properties":{"codi_ine":"08230","nom":"Premià de Dalt","comarca":"Maresme"}},
{"type":"Feature","geometry":{"type":"Polygon","coordinates":[[[1.835,41.26831],[1.83284,41.26926],[1.8327,41.26962],[1.8326,41.26974],[1.83219,41.27012],[1.83204,41.27022],[1.83194,41.27027],[1.83156,41.27029],[1.83099,41.27027],[1.83037,41.27029],[1.83009,41.27032],[1.82979,41.2704],[1.82962,41.27049],[1.82871,41.2712],[1.8279,41.27201],[1.82775,41.27222],[1.82757,41.27237],[1.82638,41.27311],[1.82541,41.27342],[1.82567,41.27457],[1.82414,41.27455],[1.82315,41.27982],[1.82293,41.27978],[1.82135,41.27951],[1.81964,41.27907],[1.81902,41.27882],[1.81788,41.27847],[1.81732,41.2783],[1.81658,41.28017],[1.81607,41.28132],[1.81529,41.28257],[1.81507,41.28375],[1.815,41.28393],[1.81468,41.28441],[1.81456,41.28454],[1.81398,41.2854],[1.81349,41.28666],[1.81335,41.28727],[1.81502,41.2889],[1.81507,41.29264],[1.81,41.29198],[1.8074,41.29261],[1.80713,41.29263],[1.80667,41.29261],[1.80546,41.29234],[1.80226,41.29163],[1.802,41.29147],[1.80156,41.2912],[1.80096,41.29084],[1.80065,41.29068],[1.8005,41.29063],[1.78904,41.29382],[1.78347,41.29462],[1.78338,41.29456],[1.78285,41.29412],[1.78143,41.29315],[1.78127,41.29306],[1.78102,41.29291],[1.78074,41.2927],[1.77869,41.29107],[1.77853,41.29091],[1.7784,41.29072],[1.77825,41.29041],[1.77777,41.28982],[1.77742,41.28941],[1.77727,41.28926],[1.77292,41.28954],[1.77051,41.28924],[1.76957,41.28905],[1.76886,41.2888],[1.76875,41.28873],[1.76722,41.28746],[1.7668,41.28711],[1.76639,41.28677],[1.76584,41.28643],[1.76569,41.28636],[1.76523,41.28621],[1.76484,41.28613],[1.76464,41.28606],[1.76423,41.2858],[1.76102,41.28271],[1.75767,41.28259],[1.75345,41.28212],[1.75057,41.28208],[1.74918,41.28186],[1.74881,41.2818],[1.74836,41.28156],[1.74815,41.28138],[1.74737,41.28088],[1.7463,41.28026],[1.74618,41.2803],[1.74468,41.27939],[1.74314,41.27791],[1.74232,41.27671],[1.74178,41.27638],[1.74117,41.27548],[1.74123,41.27368],[1.73993,41.27236],[1.7398,41.26991],[1.73977,41.26855],[1.73881,41.26774],[1.73764,41.26795],[1.73657,41.26815],[1.73574,41.26827],[1.73531,41.26827],[1.73513,41.26826],[1.73479,41.26821],[1.73238,41.26799],[1.73174,41.26797],[1.73127,41.26793],[1.73107,41.2679],[1.73078,41.26783],[1.72969,41.26752],[1.72951,41.26744],[1.72937,41.26732],[1.72819,41.26707],[1.72635,41.26673],[1.72671,41.26648],[1.72638,41.26597],[1.72522,41.26599],[1.72407,41.2663],[1.72357,41.26643],[1.72377,41.26631],[1.72383,41.2662],[1.72389,41.26601],[1.72388,41.26585],[1.72381,41.2655],[1.72354,41.26506],[1.72332,41.26473],[1.72302,41.26424],[1.72291,41.26404],[1.7224,41.263],[1.72238,41.26292],[1.72242,41.26286],[1.72256,41.26271],[1.72367,41.26155],[1.72494,41.26021],[1.72572,41.25903],[1.7285,41.25503],[1.7309,41.25244],[1.73311,41.24986],[1.73429,41.24792],[1.73613,41.24382],[1.73818,41.24031],[1.7395,41.23778],[1.73969,41.23618],[1.7413,41.23372],[1.74257,41.23064],[1.74225,41.23055],[1.7419,41.23041],[1.74135,41.23014],[1.74131,41.23011],[1.74093,41.22945],[1.74089,41.22932],[1.74092,41.22914],[1.74131,41.22792],[1.74146,41.22772],[1.74153,41.22765],[1.74403,41.22584],[1.74524,41.22436],[1.74887,41.22161],[1.75062,41.21977],[1.75083,41.21948],[1.75141,41.21835],[1.75182,41.21884],[1.75194,41.21902],[1.75191,41.21912],[1.75209,41.2195],[1.75216,41.21956],[1.75246,41.21964],[1.75278,41.21971],[1.75291,41.21973],[1.7537,41.21973],[1.75435,41.21979],[1.75449,41.21977],[1.75445,41.21969],[1.75455,41.21962],[1.75475,41.21956],[1.75493,41.21956],[1.75538,41.21964],[1.75569,41.21964],[1.75647,41.2194],[1.75691,41.21918],[1.75697,41.21912],[1.75709,41.2191],[1.7572,41.21912],[1.75727,41.21919],[1.75676,41.21964],[1.7565,41.22454],[1.75651,41.22489],[1.75691,41.22648],[1.75747,41.22734],[1.75916,41.22917],[1.76017,41.23063],[1.76033,41.23141],[1.76039,41.23165],[1.7609,41.23228],[1.76129,41.23269],[1.76176,41.23307],[1.76209,41.2333],[1.76233,41.23344],[1.76256,41.23353],[1.76274,41.23358],[1.76301,41.23362],[1.76328,41.23364],[1.76384,41.23364],[1.76426,41.23364],[1.76485,41.23363],[1.7652,41.23365],[1.76545,41.23369],[1.76562,41.23386],[1.76581,41.23427],[1.76664,41.23551],[1.76753,41.23671],[1.76789,41.23708],[1.76804,41.2372],[1.76837,41.23737],[1.76869,41.23751],[1.76885,41.23754],[1.77056,41.23947],[1.77311,41.23939],[1.77439,41.23863],[1.77473,41.23842],[1.77505,41.23822],[1.77576,41.2378],[1.77831,41.23632],[1.78184,41.23372],[1.78444,41.2326],[1.7847,41.23249],[1.78505,41.23237],[1.78561,41.23383],[1.78572,41.23428],[1.78576,41.23456],[1.78578,41.23476],[1.78578,41.23538],[1.78593,41.23624],[1.78666,41.23794],[1.78732,41.23866],[1.78747,41.23883],[1.78781,41.23927],[1.78787,41.23938],[1.78791,41.23954],[1.78795,41.24007],[1.7881,41.24048],[1.78873,41.24116],[1.78894,41.24136],[1.78905,41.24145],[1.78934,41.24161],[1.7895,41.24167],[1.78963,41.24168],[1.79044,41.24169],[1.79064,41.24172],[1.79087,41.2418],[1.7914,41.24211],[1.79154,41.24223],[1.7917,41.24239],[1.79178,41.24256],[1.79162,41.24357],[1.79162,41.24366],[1.79169,41.24375],[1.79203,41.24392],[1.79238,41.24407],[1.79277,41.24416],[1.79293,41.24416],[1.79342,41.24412],[1.79454,41.24424],[1.79678,41.24522],[1.79696,41.24533],[1.79751,41.24568],[1.79763,41.2458],[1.79865,41.24685],[1.79876,41.24712],[1.79903,41.24871],[1.79915,41.24899],[1.79933,41.24929],[1.79957,41.24957],[1.80492,41.25208],[1.80783,41.25342],[1.80927,41.25375],[1.81002,41.25472],[1.81404,41.25618],[1.81566,41.25612],[1.81854,41.25725],[1.82035,41.25782],[1.82326,41.25896],[1.82346,41.25898],[1.82402,41.25911],[1.82427,41.25918],[1.82465,41.25939],[1.82496,41.26026],[1.82685,41.26036],[1.83122,41.26037],[1.8318,41.26039],[1.83249,41.26043],[1.83289,41.26047],[1.83392,41.26062],[1.83457,41.26139],[1.8361,41.26444],[1.83586,41.26562],[1.8357,41.2658],[1.8355,41.266],[1.83531,41.26616],[1.83511,41.26628],[1.83488,41.26645],[1.83473,41.26666],[1.83459,41.26697],[1.83457,41.26717],[1.83465,41.26758],[1.83471,41.26779],[1.83486,41.2681],[1.835,41.26831]]]},"properties":{"codi_ine":"08231","nom":"Sant Pere de Ribes","comarca":"Garraf"}},
{"type":"Feature","geometry":{"type":"Polygon","coordinates":[[[2.08865,41.51123],[2.08885,41.5116],[2.08896,41.51165],[2.09081,41.5123],[2.09153,41.51248],[2.09233,41.51257],[2.09255,41.51257],[2.09281,41.5126],[2.09298,41.51264],[2.09355,41.51297],[2.09367,41.51306],[2.09369,41.51318],[2.09362,41.51339],[2.0938,41.51516],[2.09408,41.51699],[2.09469,41.51798],[2.09625,41.51941],[2.0964,41.51981],[2.09767,41.51963],[2.09804,41.52529],[2.09912,41.5273],[2.09914,41.52751],[2.09906,41.52788],[2.09849,41.52998],[2.09785,41.53231],[2.09747,41.53336],[2.09566,41.53524],[2.09417,41.53696],[2.09365,41.53747],[2.09168,41.53903],[2.09005,41.54005],[2.08639,41.53778],[2.08605,41.53807],[2.08517,41.53882],[2.08438,41.53941],[2.08381,41.53981],[2.08295,41.54032],[2.08228,41.54068],[2.08181,41.54092],[2.08121,41.5412],[2.08065,41.54143],[2.08012,41.54164],[2.07959,41.54183],[2.07914,41.54198],[2.07856,41.54215],[2.07799,41.5423],[2.07743,41.54243],[2.07681,41.54255],[2.07636,41.54264],[2.07569,41.54273],[2.07508,41.54281],[2.07443,41.54288],[2.07325,41.54298],[2.07265,41.54301],[2.07208,41.54303],[2.07122,41.54304],[2.06918,41.54305],[2.06727,41.543],[2.06577,41.54295],[2.06603,41.54222],[2.06507,41.54187],[2.06401,41.54159],[2.06353,41.54099],[2.0635,41.54091],[2.06359,41.54074],[2.06315,41.54008],[2.06228,41.53914],[2.06176,41.53905],[2.06148,41.53907],[2.06059,41.53935],[2.06037,41.53946],[2.06001,41.53971],[2.05966,41.54002],[2.0596,41.54012],[2.05886,41.54036],[2.05772,41.54071],[2.05703,41.54078],[2.0551,41.54068],[2.05404,41.54032],[2.05359,41.53985],[2.05293,41.53845],[2.05276,41.53821],[2.05185,41.53758],[2.05115,41.53679],[2.05109,41.5367],[2.0518,41.53484],[2.05183,41.53474],[2.05184,41.53454],[2.0517,41.53436],[2.05162,41.53428],[2.05144,41.53422],[2.05119,41.53418],[2.05059,41.53397],[2.04991,41.53359],[2.04975,41.53335],[2.05005,41.53235],[2.05028,41.53214],[2.05038,41.53205],[2.05095,41.5318],[2.05325,41.53088],[2.05335,41.53085],[2.05384,41.53064],[2.05418,41.53042],[2.05439,41.53027],[2.05449,41.53017],[2.05461,41.53002],[2.05471,41.52985],[2.05479,41.52965],[2.05525,41.5282],[2.0557,41.52758],[2.05585,41.52738],[2.05594,41.5272],[2.056,41.52697],[2.05512,41.52572],[2.05402,41.52548],[2.05355,41.52554],[2.05308,41.52556],[2.05254,41.52558],[2.05214,41.52556],[2.05189,41.5255],[2.05146,41.52533],[2.05002,41.52549],[2.04915,41.52577],[2.04884,41.52584],[2.04872,41.52585],[2.04724,41.52563],[2.0468,41.52545],[2.04652,41.52532],[2.04632,41.52516],[2.04491,41.52461],[2.04369,41.52441],[2.04176,41.52404],[2.04108,41.52432],[2.04083,41.52451],[2.04064,41.52488],[2.04063,41.52499],[2.04068,41.5251],[2.03995,41.52634],[2.03988,41.52645],[2.03973,41.52675],[2.03957,41.5271],[2.03957,41.52732],[2.03963,41.52749],[2.03981,41.52778],[2.03971,41.5278],[2.03912,41.52767],[2.03897,41.52759],[2.03843,41.52715],[2.03724,41.52609],[2.03655,41.52626],[2.03552,41.52738],[2.03531,41.52733],[2.03503,41.52736],[2.03475,41.52744],[2.03368,41.52786],[2.03359,41.5279],[2.03341,41.52807],[2.03307,41.528],[2.03256,41.52599],[2.03245,41.52551],[2.03236,41.52505],[2.03215,41.52385],[2.03188,41.52227],[2.03213,41.52221],[2.0325,41.52221],[2.03405,41.52192],[2.03572,41.52161],[2.03593,41.52156],[2.03698,41.52118],[2.03642,41.52059],[2.03607,41.52024],[2.03588,41.52002],[2.03581,41.51987],[2.03554,41.51896],[2.03536,41.5182],[2.03535,41.51809],[2.03525,41.51783],[2.03503,41.51732],[2.03488,41.517],[2.03497,41.51698],[2.03475,41.51635],[2.03426,41.51536],[2.03414,41.51516],[2.03404,41.51503],[2.03389,41.51487],[2.03367,41.51459],[2.03356,41.51434],[2.03346,41.51396],[2.03346,41.51377],[2.03347,41.51316],[2.03349,41.51306],[2.03395,41.51326],[2.03417,41.51341],[2.03429,41.51355],[2.03443,41.51366],[2.03504,41.51394],[2.03522,41.514],[2.03532,41.51392],[2.03532,41.51342],[2.03539,41.51281],[2.03544,41.51257],[2.0356,41.51255],[2.03685,41.51244],[2.03708,41.51244],[2.03714,41.51246],[2.03755,41.51274],[2.03848,41.51338],[2.03884,41.51397],[2.0393,41.5139],[2.04365,41.51239],[2.0438,41.51181],[2.04374,41.51146],[2.04383,41.51115],[2.04472,41.51068],[2.0448,41.51041],[2.04477,41.51017],[2.04465,41.51005],[2.04459,41.50996],[2.0447,41.50971],[2.04561,41.50973],[2.04675,41.50984],[2.04931,41.50969],[2.04945,41.50971],[2.04991,41.51003],[2.05072,41.51202],[2.05076,41.51208],[2.05093,41.51218],[2.05159,41.51252],[2.0519,41.51272],[2.05264,41.51326],[2.05277,41.51341],[2.05279,41.51351],[2.05308,41.51398],[2.05372,41.51457],[2.054,41.51481],[2.05411,41.51488],[2.05546,41.51559],[2.0564,41.51601],[2.05653,41.51604],[2.05665,41.51613],[2.05687,41.5164],[2.05696,41.51653],[2.05748,41.51748],[2.05755,41.51776],[2.05768,41.51814],[2.0578,41.5185],[2.05801,41.51869],[2.05868,41.51879],[2.05987,41.51901],[2.06083,41.51931],[2.06116,41.51939],[2.0622,41.51939],[2.06298,41.51946],[2.06387,41.51964],[2.06433,41.51905],[2.06443,41.51731],[2.06459,41.51437],[2.06453,41.51386],[2.0645,41.51334],[2.06453,41.51308],[2.06459,41.51288],[2.06469,41.51263],[2.0649,41.51235],[2.06581,41.51137],[2.06621,41.51086],[2.0665,41.51037],[2.06657,41.51003],[2.06651,41.50992],[2.06652,41.50974],[2.06654,41.50964],[2.06663,41.5095],[2.0668,41.50934],[2.06696,41.50926],[2.06708,41.50923],[2.06825,41.50907],[2.0689,41.50901],[2.06944,41.50882],[2.07035,41.50838],[2.0708,41.50775],[2.07084,41.50767],[2.07104,41.50747],[2.07115,41.50738],[2.07159,41.50717],[2.0721,41.50693],[2.07232,41.5069],[2.07261,41.50689],[2.07285,41.50692],[2.0732,41.50701],[2.07349,41.50712],[2.07371,41.50716],[2.07397,41.50717],[2.07448,41.50712],[2.07518,41.5066],[2.07603,41.50662],[2.07677,41.50668],[2.07726,41.5068],[2.07845,41.50713],[2.0794,41.5074],[2.07965,41.5075],[2.0798,41.50761],[2.08034,41.50819],[2.08119,41.50977],[2.08239,41.5099],[2.08343,41.5101],[2.08449,41.51038],[2.0854,41.51075],[2.08868,41.51146],[2.08865,41.51123]]]},"properties":{"codi_ine":"08238","nom":"Sant Quirze del Vallès","comarca":"Vallès Occidental"}},
{"type":"Feature","geometry":{"type":"Polygon","coordinates":[[[1.79811,41.46698],[1.79791,41.46661],[1.79579,41.46703],[1.79531,41.46733],[1.79525,41.46754],[1.7951,41.46752],[1.79405,41.46727],[1.7939,41.46721],[1.7937,41.46565],[1.79367,41.46551],[1.79224,41.46558],[1.79179,41.46656],[1.79175,41.46715],[1.78886,41.46717],[1.78766,41.46703],[1.7875,41.467],[1.7868,41.46672],[1.78661,41.46663],[1.78644,41.46652],[1.78616,41.46627],[1.78591,41.466],[1.78585,41.4659],[1.78583,41.46577],[1.78583,41.46552],[1.78579,41.46535],[1.78563,41.46531],[1.78478,41.46533],[1.78393,41.46542],[1.78328,41.46557],[1.78296,41.46555],[1.78276,41.46547],[1.78255,41.46531],[1.78135,41.46427],[1.78068,41.46365],[1.78015,41.46347],[1.77904,41.46318],[1.77749,41.46482],[1.77635,41.46395],[1.77559,41.46381],[1.77545,41.46381],[1.77533,41.46378],[1.77519,41.4637],[1.77471,41.46341],[1.77459,41.4633],[1.77428,41.46296],[1.77416,41.4628],[1.7741,41.46268],[1.77408,41.46256],[1.77413,41.46164],[1.77429,41.46068],[1.77492,41.45933],[1.77496,41.45921],[1.77496,41.45905],[1.77488,41.45829],[1.77484,41.45815],[1.77473,41.45804],[1.77454,41.45792],[1.77445,41.45744],[1.7748,41.45669],[1.77514,41.45598],[1.77512,41.45524],[1.77497,41.4541],[1.77567,41.45343],[1.77611,41.4524],[1.77637,41.45077],[1.76908,41.44559],[1.76833,41.43997],[1.76905,41.43795],[1.76773,41.43709],[1.76719,41.43685],[1.76633,41.43662],[1.76608,41.43654],[1.76431,41.43594],[1.76426,41.43579],[1.76369,41.43429],[1.7613,41.43455],[1.76106,41.43298],[1.76069,41.43302],[1.75867,41.43322],[1.75663,41.43116],[1.75109,41.4236],[1.75132,41.42361],[1.75155,41.42356],[1.7537,41.42289],[1.75483,41.42219],[1.75487,41.42211],[1.7551,41.422],[1.75601,41.42156],[1.7561,41.42154],[1.75694,41.42149],[1.75722,41.42153],[1.75765,41.42171],[1.75795,41.42185],[1.75839,41.42203],[1.75893,41.42221],[1.75908,41.42225],[1.75929,41.42225],[1.75949,41.42218],[1.7597,41.42203],[1.7598,41.42198],[1.76036,41.42178],[1.76046,41.42175],[1.76145,41.42156],[1.7623,41.42183],[1.76411,41.42173],[1.76532,41.42177],[1.76569,41.42186],[1.7659,41.4219],[1.76618,41.42193],[1.76649,41.42194],[1.76674,41.42193],[1.76718,41.42183],[1.76862,41.42146],[1.77044,41.42077],[1.77177,41.42022],[1.77294,41.4195],[1.77321,41.41939],[1.77504,41.41882],[1.77628,41.41866],[1.77675,41.41826],[1.78097,41.41665],[1.78101,41.41609],[1.78101,41.41472],[1.78102,41.41414],[1.78124,41.4133],[1.78279,41.41183],[1.78333,41.41145],[1.78358,41.41133],[1.78412,41.41111],[1.78601,41.4108],[1.78661,41.41055],[1.78745,41.41062],[1.78816,41.41077],[1.78907,41.41064],[1.79016,41.41041],[1.79079,41.4103],[1.7913,41.41024],[1.79179,41.4103],[1.79242,41.41025],[1.79308,41.41019],[1.79322,41.41016],[1.79397,41.40988],[1.79448,41.40966],[1.80317,41.41617],[1.80084,41.42204],[1.80003,41.42404],[1.80055,41.42595],[1.80324,41.42861],[1.8038,41.4289],[1.80415,41.42915],[1.80475,41.42969],[1.80506,41.43007],[1.80476,41.43026],[1.80651,41.43186],[1.8062,41.43203],[1.80643,41.4328],[1.80703,41.43477],[1.80755,41.43588],[1.8086,41.43604],[1.81346,41.43634],[1.81411,41.43709],[1.81571,41.43898],[1.81467,41.44322],[1.81448,41.44388],[1.8142,41.44405],[1.81302,41.44465],[1.81307,41.44479],[1.81306,41.44488],[1.81292,41.44533],[1.81278,41.44555],[1.81232,41.44597],[1.81219,41.44607],[1.81204,41.44614],[1.81059,41.44684],[1.81032,41.44701],[1.81011,41.44773],[1.81006,41.44806],[1.81007,41.44827],[1.81012,41.44887],[1.81028,41.45042],[1.81041,41.45098],[1.81056,41.45167],[1.81051,41.45257],[1.81048,41.45268],[1.81039,41.45286],[1.8102,41.45316],[1.80997,41.45343],[1.80947,41.45396],[1.8087,41.45474],[1.80818,41.45538],[1.80796,41.45604],[1.80771,41.45731],[1.80646,41.45943],[1.80504,41.46206],[1.80474,41.46257],[1.80457,41.46281],[1.8045,41.46287],[1.80343,41.46376],[1.80228,41.46449],[1.80097,41.46584],[1.79811,41.46698]]]},"properties":{"codi_ine":"08240","nom":"Sant Sadurní d'Anoia","comarca":"Alt Penedès"}},
{"type":"Feature","geometry":{"type":"Polygon","coordinates":[[[2.03565,41.37017],[2.03516,41.37053],[2.03431,41.3713],[2.03358,41.37213],[2.0324,41.37352],[2.03176,41.37429],[2.03025,41.37621],[2.02952,41.37716],[2.02843,41.37858],[2.02816,41.37899],[2.02788,41.37945],[2.02763,41.37999],[2.02719,41.38141],[2.02665,41.3832],[2.02375,41.38224],[2.02006,41.38094],[2.01767,41.38033],[2.01592,41.37989],[2.01407,41.37921],[2.01221,41.37887],[2.01197,41.37883],[2.01175,41.37883],[2.00967,41.3789],[2.00915,41.37894],[2.00871,41.37902],[2.00858,41.37911],[2.00828,41.37923],[2.00804,41.37928],[2.00753,41.37927],[2.00671,41.37922],[2.00567,41.37894],[2.00548,41.37889],[2.00411,41.37844],[2.00284,41.3779],[2.00192,41.37709],[2.00197,41.3766],[2.00202,41.37654],[2.00201,41.37642],[1.99986,41.37159],[2.00049,41.37122],[2.001,41.37092],[2.00136,41.37078],[2.00197,41.37044],[2.00235,41.37019],[2.00253,41.36998],[2.00321,41.36918],[2.00314,41.36889],[2.00302,41.36865],[2.00281,41.36831],[2.00197,41.36702],[2.0019,41.36659],[2.00167,41.36582],[2.00106,41.36519],[2.00079,41.36496],[1.99979,41.36437],[1.99919,41.36414],[1.99897,41.36412],[1.99881,41.36408],[1.99867,41.36402],[1.99844,41.36388],[1.99832,41.36374],[1.99822,41.36353],[1.99817,41.3633],[1.99803,41.36248],[1.99804,41.36227],[1.99808,41.36205],[1.99815,41.36182],[1.99827,41.36154],[1.99882,41.36076],[1.99899,41.36056],[1.99914,41.36047],[1.9991,41.35987],[1.99901,41.35951],[1.99871,41.35863],[1.99859,41.35843],[1.99813,41.35688],[1.99805,41.35652],[1.99849,41.35625],[1.99902,41.35613],[1.99961,41.35623],[2.00061,41.35644],[2.00103,41.35654],[2.00319,41.35663],[2.00483,41.35667],[2.00725,41.35708],[2.00765,41.35713],[2.00774,41.3571],[2.00826,41.35694],[2.00895,41.35674],[2.00982,41.35671],[2.01111,41.35681],[2.01194,41.35689],[2.01256,41.35636],[2.01258,41.35632],[2.01292,41.35595],[2.01307,41.35581],[2.01357,41.35554],[2.0148,41.35496],[2.01565,41.3547],[2.01608,41.35458],[2.01721,41.3551],[2.01728,41.35519],[2.01866,41.35779],[2.01774,41.35875],[2.01939,41.36022],[2.02018,41.36004],[2.02108,41.3598],[2.0225,41.35931],[2.02317,41.35937],[2.02318,41.35904],[2.02305,41.35787],[2.02295,41.35737],[2.02287,41.35712],[2.02327,41.35688],[2.0248,41.35682],[2.02493,41.35683],[2.02517,41.35692],[2.02603,41.35729],[2.02775,41.3582],[2.02842,41.35851],[2.02884,41.35864],[2.02927,41.35875],[2.02968,41.35886],[2.03002,41.35898],[2.03023,41.35908],[2.03031,41.35917],[2.03071,41.35974],[2.03093,41.36011],[2.03106,41.36029],[2.03124,41.36049],[2.0317,41.36095],[2.03185,41.36107],[2.03212,41.36122],[2.0322,41.36125],[2.03271,41.36131],[2.03453,41.36146],[2.03881,41.36183],[2.0416,41.36207],[2.04355,41.36224],[2.0446,41.36148],[2.04727,41.36162],[2.04817,41.36164],[2.04778,41.36228],[2.04746,41.36288],[2.04703,41.36359],[2.04672,41.36401],[2.04478,41.36593],[2.04424,41.36634],[2.04405,41.36648],[2.04381,41.36661],[2.04359,41.36668],[2.04226,41.36692],[2.04043,41.36741],[2.03879,41.36772],[2.03856,41.36771],[2.03828,41.36774],[2.03799,41.36782],[2.03776,41.36794],[2.03749,41.36809],[2.03725,41.3683],[2.03622,41.36952],[2.03565,41.37017]]]},"properties":{"codi_ine":"08244","nom":"Santa Coloma de Cervelló","comarca":"Baix Llobregat"}},
{"type":"Feature","geometry":{"type":"Polygon","coordinates":[[[2.21095,41.47101],[2.21082,41.471],[2.21063,41.47096],[2.21043,41.47089],[2.20989,41.47068],[2.2097,41.47059],[2.20893,41.47043],[2.20703,41.47032],[2.20659,41.47031],[2.20634,41.47032],[2.20615,41.47035],[2.20592,41.47041],[2.20463,41.47092],[2.20447,41.471],[2.20422,41.4712],[2.19987,41.47338],[2.19975,41.47342],[2.19946,41.47338],[2.19881,41.47317],[2.19841,41.47302],[2.19814,41.4729],[2.1964,41.47249],[2.19552,41.47235],[2.19519,41.4724],[2.19451,41.47244],[2.19414,41.47238],[2.19398,41.47234],[2.19376,41.47226],[2.1934,41.4721],[2.19329,41.47203],[2.19315,41.47191],[2.19065,41.47061],[2.18914,41.4708],[2.18893,41.47084],[2.18706,41.46772],[2.18718,41.46629],[2.18745,41.4638],[2.18764,41.46213],[2.18768,41.4618],[2.18772,41.46162],[2.1878,41.46131],[2.18796,41.46083],[2.18806,41.4606],[2.1882,41.46029],[2.18846,41.45982],[2.18861,41.45958],[2.18883,41.45927],[2.18901,41.45904],[2.18937,41.45864],[2.18979,41.45822],[2.19062,41.45743],[2.19096,41.45714],[2.19131,41.45685],[2.19171,41.45655],[2.19451,41.45454],[2.19528,41.45399],[2.19699,41.45279],[2.19771,41.45228],[2.19811,41.45198],[2.19848,41.45167],[2.19918,41.45107],[2.19957,41.45072],[2.2007,41.44962],[2.20194,41.44839],[2.20321,41.4471],[2.20561,41.44458],[2.20588,41.44428],[2.2063,41.44381],[2.20683,41.44312],[2.20694,41.44296],[2.20732,41.44237],[2.20747,41.44212],[2.20766,41.44177],[2.20783,41.44144],[2.20799,41.4411],[2.20823,41.44052],[2.2084,41.44],[2.20847,41.43977],[2.20863,41.43919],[2.20941,41.43639],[2.20963,41.43576],[2.2098,41.43531],[2.20998,41.43491],[2.21017,41.43452],[2.2103,41.43425],[2.21076,41.43343],[2.21304,41.4343],[2.21337,41.43438],[2.21363,41.43439],[2.21418,41.43463],[2.21467,41.43492],[2.21402,41.43569],[2.21281,41.43688],[2.2127,41.43721],[2.2135,41.43816],[2.2131,41.4398],[2.21378,41.44056],[2.21554,41.44248],[2.21724,41.44392],[2.21835,41.44498],[2.21933,41.44588],[2.22016,41.44638],[2.22152,41.44795],[2.22258,41.44897],[2.22275,41.449],[2.21678,41.45764],[2.21812,41.45871],[2.2184,41.45925],[2.21835,41.46026],[2.22028,41.46065],[2.22082,41.46167],[2.22028,41.46223],[2.21977,41.46278],[2.22092,41.46433],[2.22146,41.46513],[2.21169,41.47065],[2.21095,41.47101]]]},"properties":{"codi_ine":"08245","nom":"Santa Coloma de Gramenet","comarca":"Barcelonès"}},
{"type":"Feature","geometry":{"type":"Polygon","coordinates":[[[2.23121,41.66519],[2.23104,41.66523],[2.22945,41.66537],[2.22892,41.66511],[2.22811,41.66467],[2.2279,41.66475],[2.22768,41.66481],[2.22757,41.66479],[2.2273,41.66471],[2.22711,41.66226],[2.22382,41.6623],[2.22217,41.66074],[2.21748,41.65973],[2.21252,41.65963],[2.21096,41.65975],[2.20815,41.65976],[2.20802,41.65997],[2.20784,41.6603],[2.20646,41.66159],[2.20532,41.66249],[2.20518,41.66257],[2.20505,41.66268],[2.20483,41.6629],[2.20473,41.66303],[2.20451,41.66354],[2.20451,41.66372],[2.20453,41.66381],[2.20497,41.66529],[2.20547,41.66601],[2.20556,41.66607],[2.20563,41.66616],[2.20563,41.66634],[2.20544,41.66662],[2.2052,41.66681],[2.20506,41.66686],[2.2049,41.66688],[2.20402,41.66668],[2.2032,41.66646],[2.20236,41.66538],[2.20105,41.66464],[2.20082,41.6645],[2.20068,41.66439],[2.20049,41.66423],[2.20033,41.66404],[2.1999,41.6634],[2.19838,41.66154],[2.19792,41.66071],[2.19723,41.6593],[2.19639,41.65808],[2.19656,41.65729],[2.19656,41.65718],[2.19652,41.65657],[2.19649,41.65651],[2.19638,41.65638],[2.19581,41.656],[2.19549,41.6558],[2.19516,41.65568],[2.19414,41.65499],[2.19399,41.65478],[2.19388,41.65456],[2.19383,41.65437],[2.19386,41.65422],[2.19414,41.65365],[2.1944,41.65288],[2.19445,41.65158],[2.19425,41.65127],[2.19394,41.6509],[2.19385,41.65083],[2.19337,41.65086],[2.19321,41.65088],[2.19305,41.65093],[2.19292,41.651],[2.19197,41.65112],[2.19073,41.65127],[2.19041,41.65125],[2.19012,41.65118],[2.18997,41.6511],[2.18989,41.65097],[2.18988,41.65084],[2.18857,41.65048],[2.18801,41.65046],[2.18767,41.65042],[2.18704,41.6502],[2.18726,41.64984],[2.18738,41.6496],[2.18789,41.64851],[2.18796,41.64841],[2.18808,41.64832],[2.18855,41.64808],[2.1893,41.64774],[2.18968,41.64756],[2.19011,41.64731],[2.19153,41.64637],[2.19342,41.64511],[2.19407,41.64467],[2.19447,41.64437],[2.1955,41.64284],[2.1968,41.64134],[2.1974,41.64074],[2.19789,41.64024],[2.19796,41.63983],[2.19794,41.6394],[2.198,41.63897],[2.19851,41.63869],[2.1992,41.63862],[2.19982,41.63842],[2.20039,41.63801],[2.20065,41.63778],[2.20177,41.63676],[2.20278,41.63539],[2.20299,41.63507],[2.20322,41.63438],[2.20327,41.63397],[2.20335,41.63222],[2.20342,41.63096],[2.20367,41.63007],[2.20368,41.62964],[2.20495,41.62865],[2.20697,41.62939],[2.20787,41.62995],[2.2077,41.6301],[2.20759,41.63018],[2.20716,41.63041],[2.20726,41.63048],[2.20788,41.63087],[2.20869,41.63063],[2.21114,41.63274],[2.21226,41.6333],[2.2131,41.63367],[2.21462,41.63421],[2.2149,41.63533],[2.21497,41.63551],[2.21502,41.6356],[2.21613,41.6352],[2.21649,41.63509],[2.21676,41.63501],[2.21696,41.63497],[2.2172,41.63495],[2.21747,41.63495],[2.2177,41.63497],[2.21826,41.63499],[2.21966,41.63493],[2.22003,41.63487],[2.22125,41.63459],[2.22275,41.63446],[2.22292,41.63447],[2.22301,41.6345],[2.22337,41.63469],[2.22347,41.63479],[2.22359,41.63504],[2.22366,41.63512],[2.22411,41.63537],[2.22433,41.63542],[2.22445,41.63541],[2.22708,41.63506],[2.22728,41.63503],[2.22751,41.63497],[2.22776,41.63487],[2.22803,41.63473],[2.2283,41.63455],[2.22954,41.63369],[2.22989,41.63344],[2.23048,41.63295],[2.23082,41.63265],[2.23094,41.63252],[2.23105,41.63234],[2.23123,41.632],[2.23138,41.63182],[2.23159,41.63161],[2.23173,41.63151],[2.23186,41.63146],[2.23203,41.63143],[2.23262,41.63143],[2.23277,41.63144],[2.24024,41.63055],[2.24233,41.63079],[2.24394,41.63095],[2.2453,41.63153],[2.24587,41.63187],[2.24607,41.63197],[2.24633,41.63203],[2.24665,41.63207],[2.2482,41.6318],[2.25323,41.63098],[2.25339,41.63124],[2.25378,41.63187],[2.2538,41.63201],[2.25378,41.6323],[2.25372,41.63331],[2.25369,41.63346],[2.25314,41.63592],[2.25307,41.63623],[2.25304,41.63656],[2.25307,41.63689],[2.25364,41.63864],[2.25368,41.63875],[2.2509,41.63976],[2.24652,41.64036],[2.24653,41.64227],[2.24752,41.64669],[2.24737,41.65046],[2.24358,41.65321],[2.24383,41.65591],[2.24434,41.65882],[2.2429,41.66074],[2.24002,41.6613],[2.23454,41.66211],[2.23448,41.66229],[2.23442,41.66304],[2.2344,41.66346],[2.23429,41.66433],[2.23423,41.66444],[2.23405,41.66457],[2.23354,41.66473],[2.23185,41.66517],[2.23128,41.66525],[2.23121,41.66519]]]},"properties":{"codi_ine":"08248","nom":"Santa Eulàlia de Ronçana","comarca":"Vallès Oriental"}},
{"type":"Feature","geometry":{"type":"Polygon","coordinates":[[[2.13866,41.53162],[2.13842,41.53158],[2.13804,41.53155],[2.13636,41.53143],[2.13434,41.53112],[2.13348,41.53236],[2.13333,41.53272],[2.13326,41.53304],[2.13318,41.53387],[2.13188,41.53381],[2.13142,41.53342],[2.12876,41.5333],[2.12851,41.53309],[2.12819,41.53292],[2.12809,41.53289],[2.12713,41.53259],[2.12682,41.53258],[2.12656,41.53259],[2.12451,41.53347],[2.12276,41.53272],[2.12306,41.53197],[2.12323,41.53172],[2.12345,41.53157],[2.12371,41.53142],[2.12347,41.53028],[2.12352,41.52929],[2.12419,41.52855],[2.1249,41.52817],[2.12546,41.52822],[2.12588,41.5284],[2.12649,41.52762],[2.12565,41.5272],[2.12533,41.52704],[2.12528,41.52709],[2.12505,41.52699],[2.12435,41.52662],[2.12338,41.52609],[2.12202,41.52534],[2.1211,41.52486],[2.11823,41.5235],[2.11621,41.5228],[2.11576,41.52266],[2.11329,41.52201],[2.11143,41.52149],[2.10985,41.52103],[2.10978,41.521],[2.11013,41.52055],[2.11045,41.52017],[2.11072,41.51985],[2.1112,41.51931],[2.11161,41.51887],[2.11215,41.51822],[2.11253,41.51782],[2.11335,41.51708],[2.11382,41.51669],[2.11469,41.51599],[2.11603,41.51498],[2.11564,41.51458],[2.11519,41.51446],[2.11428,41.51416],[2.11401,41.51405],[2.11359,41.51383],[2.11317,41.51357],[2.11327,41.5126],[2.11337,41.51243],[2.11349,41.51235],[2.1227,41.50565],[2.12313,41.50632],[2.12368,41.50691],[2.12379,41.50695],[2.12478,41.5072],[2.12511,41.50698],[2.12532,41.50683],[2.126,41.50624],[2.13494,41.50596],[2.13564,41.50595],[2.13596,41.50643],[2.13612,41.50674],[2.13619,41.50694],[2.13617,41.50741],[2.13608,41.50781],[2.1359,41.50816],[2.13608,41.50823],[2.13621,41.50824],[2.13707,41.50806],[2.13726,41.50799],[2.13758,41.50782],[2.13816,41.50756],[2.13894,41.50724],[2.13901,41.50722],[2.13929,41.50722],[2.1396,41.50726],[2.13972,41.50729],[2.14179,41.50787],[2.14186,41.5079],[2.14234,41.50816],[2.14251,41.50831],[2.1424,41.50842],[2.1425,41.50935],[2.14491,41.51015],[2.14591,41.51047],[2.14611,41.5105],[2.14643,41.51047],[2.14688,41.51033],[2.14731,41.51034],[2.14895,41.51079],[2.14908,41.51011],[2.14913,41.50949],[2.14938,41.50894],[2.1498,41.50878],[2.15126,41.50956],[2.15192,41.51001],[2.1521,41.51017],[2.1522,41.5104],[2.15243,41.51051],[2.15476,41.51136],[2.15526,41.51086],[2.15715,41.50954],[2.15806,41.50863],[2.15852,41.50805],[2.159,41.50739],[2.15955,41.50777],[2.16073,41.5083],[2.16118,41.50935],[2.16106,41.51032],[2.16164,41.51129],[2.16161,41.51166],[2.16161,41.5118],[2.16164,41.51195],[2.16182,41.51257],[2.16216,41.51303],[2.16245,41.51351],[2.16251,41.5147],[2.16262,41.51581],[2.16266,41.51613],[2.16268,41.51618],[2.1625,41.51627],[2.16236,41.51624],[2.16192,41.51609],[2.16128,41.51595],[2.16117,41.51593],[2.16111,41.51596],[2.16108,41.51605],[2.16096,41.51647],[2.1608,41.51712],[2.16071,41.5176],[2.16064,41.518],[2.16052,41.51825],[2.16033,41.51856],[2.16019,41.5187],[2.15952,41.5191],[2.15912,41.51934],[2.15888,41.51946],[2.15863,41.51954],[2.15741,41.51981],[2.15671,41.51981],[2.15469,41.51976],[2.15301,41.51997],[2.1527,41.52008],[2.15212,41.52092],[2.1519,41.52125],[2.15157,41.52171],[2.15134,41.52199],[2.15101,41.52233],[2.1508,41.52252],[2.15072,41.52256],[2.14911,41.52337],[2.14926,41.52417],[2.14932,41.52482],[2.14932,41.52512],[2.1493,41.5253],[2.14926,41.52538],[2.14906,41.5255],[2.14817,41.52614],[2.14772,41.5265],[2.14634,41.52765],[2.14623,41.52773],[2.14572,41.52806],[2.14383,41.52891],[2.1436,41.529],[2.14317,41.52912],[2.14297,41.52915],[2.14267,41.52917],[2.14201,41.52932],[2.14111,41.52985],[2.13917,41.5311],[2.13893,41.53128],[2.13882,41.53139],[2.13866,41.53162]]]},"properties":{"codi_ine":"08252","nom":"Barberà del Vallès","comarca":"Vallès Occidental"}},
{"type":"Feature","geometry":{"type":"Polygon","coordinates":[[[2.26948,41.52171],[2.26718,41.52336],[2.26597,41.52459],[2.26351,41.52635],[2.25997,41.52788],[2.25765,41.52886],[2.25578,41.52967],[2.25298,41.53171],[2.25229,41.5314],[2.25284,41.53019],[2.25188,41.52992],[2.25156,41.52995],[2.25129,41.52996],[2.25107,41.52992],[2.25067,41.52982],[2.25072,41.52957],[2.25084,41.52929],[2.25048,41.52819],[2.25023,41.52678],[2.24989,41.52628],[2.24924,41.52573],[2.24876,41.52582],[2.24709,41.52523],[2.24568,41.52494],[2.24591,41.52428],[2.24612,41.52371],[2.24628,41.52336],[2.24629,41.52332],[2.24452,41.52324],[2.24425,41.5233],[2.24413,41.52335],[2.24389,41.52357],[2.24315,41.52358],[2.24232,41.52345],[2.24228,41.52339],[2.24244,41.52302],[2.24254,41.52291],[2.24288,41.5228],[2.24321,41.52265],[2.2435,41.52229],[2.24351,41.52205],[2.2427,41.52096],[2.24262,41.52081],[2.24304,41.52046],[2.24412,41.51952],[2.24456,41.519],[2.24475,41.51871],[2.24516,41.51815],[2.24582,41.51818],[2.24641,41.51826],[2.24658,41.51833],[2.24673,41.51847],[2.24748,41.51862],[2.24841,41.51877],[2.24861,41.51878],[2.2487,41.51877],[2.24887,41.51869],[2.24909,41.51853],[2.25101,41.51727],[2.25172,41.51564],[2.25197,41.51565],[2.25313,41.51583],[2.25326,41.51584],[2.25348,41.51579],[2.25352,41.51574],[2.25338,41.5151],[2.25321,41.5145],[2.25321,41.51437],[2.25323,41.51358],[2.25328,41.51347],[2.25376,41.51309],[2.25411,41.51295],[2.25523,41.51176],[2.256,41.51078],[2.25681,41.50966],[2.25681,41.50958],[2.25703,41.50887],[2.25716,41.50869],[2.25741,41.50842],[2.25792,41.50814],[2.25831,41.50798],[2.2592,41.5077],[2.25941,41.50764],[2.25981,41.50761],[2.26037,41.50759],[2.26112,41.50762],[2.26125,41.50761],[2.26143,41.50757],[2.26162,41.5075],[2.26173,41.50741],[2.26183,41.50729],[2.26211,41.50635],[2.26257,41.50525],[2.26305,41.50429],[2.26328,41.50397],[2.26455,41.50426],[2.26543,41.50432],[2.26621,41.50432],[2.2668,41.50477],[2.26678,41.50491],[2.26688,41.50519],[2.26719,41.50576],[2.26771,41.50666],[2.26798,41.50728],[2.26811,41.50802],[2.26802,41.50839],[2.26803,41.50853],[2.26815,41.50913],[2.2682,41.50921],[2.26832,41.50929],[2.26923,41.50985],[2.27027,41.50999],[2.27181,41.51073],[2.27197,41.51083],[2.27263,41.51115],[2.27292,41.51127],[2.27322,41.51139],[2.27387,41.51161],[2.27417,41.51167],[2.27445,41.51172],[2.27477,41.51174],[2.275,41.51173],[2.2753,41.51165],[2.27558,41.51154],[2.27648,41.51178],[2.2783,41.51237],[2.27908,41.51268],[2.28002,41.51307],[2.28049,41.51327],[2.28073,41.51341],[2.28098,41.51359],[2.28126,41.51372],[2.2818,41.51392],[2.28196,41.51417],[2.28208,41.51439],[2.28215,41.51455],[2.28215,41.51463],[2.2821,41.51479],[2.2819,41.515],[2.28131,41.51572],[2.2806,41.51705],[2.28029,41.51725],[2.27962,41.51761],[2.27876,41.51733],[2.27773,41.51789],[2.27703,41.51852],[2.27693,41.51865],[2.27673,41.51884],[2.27657,41.51896],[2.27639,41.51903],[2.27556,41.51911],[2.27452,41.51921],[2.27364,41.51911],[2.27336,41.51915],[2.27304,41.51927],[2.27292,41.51934],[2.27223,41.51987],[2.2715,41.52039],[2.27136,41.52047],[2.27076,41.52068],[2.27046,41.52073],[2.27008,41.52093],[2.26955,41.52157],[2.26948,41.52171]]]},"properties":{"codi_ine":"08256","nom":"Santa Maria de Martorelles","comarca":"Vallès Oriental"}},
{"type":"Feature","geometry":{"type":"Polygon","coordinates":[[[2.18989,41.55697],[2.18917,41.55694],[2.1886,41.5569],[2.18706,41.55677],[2.18642,41.55672],[2.18587,41.55669],[2.186,41.55702],[2.18615,41.55731],[2.18321,41.55716],[2.1819,41.55702],[2.18194,41.55683],[2.18093,41.55613],[2.18002,41.55583],[2.17924,41.55561],[2.17913,41.55575],[2.17787,41.55589],[2.177,41.55574],[2.17655,41.55566],[2.17583,41.55558],[2.1744,41.55541],[2.17428,41.55527],[2.17426,41.5552],[2.17414,41.55433],[2.17397,41.55224],[2.17384,41.55088],[2.17366,41.54978],[2.17335,41.54791],[2.1711,41.5479],[2.16978,41.54792],[2.16918,41.54682],[2.16774,41.5453],[2.16805,41.54474],[2.16855,41.54409],[2.1686,41.54401],[2.16869,41.5438],[2.16906,41.54231],[2.16909,41.54217],[2.16915,41.54131],[2.16882,41.54118],[2.16761,41.54067],[2.1662,41.54],[2.16596,41.53989],[2.16563,41.53971],[2.16548,41.53961],[2.16513,41.5394],[2.16399,41.53892],[2.16299,41.53858],[2.16156,41.53791],[2.16163,41.53783],[2.15897,41.53638],[2.1586,41.53619],[2.15837,41.53631],[2.15785,41.53708],[2.15733,41.53791],[2.1573,41.53799],[2.15729,41.53825],[2.15725,41.53844],[2.1572,41.53858],[2.15706,41.53882],[2.15673,41.53918],[2.1566,41.53929],[2.14997,41.54107],[2.14993,41.54097],[2.14973,41.54063],[2.14961,41.54051],[2.14918,41.54057],[2.149,41.54062],[2.14884,41.54069],[2.14874,41.54081],[2.14869,41.54093],[2.14858,41.54112],[2.14832,41.54134],[2.14797,41.54147],[2.14751,41.54153],[2.14618,41.54126],[2.14588,41.54094],[2.14512,41.53973],[2.14491,41.53854],[2.14232,41.53808],[2.14138,41.53806],[2.14069,41.53751],[2.14052,41.53719],[2.1406,41.53686],[2.14058,41.53667],[2.14043,41.53619],[2.14038,41.53607],[2.13958,41.5346],[2.13926,41.53409],[2.13904,41.53383],[2.13852,41.53329],[2.13822,41.53314],[2.13867,41.53176],[2.13866,41.53162],[2.13882,41.53139],[2.13893,41.53128],[2.13917,41.5311],[2.14111,41.52985],[2.14201,41.52932],[2.14267,41.52917],[2.14297,41.52915],[2.14317,41.52912],[2.1436,41.529],[2.14383,41.52891],[2.14572,41.52806],[2.14623,41.52773],[2.14634,41.52765],[2.14772,41.5265],[2.14817,41.52614],[2.14906,41.5255],[2.14926,41.52538],[2.1493,41.5253],[2.14932,41.52512],[2.14932,41.52482],[2.14926,41.52417],[2.14911,41.52337],[2.15072,41.52256],[2.1508,41.52252],[2.15101,41.52233],[2.15134,41.52199],[2.15157,41.52171],[2.1519,41.52125],[2.15212,41.52092],[2.1527,41.52008],[2.15301,41.51997],[2.15469,41.51976],[2.15671,41.51981],[2.15741,41.51981],[2.15863,41.51954],[2.15888,41.51946],[2.15912,41.51934],[2.15952,41.5191],[2.16019,41.5187],[2.16033,41.51856],[2.16052,41.51825],[2.16064,41.518],[2.16071,41.5176],[2.1608,41.51712],[2.16096,41.51647],[2.16108,41.51605],[2.16111,41.51596],[2.16117,41.51593],[2.16128,41.51595],[2.16192,41.51609],[2.16236,41.51624],[2.1625,41.51627],[2.16268,41.51618],[2.16266,41.51613],[2.16317,41.51607],[2.16336,41.516],[2.16382,41.5157],[2.16397,41.51565],[2.16468,41.51548],[2.16494,41.51544],[2.16541,41.51538],[2.16553,41.51538],[2.16574,41.51542],[2.16579,41.51545],[2.16698,41.51555],[2.1686,41.51527],[2.16924,41.5151],[2.17002,41.51488],[2.17021,41.51482],[2.17109,41.51541],[2.17109,41.51619],[2.17106,41.51647],[2.17108,41.51682],[2.17111,41.5169],[2.17142,41.51706],[2.17215,41.51738],[2.17234,41.51745],[2.17247,41.51747],[2.17297,41.51751],[2.17327,41.51752],[2.1736,41.51802],[2.17364,41.51849],[2.17372,41.5195],[2.17373,41.51974],[2.17376,41.5199],[2.17402,41.52057],[2.17406,41.52062],[2.17472,41.52092],[2.17506,41.52078],[2.17676,41.52006],[2.17779,41.51926],[2.17832,41.51902],[2.17894,41.51883],[2.18007,41.51826],[2.18106,41.51767],[2.18128,41.51758],[2.18181,41.51742],[2.18214,41.51734],[2.18232,41.51731],[2.1839,41.51707],[2.18462,41.51697],[2.18485,41.51695],[2.18517,41.51696],[2.1854,41.51698],[2.18597,41.51707],[2.18648,41.51708],[2.18758,41.51681],[2.18795,41.5167],[2.18803,41.51666],[2.18841,41.51642],[2.18877,41.51616],[2.1889,41.51596],[2.18903,41.51564],[2.18908,41.51549],[2.18933,41.51547],[2.19461,41.51686],[2.19886,41.51649],[2.19913,41.51672],[2.2,41.51749],[2.2013,41.5187],[2.20147,41.51887],[2.20167,41.51914],[2.20187,41.51972],[2.20242,41.52115],[2.20301,41.52269],[2.20331,41.52342],[2.20562,41.52688],[2.20613,41.52763],[2.20645,41.52807],[2.20642,41.52858],[2.2065,41.52889],[2.20651,41.52911],[2.20651,41.52933],[2.20549,41.53016],[2.20416,41.53246],[2.20412,41.53257],[2.20414,41.53299],[2.20409,41.53323],[2.20403,41.53342],[2.20394,41.53363],[2.20386,41.53376],[2.20371,41.53397],[2.20328,41.53411],[2.20312,41.53417],[2.20284,41.53443],[2.2026,41.5347],[2.20213,41.53527],[2.20114,41.53648],[2.20101,41.5367],[2.20086,41.5372],[2.20087,41.53729],[2.20113,41.53791],[2.20128,41.53832],[2.20131,41.53847],[2.20127,41.53873],[2.20092,41.54005],[2.20084,41.54032],[2.2007,41.5405],[2.20059,41.54059],[2.2004,41.54069],[2.19998,41.54102],[2.19987,41.54115],[2.19975,41.54141],[2.19955,41.54201],[2.1992,41.54324],[2.19906,41.54403],[2.19845,41.54505],[2.19657,41.54564],[2.1949,41.54617],[2.19419,41.54673],[2.19411,41.54684],[2.19391,41.54731],[2.19387,41.54743],[2.19386,41.54756],[2.1939,41.54769],[2.19401,41.54791],[2.1941,41.54812],[2.19418,41.54837],[2.1942,41.54852],[2.1942,41.54866],[2.19417,41.54952],[2.1941,41.54978],[2.19384,41.55036],[2.19362,41.55081],[2.19351,41.551],[2.19329,41.55132],[2.19311,41.55151],[2.19289,41.55177],[2.19267,41.55209],[2.19215,41.5529],[2.19184,41.55351],[2.19136,41.55442],[2.19098,41.5551],[2.19002,41.55677],[2.18989,41.55697]]]},"properties":{"codi_ine":"08260","nom":"Santa Perpètua de Mogoda","comarca":"Vallès Occidental"}},
{"type":"Feature","geometry":{"type":"Polygon","coordinates":[[[2.02182,41.38978],[2.02145,41.39132],[2.02125,41.39238],[2.02102,41.39301],[2.01982,41.39545],[2.01913,41.39663],[2.01864,41.39747],[2.01717,41.39967],[2.01632,41.40106],[2.01602,41.40161],[2.0153,41.40294],[2.01482,41.40389],[2.01444,41.40455],[2.01336,41.40616],[2.01305,41.40658],[2.01262,41.40714],[2.01203,41.40781],[2.01165,41.40833],[2.01124,41.40914],[2.01093,41.40966],[2.01049,41.4102],[2.00971,41.41098],[2.00348,41.40917],[2.00292,41.40889],[2.00207,41.40801],[2.0009,41.40692],[2.0002,41.40649],[1.99961,41.40622],[1.99828,41.40708],[1.99694,41.40775],[1.99526,41.40834],[1.99437,41.40856],[1.99272,41.40882],[1.99135,41.40896],[1.99049,41.40896],[1.9886,41.40833],[1.98916,41.40758],[1.98957,41.40716],[1.98983,41.40658],[1.99007,41.40586],[1.9906,41.405],[1.99067,41.40491],[1.99133,41.40447],[1.99235,41.40383],[1.9936,41.40374],[1.99383,41.40371],[1.9939,41.40366],[1.99396,41.40351],[1.994,41.40329],[1.99403,41.40319],[1.99413,41.40303],[1.99429,41.40288],[1.99494,41.40244],[1.99515,41.40241],[1.99554,41.40161],[1.99564,41.40133],[1.99571,41.40098],[1.99567,41.40076],[1.9956,41.40066],[1.9955,41.40056],[1.9953,41.40033],[1.99521,41.40014],[1.99503,41.39973],[1.99522,41.39735],[1.99528,41.39658],[1.99525,41.39621],[1.99507,41.39605],[1.99433,41.39567],[1.99405,41.39556],[1.99345,41.39529],[1.99319,41.39515],[1.99271,41.39484],[1.99213,41.39443],[1.99191,41.39435],[1.9916,41.39426],[1.99083,41.39416],[1.99002,41.39408],[1.98993,41.3941],[1.9894,41.39432],[1.98888,41.39392],[1.98849,41.39357],[1.98829,41.39331],[1.98761,41.39237],[1.98725,41.39153],[1.9869,41.39107],[1.98663,41.39082],[1.98648,41.39079],[1.98584,41.39039],[1.98551,41.39018],[1.98543,41.38825],[1.98522,41.38806],[1.98449,41.38753],[1.98421,41.38741],[1.98394,41.38738],[1.98379,41.38732],[1.98366,41.38725],[1.98312,41.38681],[1.9826,41.38576],[1.98235,41.38518],[1.98186,41.38382],[1.98131,41.38237],[1.98124,41.38214],[1.98119,41.38162],[1.98118,41.3814],[1.98147,41.38089],[1.9808,41.38039],[1.97927,41.38033],[1.97986,41.37777],[1.98019,41.37745],[1.98032,41.37736],[1.98057,41.37726],[1.98085,41.37724],[1.98115,41.37724],[1.98152,41.37728],[1.98267,41.37708],[1.98403,41.37678],[1.98435,41.37664],[1.98454,41.37648],[1.98473,41.37622],[1.98489,41.37597],[1.98501,41.37572],[1.98515,41.37557],[1.98601,41.37534],[1.98633,41.37547],[1.98699,41.37587],[1.98786,41.37633],[1.98841,41.37652],[1.98877,41.37657],[1.9891,41.37658],[1.98945,41.37658],[1.98975,41.37647],[1.99006,41.37631],[1.99065,41.37589],[1.99102,41.37597],[1.99454,41.37558],[1.99491,41.37537],[1.99523,41.37512],[1.9958,41.37437],[1.9968,41.37341],[1.99846,41.37245],[1.99882,41.37235],[1.99953,41.37213],[1.99965,41.37204],[1.9998,41.37184],[1.99984,41.37176],[1.99986,41.37159],[2.00201,41.37642],[2.00202,41.37654],[2.00197,41.3766],[2.00192,41.37709],[2.00284,41.3779],[2.00411,41.37844],[2.00548,41.37889],[2.00567,41.37894],[2.00671,41.37922],[2.00753,41.37927],[2.00804,41.37928],[2.00828,41.37923],[2.00858,41.37911],[2.00871,41.37902],[2.00915,41.37894],[2.00967,41.3789],[2.01175,41.37883],[2.01197,41.37883],[2.01221,41.37887],[2.01407,41.37921],[2.01592,41.37989],[2.01767,41.38033],[2.02006,41.38094],[2.02375,41.38224],[2.02665,41.3832],[2.02653,41.38349],[2.02636,41.38381],[2.02621,41.38408],[2.02585,41.38463],[2.0243,41.38671],[2.02348,41.38766],[2.02263,41.38878],[2.02231,41.38928],[2.02212,41.38949],[2.02182,41.38978]]]},"properties":{"codi_ine":"08263","nom":"Sant Vicenç dels Horts","comarca":"Baix Llobregat"}},
{"type":"Feature","geometry":{"type":"Polygon","coordinates":[[[2.50989,41.55963],[2.51038,41.55987],[2.51106,41.56021],[2.51175,41.56057],[2.51197,41.5607],[2.51241,41.56092],[2.51276,41.56109],[2.51302,41.56122],[2.51324,41.56142],[2.51355,41.56163],[2.51419,41.56204],[2.51456,41.56222],[2.51479,41.56229],[2.51523,41.5624],[2.51548,41.56244],[2.51588,41.56262],[2.51601,41.56275],[2.51616,41.56283],[2.51699,41.56325],[2.51734,41.56339],[2.51759,41.56345],[2.51805,41.56356],[2.5188,41.56411],[2.51896,41.5642],[2.51914,41.56429],[2.51936,41.56437],[2.51969,41.56444],[2.5198,41.56445],[2.52018,41.56463],[2.52052,41.56482],[2.52072,41.56492],[2.52161,41.56533],[2.5218,41.56541],[2.52229,41.56557],[2.52154,41.56664],[2.52089,41.56748],[2.51933,41.56927],[2.51874,41.57046],[2.5185,41.57126],[2.51836,41.57174],[2.51784,41.57278],[2.51744,41.57334],[2.51779,41.57441],[2.51786,41.57452],[2.51966,41.57587],[2.52107,41.57591],[2.5218,41.57573],[2.52223,41.57554],[2.52283,41.57526],[2.5232,41.575],[2.52331,41.57489],[2.52372,41.57477],[2.524,41.57475],[2.52516,41.57478],[2.52529,41.57488],[2.52514,41.57509],[2.52504,41.57536],[2.52491,41.57587],[2.52493,41.57627],[2.5241,41.57713],[2.52399,41.57709],[2.52378,41.57706],[2.5233,41.57706],[2.52313,41.57708],[2.52292,41.57712],[2.52262,41.57722],[2.52249,41.57728],[2.52222,41.57742],[2.52207,41.57753],[2.52195,41.57768],[2.52188,41.5781],[2.52182,41.57854],[2.52134,41.58048],[2.52124,41.58105],[2.52112,41.58113],[2.52107,41.58123],[2.52098,41.58168],[2.52096,41.58183],[2.52035,41.58327],[2.52029,41.58339],[2.52021,41.58406],[2.52021,41.58434],[2.52025,41.58461],[2.52031,41.58479],[2.52062,41.5854],[2.52082,41.58575],[2.52185,41.58748],[2.52216,41.58822],[2.52278,41.58958],[2.52285,41.58973],[2.52305,41.59004],[2.52324,41.59027],[2.5233,41.59038],[2.5233,41.5905],[2.52321,41.59088],[2.52316,41.59095],[2.52248,41.5916],[2.52208,41.59191],[2.52123,41.59256],[2.52033,41.59348],[2.52024,41.59364],[2.52016,41.59383],[2.51983,41.59436],[2.51931,41.59491],[2.51812,41.59558],[2.51777,41.59558],[2.51696,41.59553],[2.51523,41.59538],[2.51513,41.59541],[2.51466,41.5955],[2.51428,41.59551],[2.51394,41.59551],[2.51351,41.5955],[2.5119,41.59535],[2.51051,41.59488],[2.51044,41.59483],[2.51032,41.59482],[2.50984,41.59482],[2.50831,41.59497],[2.50796,41.59637],[2.50644,41.59697],[2.5053,41.59738],[2.50465,41.59764],[2.50402,41.59825],[2.50341,41.59893],[2.50166,41.60061],[2.50154,41.60071],[2.50067,41.60117],[2.50029,41.60135],[2.49993,41.6015],[2.49931,41.6018],[2.49926,41.60183],[2.4989,41.60232],[2.49872,41.60264],[2.49868,41.6029],[2.49867,41.60306],[2.49902,41.60336],[2.49929,41.60348],[2.49953,41.60395],[2.49912,41.60443],[2.4981,41.60553],[2.49789,41.60574],[2.4976,41.6059],[2.49634,41.60413],[2.49491,41.60123],[2.49425,41.60035],[2.49461,41.59756],[2.4945,41.59737],[2.49442,41.59731],[2.49282,41.59615],[2.49331,41.59558],[2.49474,41.59408],[2.49538,41.59317],[2.49596,41.59241],[2.49613,41.59235],[2.49623,41.59228],[2.49628,41.59218],[2.49627,41.59211],[2.49578,41.59048],[2.4954,41.58919],[2.49542,41.58915],[2.49587,41.58463],[2.49582,41.58393],[2.49603,41.58279],[2.49622,41.58201],[2.49633,41.58176],[2.49645,41.58151],[2.49657,41.58137],[2.49645,41.58022],[2.49568,41.5781],[2.4958,41.57637],[2.49551,41.57451],[2.49534,41.57313],[2.49545,41.57113],[2.49548,41.57077],[2.49552,41.5705],[2.49558,41.57019],[2.49574,41.57011],[2.49627,41.56992],[2.49648,41.56988],[2.49689,41.56987],[2.49706,41.56987],[2.49722,41.56991],[2.49863,41.56941],[2.49956,41.56825],[2.50081,41.56721],[2.50073,41.56698],[2.50072,41.56678],[2.50079,41.56648],[2.50098,41.5662],[2.50128,41.56592],[2.50168,41.56563],[2.50195,41.56558],[2.50217,41.56561],[2.50304,41.56543],[2.5042,41.56493],[2.50527,41.56435],[2.50585,41.56401],[2.50613,41.56374],[2.50633,41.56348],[2.50647,41.56321],[2.50662,41.56258],[2.50733,41.56161],[2.50909,41.5602],[2.50989,41.55963]]]},"properties":{"codi_ine":"08264","nom":"Sant Vicenç de Montalt","comarca":"Maresme"}},
{"type":"Feature","geometry":{"type":"Polygon","coordinates":[[[2.08865,41.51123],[2.08868,41.51146],[2.0854,41.51075],[2.08449,41.51038],[2.08343,41.5101],[2.08239,41.5099],[2.08119,41.50977],[2.08034,41.50819],[2.0798,41.50761],[2.07965,41.5075],[2.0794,41.5074],[2.07845,41.50713],[2.07726,41.5068],[2.07677,41.50668],[2.07603,41.50662],[2.07518,41.5066],[2.07525,41.50623],[2.07525,41.50525],[2.07506,41.5047],[2.07499,41.50397],[2.07499,41.50386],[2.07508,41.50357],[2.07516,41.50334],[2.07519,41.50203],[2.0751,41.50065],[2.07499,41.49956],[2.07476,41.49851],[2.07449,41.49758],[2.07437,41.49748],[2.07422,41.49728],[2.07887,41.49499],[2.08205,41.48892],[2.09021,41.48362],[2.09136,41.48263],[2.09505,41.48037],[2.10031,41.47539],[2.10166,41.47407],[2.10275,41.4733],[2.10311,41.47322],[2.10363,41.47308],[2.10434,41.4728],[2.10466,41.4726],[2.10468,41.47216],[2.10455,41.4716],[2.10491,41.47102],[2.10524,41.47054],[2.10607,41.46938],[2.10607,41.46911],[2.10611,41.46869],[2.10616,41.46848],[2.10621,41.46836],[2.10633,41.46824],[2.10659,41.46809],[2.10792,41.46746],[2.10803,41.46741],[2.10866,41.46717],[2.10878,41.46714],[2.1095,41.46698],[2.10991,41.46692],[2.11061,41.46682],[2.11085,41.46675],[2.11182,41.46629],[2.11212,41.46614],[2.11238,41.46599],[2.1139,41.46579],[2.11742,41.46616],[2.11762,41.46608],[2.11754,41.46525],[2.1175,41.465],[2.11732,41.46437],[2.11727,41.46429],[2.11714,41.4642],[2.11672,41.46388],[2.1164,41.46342],[2.11634,41.4633],[2.11631,41.46314],[2.11636,41.4622],[2.11621,41.46177],[2.11591,41.4609],[2.11633,41.45987],[2.11705,41.45917],[2.11769,41.45862],[2.11803,41.45802],[2.11826,41.45643],[2.1183,41.45634],[2.11839,41.4563],[2.11895,41.4561],[2.1196,41.4559],[2.11978,41.45582],[2.11988,41.45574],[2.11993,41.45559],[2.11995,41.45536],[2.11995,41.45518],[2.11993,41.45506],[2.11977,41.4545],[2.11961,41.45413],[2.11961,41.45271],[2.11974,41.45246],[2.11994,41.45182],[2.11998,41.45165],[2.11999,41.45148],[2.11998,41.45118],[2.11992,41.45068],[2.11994,41.4504],[2.11996,41.45021],[2.12,41.45007],[2.12008,41.44994],[2.12074,41.44901],[2.12082,41.44892],[2.1209,41.44886],[2.12122,41.4487],[2.12152,41.4486],[2.12179,41.44855],[2.12472,41.44652],[2.12564,41.44541],[2.12712,41.44477],[2.12797,41.44428],[2.12923,41.44346],[2.12994,41.44303],[2.13064,41.44371],[2.13202,41.44415],[2.13291,41.44494],[2.13361,41.4458],[2.13461,41.44725],[2.1352,41.44754],[2.13634,41.44761],[2.13694,41.44765],[2.13749,41.44783],[2.1383,41.44785],[2.1405,41.44748],[2.1411,41.44731],[2.14257,41.44714],[2.14303,41.44745],[2.14351,41.44762],[2.14399,41.44777],[2.14476,41.44786],[2.14521,41.44788],[2.14624,41.44764],[2.14709,41.44722],[2.14725,41.44711],[2.14758,41.44695],[2.14781,41.44687],[2.14842,41.44676],[2.14864,41.44679],[2.14906,41.44695],[2.14915,41.44701],[2.15115,41.44719],[2.15221,41.44718],[2.15306,41.44773],[2.15331,41.44797],[2.15341,41.44859],[2.15343,41.44865],[2.15356,41.4488],[2.15433,41.44935],[2.15584,41.44993],[2.15856,41.45375],[2.15836,41.45486],[2.15801,41.4555],[2.1578,41.45565],[2.15744,41.45568],[2.15697,41.45611],[2.15722,41.45788],[2.15731,41.45839],[2.15738,41.45863],[2.15782,41.45954],[2.15852,41.46024],[2.15779,41.46106],[2.15825,41.462],[2.15871,41.46279],[2.15921,41.46348],[2.15967,41.46427],[2.15983,41.4646],[2.15985,41.46473],[2.1598,41.46547],[2.15962,41.46583],[2.15865,41.46628],[2.15845,41.46644],[2.15807,41.46706],[2.15807,41.46716],[2.15826,41.46749],[2.15843,41.46764],[2.15855,41.46785],[2.15868,41.46827],[2.15826,41.46822],[2.15624,41.46702],[2.15571,41.46724],[2.15652,41.4731],[2.15535,41.47469],[2.1548,41.47491],[2.15417,41.47515],[2.15771,41.47995],[2.15724,41.48184],[2.15863,41.48329],[2.15906,41.48377],[2.15958,41.48479],[2.15731,41.48611],[2.15524,41.48724],[2.15362,41.48831],[2.15326,41.48863],[2.15237,41.48968],[2.15277,41.48989],[2.15143,41.49085],[2.14812,41.49327],[2.14959,41.49412],[2.14521,41.49733],[2.14393,41.49633],[2.14318,41.49687],[2.14286,41.49712],[2.13818,41.50238],[2.13508,41.50588],[2.13494,41.50596],[2.126,41.50624],[2.1257,41.50597],[2.12556,41.50587],[2.12477,41.50542],[2.12406,41.50504],[2.12274,41.50427],[2.12232,41.50401],[2.12161,41.50357],[2.12109,41.50323],[2.12033,41.5027],[2.11982,41.50288],[2.11956,41.50299],[2.11774,41.50379],[2.11742,41.50395],[2.11727,41.50399],[2.11612,41.50422],[2.11488,41.50442],[2.11345,41.50454],[2.11268,41.5046],[2.11193,41.50467],[2.11071,41.50485],[2.11033,41.50492],[2.10992,41.50504],[2.10981,41.50511],[2.10966,41.50529],[2.10927,41.50595],[2.10905,41.50642],[2.10902,41.50651],[2.10792,41.50718],[2.10701,41.50771],[2.10485,41.50674],[2.1035,41.5075],[2.10243,41.50828],[2.10185,41.50873],[2.1003,41.50989],[2.10008,41.51003],[2.09991,41.5101],[2.09976,41.51014],[2.09952,41.51015],[2.09919,41.51015],[2.09803,41.5101],[2.09617,41.50995],[2.09517,41.50985],[2.09429,41.50976],[2.09355,41.50967],[2.09168,41.50957],[2.08973,41.50949],[2.08961,41.50949],[2.08936,41.50976],[2.08917,41.51],[2.08871,41.51123],[2.08865,41.51123]]]},"properties":{"codi_ine":"08266","nom":"Cerdanyola del Vallès","comarca":"Vallès Occidental"}},
{"type":"Feature","geometry":{"type":"Polygon","coordinates":[[[2.09611,41.65913],[2.09093,41.66019],[2.09089,41.66001],[2.09089,41.65992],[2.09098,41.65895],[2.09112,41.65854],[2.09127,41.65828],[2.09149,41.65775],[2.09152,41.65753],[2.09153,41.6573],[2.09144,41.65672],[2.09138,41.65546],[2.09152,41.65473],[2.09159,41.65458],[2.09177,41.65439],[2.09195,41.65425],[2.09344,41.65355],[2.09509,41.65301],[2.09562,41.65281],[2.09692,41.65202],[2.09735,41.6516],[2.09744,41.65142],[2.09748,41.651],[2.09746,41.65083],[2.09759,41.65049],[2.0981,41.64968],[2.09837,41.6494],[2.09874,41.64917],[2.0983,41.64837],[2.09774,41.6473],[2.09833,41.64682],[2.09908,41.64607],[2.09954,41.64534],[2.10007,41.64339],[2.09786,41.63525],[2.09797,41.63516],[2.09841,41.63467],[2.09858,41.63445],[2.09861,41.63394],[2.09859,41.6337],[2.0986,41.63332],[2.09866,41.63296],[2.0988,41.63271],[2.09915,41.63221],[2.10002,41.63064],[2.10076,41.62971],[2.10105,41.62941],[2.10127,41.62914],[2.10378,41.62367],[2.10568,41.62143],[2.10823,41.61996],[2.11222,41.61815],[2.11212,41.61768],[2.1128,41.61749],[2.11344,41.61741],[2.11361,41.61742],[2.11474,41.61721],[2.11582,41.61652],[2.11626,41.61616],[2.11672,41.61576],[2.11691,41.61551],[2.11711,41.61514],[2.11649,41.6148],[2.11585,41.61447],[2.11541,41.61438],[2.11371,41.61322],[2.1128,41.61241],[2.11266,41.61225],[2.11219,41.61155],[2.11203,41.61127],[2.11475,41.60914],[2.1152,41.60789],[2.11556,41.60678],[2.11563,41.6065],[2.11578,41.6062],[2.11593,41.60601],[2.11634,41.60562],[2.11644,41.60555],[2.11704,41.60527],[2.11745,41.60514],[2.11827,41.60415],[2.11837,41.60248],[2.11815,41.60121],[2.11783,41.60088],[2.11765,41.60041],[2.11764,41.60019],[2.11768,41.59964],[2.1177,41.59952],[2.11791,41.59905],[2.11805,41.59803],[2.118,41.59739],[2.11791,41.59667],[2.11777,41.59547],[2.11765,41.59371],[2.1177,41.59299],[2.11769,41.59188],[2.11746,41.59087],[2.11724,41.59017],[2.11753,41.59003],[2.11783,41.58986],[2.11795,41.58968],[2.11793,41.5895],[2.1179,41.58944],[2.11779,41.58936],[2.11781,41.58829],[2.11822,41.58747],[2.1175,41.58587],[2.11734,41.58447],[2.11725,41.58327],[2.11745,41.5819],[2.11737,41.57951],[2.11736,41.57914],[2.11742,41.579],[2.1175,41.57888],[2.1181,41.57807],[2.12093,41.5782],[2.12264,41.5781],[2.12325,41.5778],[2.12401,41.57732],[2.12525,41.57678],[2.12571,41.57649],[2.12601,41.5754],[2.1318,41.57441],[2.13667,41.57431],[2.13848,41.57467],[2.14214,41.57532],[2.14991,41.5763],[2.14968,41.5765],[2.14915,41.57711],[2.14894,41.57736],[2.14942,41.57761],[2.14965,41.57769],[2.14992,41.57775],[2.15049,41.57779],[2.15124,41.57774],[2.15167,41.57772],[2.15191,41.57779],[2.15234,41.5781],[2.15261,41.57841],[2.15185,41.57963],[2.15124,41.58049],[2.15133,41.58112],[2.15176,41.5819],[2.1525,41.58318],[2.15217,41.58339],[2.1521,41.58346],[2.15182,41.58387],[2.15501,41.5927],[2.16117,41.59705],[2.16218,41.59866],[2.16454,41.59961],[2.1646,41.59999],[2.16469,41.60108],[2.16469,41.60119],[2.16243,41.61018],[2.16083,41.61471],[2.15774,41.61859],[2.15702,41.62005],[2.15666,41.62083],[2.1566,41.62115],[2.15663,41.62128],[2.15674,41.62141],[2.15686,41.62146],[2.15635,41.62199],[2.15597,41.62235],[2.15576,41.62253],[2.1556,41.62264],[2.15533,41.62278],[2.15418,41.62394],[2.15405,41.62422],[2.15391,41.62445],[2.15286,41.62588],[2.15242,41.62631],[2.1518,41.62708],[2.15164,41.62732],[2.15141,41.6278],[2.15093,41.62849],[2.15031,41.62921],[2.14922,41.63029],[2.14869,41.63078],[2.14836,41.63091],[2.14655,41.63166],[2.14627,41.63202],[2.14516,41.63276],[2.14483,41.63296],[2.14099,41.63388],[2.14007,41.63642],[2.13696,41.63842],[2.13681,41.63863],[2.13651,41.6389],[2.13618,41.63913],[2.13596,41.63924],[2.1356,41.63937],[2.1352,41.6395],[2.13472,41.63954],[2.13428,41.63949],[2.13393,41.63943],[2.13328,41.63926],[2.13294,41.63915],[2.13268,41.63903],[2.13243,41.63892],[2.13216,41.63892],[2.13187,41.63902],[2.1316,41.63917],[2.13138,41.63932],[2.13108,41.63961],[2.131,41.63977],[2.13088,41.63995],[2.1307,41.64012],[2.13051,41.64026],[2.13008,41.64034],[2.12951,41.64043],[2.12912,41.64043],[2.12883,41.6404],[2.12855,41.64029],[2.12826,41.64011],[2.12797,41.63997],[2.12775,41.6399],[2.12748,41.63987],[2.12712,41.63988],[2.12673,41.63997],[2.12586,41.64026],[2.12542,41.64042],[2.12482,41.64067],[2.12422,41.64093],[2.12392,41.64108],[2.12386,41.64158],[2.12381,41.64191],[2.12374,41.64214],[2.1235,41.64279],[2.12328,41.64309],[2.12305,41.64338],[2.12265,41.6437],[2.12224,41.64398],[2.12197,41.64438],[2.12177,41.64482],[2.12162,41.64516],[2.12148,41.64552],[2.11883,41.64527],[2.118,41.64374],[2.11766,41.6437],[2.11625,41.6436],[2.11626,41.6439],[2.11638,41.64425],[2.11651,41.64442],[2.11676,41.64482],[2.11678,41.64499],[2.11559,41.64516],[2.11462,41.64527],[2.1134,41.64546],[2.11316,41.64564],[2.11295,41.64592],[2.11264,41.64671],[2.11248,41.64715],[2.11246,41.64812],[2.11242,41.64879],[2.11195,41.64893],[2.11161,41.64895],[2.11147,41.649],[2.11123,41.64916],[2.11114,41.64924],[2.1107,41.64972],[2.11088,41.65008],[2.11097,41.65016],[2.11106,41.65028],[2.1111,41.65037],[2.11111,41.6505],[2.1111,41.651],[2.11105,41.65111],[2.11094,41.65124],[2.11081,41.65135],[2.11052,41.65149],[2.11034,41.65162],[2.11016,41.65177],[2.10991,41.65214],[2.10967,41.65286],[2.10958,41.65323],[2.10957,41.65351],[2.10932,41.65413],[2.10928,41.65419],[2.10909,41.65431],[2.10795,41.65491],[2.10788,41.65493],[2.10711,41.65503],[2.10638,41.65505],[2.10569,41.656],[2.10467,41.65636],[2.10348,41.65661],[2.10194,41.657],[2.10205,41.65831],[2.09969,41.65858],[2.09734,41.65874],[2.09636,41.65886],[2.09611,41.65913]]]},"properties":{"codi_ine":"08267","nom":"Sentmenat","comarca":"Vallès Occidental"}},
{"type":"Feature","geometry":{"type":"MultiPolygon","coordinates":[[[[1.78962,41.22547],[1.78974,41.22551],[1.78976,41.22557],[1.78967,41.22568],[1.78953,41.22564],[1.78951,41.22553],[1.78962,41.22547]]],[[[1.79024,41.22598],[1.79029,41.22605],[1.7902,41.22614],[1.79014,41.22615],[1.79005,41.22609],[1.7901,41.22598],[1.79024,41.22598]]],[[[1.79037,41.22621],[1.79042,41.22631],[1.79035,41.22636],[1.79024,41.22634],[1.7902,41.2263],[1.79024,41.22622],[1.79037,41.22621]]],[[[1.79294,41.22778],[1.79303,41.22783],[1.79304,41.22792],[1.79296,41.22797],[1.79287,41.22796],[1.79281,41.22789],[1.79283,41.22782],[1.79294,41.22778]]],[[[1.79371,41.22839],[1.7938,41.22841],[1.79386,41.22847],[1.79381,41.22857],[1.79368,41.22859],[1.79359,41.22855],[1.79363,41.22843],[1.79371,41.22839]]],[[[1.94249,41.28027],[1.942,41.28061],[1.94175,41.28077],[1.94146,41.2809],[1.94083,41.28112],[1.94023,41.28135],[1.93977,41.28153],[1.93923,41.28174],[1.93745,41.28253],[1.93662,41.28302],[1.9362,41.28334],[1.93586,41.28355],[1.93546,41.28377],[1.93531,41.28384],[1.93491,41.28396],[1.93457,41.28398],[1.93413,41.28409],[1.93336,41.28438],[1.93187,41.28506],[1.93089,41.28568],[1.9298,41.2865],[1.92951,41.28675],[1.92924,41.287],[1.92903,41.28732],[1.9287,41.28773],[1.92819,41.2881],[1.92772,41.28836],[1.92686,41.28872],[1.92656,41.2888],[1.92634,41.28893],[1.92619,41.28943],[1.92605,41.29002],[1.92601,41.29022],[1.92587,41.29044],[1.92573,41.29062],[1.92488,41.29112],[1.92434,41.29128],[1.92409,41.2913],[1.92383,41.29126],[1.92348,41.29113],[1.92281,41.29088],[1.92196,41.29061],[1.92154,41.29054],[1.92118,41.29052],[1.92031,41.29063],[1.91996,41.29067],[1.91966,41.29067],[1.91778,41.28999],[1.91732,41.28973],[1.91673,41.28951],[1.91609,41.2893],[1.91487,41.28896],[1.91446,41.28895],[1.91414,41.28891],[1.91375,41.28875],[1.9133,41.28849],[1.91299,41.28831],[1.91286,41.2882],[1.91292,41.28785],[1.91287,41.28686],[1.91187,41.28538],[1.9113,41.28473],[1.90996,41.28367],[1.90965,41.28346],[1.90916,41.28313],[1.9082,41.28294],[1.90758,41.28284],[1.90685,41.28285],[1.90587,41.28285],[1.90533,41.28272],[1.90503,41.28256],[1.90483,41.28224],[1.90397,41.2817],[1.90277,41.28107],[1.9022,41.28085],[1.90173,41.28078],[1.90111,41.2808],[1.89955,41.28121],[1.89926,41.2813],[1.8989,41.28145],[1.89842,41.28172],[1.89798,41.28194],[1.89777,41.28198],[1.89721,41.28198],[1.89691,41.28194],[1.8964,41.28172],[1.89594,41.28163],[1.8954,41.28153],[1.89485,41.28168],[1.8942,41.28199],[1.8936,41.2822],[1.89337,41.28227],[1.89208,41.28247],[1.89169,41.28249],[1.8905,41.28312],[1.89034,41.28332],[1.89015,41.28341],[1.88983,41.28344],[1.88924,41.28334],[1.88891,41.28322],[1.88861,41.28308],[1.88834,41.28292],[1.88813,41.28276],[1.88774,41.28241],[1.88734,41.28201],[1.88686,41.28173],[1.8865,41.28158],[1.88573,41.28166],[1.88542,41.28164],[1.88531,41.2815],[1.88525,41.28122],[1.88517,41.2807],[1.88515,41.28053],[1.88516,41.2804],[1.88528,41.28024],[1.88544,41.28012],[1.88554,41.27997],[1.88556,41.2798],[1.88548,41.2796],[1.88533,41.27952],[1.88491,41.27942],[1.88442,41.27937],[1.88388,41.27917],[1.88349,41.27899],[1.883,41.2786],[1.88289,41.27845],[1.88239,41.27819],[1.8805,41.27831],[1.87878,41.27866],[1.87624,41.2791],[1.87437,41.27937],[1.87338,41.27958],[1.87314,41.27963],[1.8727,41.27965],[1.87225,41.27955],[1.87195,41.2794],[1.87179,41.27925],[1.87162,41.27898],[1.87143,41.27864],[1.85976,41.27122],[1.86137,41.26971],[1.86026,41.26943],[1.85952,41.26932],[1.85662,41.26901],[1.85651,41.269],[1.85638,41.26902],[1.8554,41.26925],[1.85481,41.26941],[1.85439,41.26956],[1.85411,41.26969],[1.85405,41.26975],[1.8538,41.27011],[1.8536,41.2703],[1.8534,41.27043],[1.85304,41.27056],[1.8528,41.27061],[1.85252,41.27057],[1.85208,41.27045],[1.85195,41.27048],[1.85118,41.2712],[1.85096,41.2715],[1.85072,41.27187],[1.85054,41.27207],[1.85015,41.27224],[1.85,41.27227],[1.84981,41.27228],[1.84883,41.27224],[1.84857,41.27222],[1.84718,41.2721],[1.84644,41.27198],[1.84487,41.27225],[1.84251,41.27155],[1.84207,41.27131],[1.84191,41.27121],[1.84186,41.27114],[1.84165,41.27071],[1.84155,41.27042],[1.84156,41.27029],[1.84154,41.27007],[1.84149,41.2699],[1.84117,41.26925],[1.84092,41.2688],[1.83934,41.2684],[1.83759,41.26832],[1.83724,41.26837],[1.83595,41.26846],[1.83561,41.26845],[1.83538,41.26841],[1.835,41.26831],[1.83486,41.2681],[1.83471,41.26779],[1.83465,41.26758],[1.83457,41.26717],[1.83459,41.26697],[1.83473,41.26666],[1.83488,41.26645],[1.83511,41.26628],[1.83531,41.26616],[1.8355,41.266],[1.8357,41.2658],[1.83586,41.26562],[1.8361,41.26444],[1.83457,41.26139],[1.83392,41.26062],[1.83289,41.26047],[1.83249,41.26043],[1.8318,41.26039],[1.83122,41.26037],[1.82685,41.26036],[1.82496,41.26026],[1.82465,41.25939],[1.82427,41.25918],[1.82402,41.25911],[1.82346,41.25898],[1.82326,41.25896],[1.82035,41.25782],[1.81854,41.25725],[1.81566,41.25612],[1.81404,41.25618],[1.81002,41.25472],[1.80927,41.25375],[1.80783,41.25342],[1.80492,41.25208],[1.79957,41.24957],[1.79933,41.24929],[1.79915,41.24899],[1.79903,41.24871],[1.79876,41.24712],[1.79865,41.24685],[1.79763,41.2458],[1.79751,41.24568],[1.79696,41.24533],[1.79678,41.24522],[1.79454,41.24424],[1.79342,41.24412],[1.79293,41.24416],[1.79277,41.24416],[1.79238,41.24407],[1.79203,41.24392],[1.79169,41.24375],[1.79162,41.24366],[1.79162,41.24357],[1.79178,41.24256],[1.7917,41.24239],[1.79154,41.24223],[1.7914,41.24211],[1.79087,41.2418],[1.79064,41.24172],[1.79044,41.24169],[1.78963,41.24168],[1.7895,41.24167],[1.78934,41.24161],[1.78905,41.24145],[1.78894,41.24136],[1.78873,41.24116],[1.7881,41.24048],[1.78795,41.24007],[1.78791,41.23954],[1.78787,41.23938],[1.78781,41.23927],[1.78747,41.23883],[1.78732,41.23866],[1.78666,41.23794],[1.78593,41.23624],[1.78578,41.23538],[1.78578,41.23476],[1.78576,41.23456],[1.78572,41.23428],[1.78561,41.23383],[1.78505,41.23237],[1.7847,41.23249],[1.78444,41.2326],[1.78184,41.23372],[1.77831,41.23632],[1.77576,41.2378],[1.77505,41.23822],[1.77473,41.23842],[1.77439,41.23863],[1.77311,41.23939],[1.77056,41.23947],[1.76885,41.23754],[1.76869,41.23751],[1.76837,41.23737],[1.76804,41.2372],[1.76789,41.23708],[1.76753,41.23671],[1.76664,41.23551],[1.76581,41.23427],[1.76562,41.23386],[1.76545,41.23369],[1.7652,41.23365],[1.76485,41.23363],[1.76426,41.23364],[1.76384,41.23364],[1.76328,41.23364],[1.76301,41.23362],[1.76274,41.23358],[1.76256,41.23353],[1.76233,41.23344],[1.76209,41.2333],[1.76176,41.23307],[1.76129,41.23269],[1.7609,41.23228],[1.76039,41.23165],[1.76033,41.23141],[1.76017,41.23063],[1.75916,41.22917],[1.75747,41.22734],[1.75691,41.22648],[1.75651,41.22489],[1.7565,41.22454],[1.75676,41.21964],[1.75727,41.21919],[1.75744,41.21919],[1.75751,41.21922],[1.75764,41.21938],[1.75788,41.21948],[1.75801,41.21948],[1.75825,41.2194],[1.75831,41.21937],[1.75877,41.21924],[1.75884,41.21941],[1.75909,41.2195],[1.75928,41.21954],[1.75971,41.21957],[1.75992,41.21955],[1.76016,41.21949],[1.76033,41.21939],[1.76046,41.21925],[1.76051,41.21913],[1.76037,41.21902],[1.76034,41.21893],[1.76038,41.21885],[1.76057,41.21878],[1.76101,41.21875],[1.76129,41.21871],[1.7615,41.21865],[1.76183,41.21861],[1.76186,41.21868],[1.76181,41.21896],[1.76199,41.21913],[1.76232,41.21925],[1.76255,41.21936],[1.76267,41.21947],[1.76295,41.21963],[1.76326,41.21977],[1.76371,41.21994],[1.76406,41.22001],[1.76474,41.22001],[1.76512,41.21994],[1.76529,41.21989],[1.76549,41.21975],[1.7659,41.2197],[1.76613,41.21969],[1.76628,41.21973],[1.76644,41.21978],[1.76651,41.21985],[1.76657,41.22007],[1.76655,41.22028],[1.76649,41.22043],[1.7665,41.22048],[1.76689,41.22079],[1.76721,41.22097],[1.76748,41.2211],[1.76779,41.22113],[1.76842,41.22125],[1.76853,41.2213],[1.76892,41.22139],[1.76911,41.22141],[1.76937,41.22141],[1.76952,41.22137],[1.76967,41.2213],[1.76971,41.22125],[1.76964,41.22109],[1.76962,41.22097],[1.76977,41.22089],[1.76986,41.22091],[1.77047,41.22085],[1.77095,41.22085],[1.77109,41.22088],[1.77113,41.22096],[1.77109,41.22104],[1.77094,41.22121],[1.77104,41.22132],[1.77126,41.22135],[1.77148,41.22149],[1.77172,41.22182],[1.77192,41.22209],[1.7721,41.22215],[1.77235,41.2222],[1.77296,41.22236],[1.77348,41.22239],[1.77376,41.2226],[1.7738,41.22267],[1.774,41.22282],[1.77481,41.22308],[1.77511,41.22315],[1.77555,41.22319],[1.77575,41.22315],[1.77574,41.22307],[1.77585,41.22303],[1.77603,41.22333],[1.77615,41.22343],[1.77658,41.22355],[1.77698,41.22364],[1.77748,41.22372],[1.7779,41.22376],[1.77869,41.22379],[1.77916,41.22378],[1.78056,41.22369],[1.78087,41.22365],[1.78132,41.22348],[1.78207,41.22333],[1.78225,41.22331],[1.7825,41.22332],[1.78289,41.22338],[1.78302,41.22342],[1.78353,41.22363],[1.784,41.22388],[1.78438,41.22399],[1.78458,41.22404],[1.78486,41.22406],[1.78536,41.22417],[1.78595,41.22434],[1.78633,41.22443],[1.78663,41.22448],[1.78679,41.22448],[1.78706,41.22399],[1.78708,41.2239],[1.78714,41.22381],[1.78723,41.22373],[1.7874,41.22365],[1.78758,41.22365],[1.78786,41.22369],[1.78807,41.22379],[1.788,41.22389],[1.78785,41.22379],[1.78764,41.22375],[1.78754,41.22376],[1.78743,41.22383],[1.78735,41.22395],[1.78733,41.22404],[1.78735,41.22416],[1.78741,41.22429],[1.78761,41.22449],[1.78773,41.22455],[1.78802,41.22463],[1.78814,41.22464],[1.78831,41.22462],[1.78866,41.22449],[1.78879,41.22442],[1.78885,41.22433],[1.78863,41.22404],[1.78839,41.22378],[1.78853,41.22375],[1.78867,41.22385],[1.78881,41.22399],[1.78899,41.22419],[1.78955,41.22489],[1.78952,41.22499],[1.78939,41.22499],[1.78929,41.22487],[1.78918,41.22497],[1.78925,41.22527],[1.78937,41.22533],[1.7894,41.22544],[1.78927,41.22558],[1.7892,41.22579],[1.78919,41.2259],[1.78927,41.22608],[1.78946,41.22626],[1.78965,41.22635],[1.78995,41.22659],[1.79001,41.2267],[1.79008,41.22678],[1.7903,41.22694],[1.79042,41.22699],[1.79069,41.22706],[1.79094,41.22707],[1.79124,41.22703],[1.79143,41.22694],[1.79158,41.22681],[1.79166,41.22666],[1.79125,41.22641],[1.79126,41.22634],[1.79135,41.22629],[1.79148,41.22635],[1.79229,41.22684],[1.79284,41.2272],[1.79282,41.22728],[1.79267,41.22727],[1.79234,41.22706],[1.79226,41.22703],[1.79206,41.22716],[1.79191,41.22737],[1.79186,41.2275],[1.79183,41.22767],[1.79186,41.22787],[1.79191,41.22797],[1.79201,41.22809],[1.79221,41.22821],[1.79248,41.22818],[1.79276,41.22831],[1.79284,41.22848],[1.79318,41.22868],[1.79357,41.22885],[1.79367,41.22895],[1.79379,41.22903],[1.79394,41.22908],[1.79416,41.22912],[1.79434,41.22913],[1.79458,41.22909],[1.7948,41.22902],[1.79506,41.22888],[1.79519,41.22872],[1.79526,41.22859],[1.79492,41.22847],[1.79477,41.2284],[1.79483,41.22832],[1.79489,41.22831],[1.79543,41.22853],[1.79565,41.22866],[1.79566,41.22876],[1.79521,41.22935],[1.79517,41.22942],[1.79517,41.22954],[1.79539,41.22974],[1.79561,41.22991],[1.79604,41.23019],[1.79628,41.23033],[1.7965,41.23043],[1.797,41.23064],[1.79726,41.23074],[1.79775,41.2309],[1.7981,41.23095],[1.79829,41.23097],[1.79836,41.23095],[1.79873,41.23043],[1.79892,41.2302],[1.79907,41.23021],[1.79905,41.23029],[1.79878,41.23069],[1.79861,41.23084],[1.79859,41.23092],[1.79873,41.23106],[1.79896,41.23123],[1.79915,41.23134],[1.80012,41.2319],[1.80052,41.23205],[1.80115,41.23227],[1.80133,41.23232],[1.80178,41.23241],[1.80223,41.23242],[1.80231,41.23238],[1.80248,41.23208],[1.80276,41.23165],[1.80284,41.23154],[1.80296,41.23157],[1.80296,41.23165],[1.80283,41.23186],[1.80252,41.23229],[1.8025,41.23236],[1.80308,41.23277],[1.80336,41.23291],[1.80399,41.2332],[1.80424,41.23327],[1.8054,41.23348],[1.80552,41.23348],[1.80557,41.23344],[1.80577,41.23314],[1.80604,41.2328],[1.80615,41.2328],[1.80614,41.2329],[1.80587,41.23333],[1.80574,41.23349],[1.80618,41.23376],[1.80645,41.23389],[1.80722,41.23417],[1.80736,41.2342],[1.80804,41.23434],[1.80827,41.23436],[1.8085,41.23436],[1.80862,41.23434],[1.80866,41.23428],[1.80895,41.23367],[1.80908,41.23365],[1.80905,41.23387],[1.80894,41.23404],[1.80915,41.23411],[1.80938,41.23413],[1.80953,41.23411],[1.80985,41.234],[1.81,41.23394],[1.81026,41.23379],[1.8103,41.23371],[1.81004,41.23335],[1.80996,41.23332],[1.80989,41.23325],[1.80984,41.23312],[1.80986,41.23306],[1.80996,41.23305],[1.81007,41.23315],[1.81045,41.23357],[1.8106,41.23374],[1.81104,41.23422],[1.81164,41.23442],[1.81275,41.23484],[1.81302,41.23497],[1.81333,41.23517],[1.8134,41.2353],[1.81332,41.23546],[1.81334,41.23548],[1.81395,41.23571],[1.81446,41.23585],[1.815,41.23597],[1.81523,41.236],[1.81543,41.23599],[1.81566,41.23595],[1.81588,41.23586],[1.8161,41.23597],[1.81629,41.23605],[1.81671,41.23606],[1.81669,41.23601],[1.81676,41.23591],[1.81703,41.23589],[1.81727,41.23589],[1.81737,41.23594],[1.81755,41.23595],[1.81773,41.23589],[1.81784,41.23569],[1.81802,41.23573],[1.81853,41.23592],[1.81859,41.23595],[1.81904,41.23606],[1.81953,41.23602],[1.82008,41.23593],[1.82047,41.23583],[1.82066,41.23576],[1.82111,41.23553],[1.82127,41.23544],[1.82126,41.23527],[1.82115,41.23506],[1.82114,41.23491],[1.82117,41.2347],[1.82121,41.23434],[1.82127,41.23347],[1.82135,41.23329],[1.82152,41.23317],[1.8218,41.23314],[1.82204,41.23316],[1.8227,41.2332],[1.82305,41.2332],[1.82398,41.23325],[1.82435,41.23327],[1.82484,41.23331],[1.82502,41.23341],[1.82508,41.23352],[1.82508,41.2336],[1.825,41.23375],[1.82453,41.23373],[1.82455,41.23353],[1.82174,41.23338],[1.8216,41.23348],[1.82149,41.23459],[1.82549,41.23481],[1.82581,41.23461],[1.82598,41.23463],[1.82669,41.23423],[1.8267,41.2333],[1.8266,41.23318],[1.82512,41.23266],[1.82469,41.23251],[1.82447,41.23276],[1.82389,41.23257],[1.82381,41.23251],[1.82373,41.23235],[1.82375,41.23221],[1.82391,41.23207],[1.82411,41.23203],[1.8243,41.23205],[1.82487,41.23226],[1.82614,41.23269],[1.82658,41.23285],[1.82701,41.23305],[1.82705,41.23312],[1.82709,41.23331],[1.82707,41.23409],[1.82705,41.23448],[1.82705,41.23493],[1.82711,41.235],[1.82743,41.23524],[1.82756,41.23538],[1.82762,41.23564],[1.82763,41.23575],[1.82758,41.23587],[1.82746,41.23596],[1.82751,41.23607],[1.82778,41.23624],[1.82812,41.2364],[1.82832,41.23648],[1.82883,41.23664],[1.82897,41.23668],[1.82913,41.23653],[1.82961,41.23637],[1.82993,41.23642],[1.83015,41.23651],[1.83024,41.23649],[1.83042,41.23634],[1.8303,41.23611],[1.83043,41.23599],[1.83069,41.23603],[1.83099,41.23604],[1.83123,41.23603],[1.8315,41.236],[1.83168,41.23595],[1.8319,41.23593],[1.83237,41.23597],[1.83272,41.23598],[1.83297,41.23592],[1.83299,41.23586],[1.83316,41.23581],[1.83338,41.23596],[1.8338,41.23591],[1.83438,41.23589],[1.8352,41.23592],[1.83557,41.23578],[1.83569,41.23576],[1.83612,41.23579],[1.83635,41.23589],[1.83672,41.23578],[1.83681,41.23564],[1.83706,41.23548],[1.83748,41.2353],[1.83756,41.2353],[1.83823,41.23532],[1.8388,41.2353],[1.83907,41.23525],[1.83911,41.23516],[1.83937,41.23494],[1.83971,41.23484],[1.83986,41.23483],[1.84015,41.23493],[1.84033,41.23502],[1.84064,41.23522],[1.84091,41.23536],[1.84111,41.23542],[1.84157,41.23549],[1.84176,41.23549],[1.84206,41.23535],[1.84222,41.23514],[1.84242,41.23505],[1.8429,41.235],[1.84321,41.23499],[1.84365,41.235],[1.84384,41.23499],[1.84402,41.23496],[1.84458,41.23477],[1.84467,41.23475],[1.84527,41.23491],[1.84573,41.23508],[1.84596,41.23519],[1.84621,41.23524],[1.84682,41.23529],[1.8471,41.23532],[1.84719,41.23536],[1.8475,41.23533],[1.84799,41.23526],[1.84843,41.23505],[1.84868,41.23491],[1.84887,41.23466],[1.84904,41.23462],[1.84953,41.23452],[1.84967,41.23457],[1.84982,41.23466],[1.85005,41.23461],[1.85011,41.23456],[1.85055,41.23457],[1.85084,41.2346],[1.8513,41.23476],[1.85176,41.23466],[1.85198,41.23467],[1.85217,41.23464],[1.85231,41.2346],[1.85253,41.23448],[1.85277,41.2344],[1.85293,41.2344],[1.85304,41.23442],[1.85342,41.23445],[1.85356,41.2344],[1.85392,41.23463],[1.85419,41.23492],[1.85454,41.23497],[1.85504,41.23503],[1.85527,41.23511],[1.85586,41.23544],[1.85591,41.23558],[1.85587,41.23569],[1.85578,41.23577],[1.85581,41.23583],[1.85593,41.23591],[1.85614,41.23583],[1.85653,41.23575],[1.85675,41.23574],[1.85715,41.23577],[1.85746,41.23575],[1.85773,41.23577],[1.85791,41.23584],[1.85832,41.23583],[1.85867,41.2358],[1.85874,41.23578],[1.85914,41.23588],[1.85986,41.23614],[1.86014,41.23625],[1.86048,41.23644],[1.86101,41.23676],[1.86112,41.23689],[1.86123,41.23712],[1.86133,41.23737],[1.86096,41.2377],[1.86099,41.2378],[1.86119,41.23807],[1.86124,41.2382],[1.86135,41.23854],[1.86137,41.23868],[1.86135,41.23887],[1.86135,41.23905],[1.86147,41.23913],[1.86198,41.23921],[1.86229,41.23934],[1.8626,41.23939],[1.86284,41.2394],[1.86331,41.2394],[1.86359,41.23886],[1.86366,41.23865],[1.86375,41.23849],[1.86387,41.23834],[1.86395,41.23829],[1.8641,41.23829],[1.86421,41.23833],[1.86468,41.23851],[1.8648,41.23859],[1.86532,41.23894],[1.86598,41.23936],[1.86613,41.23944],[1.86617,41.23942],[1.86691,41.23858],[1.86734,41.23808],[1.86737,41.23794],[1.86702,41.23766],[1.86692,41.23773],[1.86629,41.23723],[1.86638,41.23716],[1.86586,41.23675],[1.86577,41.23681],[1.86566,41.23672],[1.86574,41.23658],[1.86593,41.23652],[1.866,41.23655],[1.86669,41.23706],[1.86703,41.23736],[1.86722,41.23756],[1.86741,41.2377],[1.86761,41.23783],[1.86767,41.23796],[1.86766,41.23808],[1.86734,41.23844],[1.86703,41.23873],[1.8663,41.2396],[1.86626,41.23966],[1.86626,41.23977],[1.86652,41.24024],[1.8669,41.24042],[1.86751,41.24062],[1.8677,41.24077],[1.86778,41.24089],[1.86801,41.24115],[1.86833,41.2414],[1.86839,41.2415],[1.86851,41.24163],[1.86853,41.24184],[1.86847,41.24193],[1.86842,41.24193],[1.86837,41.24202],[1.86845,41.24223],[1.86859,41.24236],[1.86919,41.2428],[1.86943,41.24294],[1.8695,41.24294],[1.86965,41.24282],[1.86998,41.24275],[1.87008,41.24275],[1.87026,41.24279],[1.87047,41.24288],[1.87058,41.24294],[1.87098,41.24311],[1.87125,41.2432],[1.87155,41.24325],[1.87248,41.24341],[1.87277,41.24349],[1.87309,41.24363],[1.87322,41.2437],[1.87334,41.24382],[1.8737,41.24401],[1.87392,41.24403],[1.87438,41.2441],[1.87522,41.24426],[1.87593,41.24441],[1.87626,41.24452],[1.87692,41.24475],[1.87727,41.24491],[1.87748,41.24504],[1.87762,41.24515],[1.87787,41.24525],[1.8787,41.24536],[1.87883,41.24537],[1.87972,41.24551],[1.87999,41.24559],[1.88013,41.24566],[1.88079,41.24587],[1.88101,41.24596],[1.88145,41.24626],[1.88197,41.24664],[1.88252,41.24685],[1.88283,41.2469],[1.8832,41.24691],[1.88346,41.24697],[1.8837,41.24718],[1.88418,41.24738],[1.88471,41.24749],[1.88503,41.2477],[1.88506,41.24776],[1.88514,41.24779],[1.88556,41.24786],[1.88598,41.24792],[1.88628,41.2479],[1.88644,41.24784],[1.88697,41.24777],[1.88718,41.24781],[1.8873,41.24791],[1.88761,41.24794],[1.88803,41.24804],[1.88829,41.24816],[1.88876,41.2482],[1.8891,41.24836],[1.88958,41.24847],[1.8903,41.24864],[1.89103,41.24888],[1.89122,41.24895],[1.89149,41.24909],[1.89175,41.2492],[1.8919,41.24925],[1.89211,41.24919],[1.89232,41.24915],[1.89265,41.24916],[1.89329,41.24929],[1.89344,41.24929],[1.89374,41.24934],[1.89415,41.2495],[1.89426,41.24956],[1.89449,41.24972],[1.89471,41.24978],[1.89529,41.24987],[1.89566,41.24966],[1.8958,41.24966],[1.89647,41.24979],[1.8969,41.24995],[1.89707,41.25004],[1.89735,41.25013],[1.8975,41.25013],[1.89774,41.24996],[1.89777,41.24987],[1.89767,41.24981],[1.8977,41.2497],[1.89835,41.24986],[1.8985,41.24987],[1.89863,41.24984],[1.89906,41.24966],[1.89946,41.24947],[1.89986,41.2493],[1.9,41.24927],[1.9002,41.2495],[1.9001,41.24951],[1.89834,41.25028],[1.89902,41.25113],[1.89953,41.2509],[1.8998,41.25123],[1.89939,41.25141],[1.8996,41.25167],[1.90028,41.25187],[1.90087,41.25172],[1.901,41.25197],[1.90175,41.25178],[1.90073,41.24946],[1.90074,41.24935],[1.9007,41.24926],[1.90055,41.24906],[1.90046,41.24897],[1.90023,41.24882],[1.90008,41.24877],[1.89976,41.2487],[1.89947,41.2487],[1.89925,41.24871],[1.89904,41.24877],[1.89894,41.24876],[1.89884,41.24866],[1.89889,41.24857],[1.89898,41.24854],[1.89933,41.24849],[1.89976,41.24848],[1.90003,41.24853],[1.90024,41.24859],[1.90051,41.24872],[1.90074,41.2489],[1.90082,41.24903],[1.90109,41.24955],[1.90124,41.24987],[1.90142,41.25034],[1.90163,41.25079],[1.90178,41.25102],[1.90201,41.2515],[1.9024,41.2524],[1.90272,41.2526],[1.903,41.25283],[1.9031,41.253],[1.90313,41.25312],[1.90307,41.25359],[1.90313,41.25363],[1.90441,41.2542],[1.90477,41.2543],[1.90505,41.25434],[1.9053,41.25441],[1.90557,41.25452],[1.90575,41.25463],[1.9063,41.25504],[1.90657,41.25518],[1.90663,41.25519],[1.90705,41.25513],[1.90755,41.25515],[1.90792,41.25508],[1.90849,41.25513],[1.90888,41.2552],[1.90935,41.25536],[1.91009,41.25559],[1.9106,41.25582],[1.9112,41.25594],[1.91168,41.25597],[1.91228,41.25604],[1.91253,41.25611],[1.91322,41.25636],[1.91366,41.25652],[1.91417,41.25661],[1.91435,41.25663],[1.91447,41.25666],[1.91493,41.25685],[1.9154,41.25698],[1.9159,41.25711],[1.91654,41.25731],[1.91704,41.25754],[1.91741,41.25766],[1.91757,41.25774],[1.91769,41.25784],[1.91818,41.25806],[1.91859,41.25807],[1.91873,41.25806],[1.91911,41.25798],[1.91939,41.25791],[1.9197,41.25777],[1.91988,41.25767],[1.92003,41.25753],[1.92014,41.25733],[1.92006,41.25732],[1.92006,41.25723],[1.92035,41.25687],[1.92055,41.25669],[1.92083,41.25657],[1.92095,41.25656],[1.92103,41.2566],[1.92105,41.2567],[1.92097,41.25673],[1.92081,41.25676],[1.9207,41.2568],[1.92053,41.2569],[1.92047,41.25696],[1.92042,41.25711],[1.92033,41.25765],[1.92024,41.25822],[1.92022,41.25842],[1.91972,41.25859],[1.91977,41.25864],[1.91989,41.2587],[1.92026,41.25874],[1.92032,41.25871],[1.92022,41.25862],[1.92032,41.25859],[1.92081,41.25897],[1.92077,41.25907],[1.92087,41.25931],[1.92125,41.25951],[1.92132,41.25946],[1.92125,41.25935],[1.9209,41.25916],[1.92098,41.2591],[1.92126,41.25924],[1.92137,41.25932],[1.92144,41.25942],[1.92222,41.25904],[1.92214,41.25896],[1.92245,41.25835],[1.92106,41.25796],[1.92117,41.25774],[1.92187,41.25793],[1.92354,41.25841],[1.92381,41.25787],[1.92432,41.25802],[1.92428,41.2581],[1.92389,41.25799],[1.92354,41.25871],[1.92323,41.25862],[1.92289,41.25931],[1.92427,41.2597],[1.92432,41.25981],[1.92467,41.25982],[1.92517,41.25881],[1.92501,41.25876],[1.92503,41.25871],[1.92564,41.25888],[1.92561,41.25894],[1.92547,41.25889],[1.92497,41.2599],[1.92822,41.26084],[1.92884,41.25961],[1.92884,41.25947],[1.92872,41.25936],[1.92715,41.25873],[1.92587,41.25822],[1.92565,41.2581],[1.92548,41.258],[1.92424,41.25709],[1.92404,41.25694],[1.9239,41.25685],[1.92364,41.25672],[1.92187,41.25606],[1.92177,41.25623],[1.92162,41.25621],[1.92156,41.25615],[1.92147,41.25592],[1.92134,41.25583],[1.92114,41.25582],[1.921,41.25583],[1.92053,41.25592],[1.92036,41.25603],[1.92021,41.25609],[1.92008,41.25604],[1.92003,41.25594],[1.92006,41.25585],[1.92017,41.2558],[1.92102,41.25563],[1.92132,41.25563],[1.92147,41.25566],[1.92181,41.25576],[1.92209,41.25587],[1.9229,41.25616],[1.92324,41.25628],[1.92391,41.25654],[1.92413,41.25664],[1.92451,41.25686],[1.92494,41.25718],[1.92523,41.25743],[1.92559,41.25768],[1.92605,41.25796],[1.92665,41.25822],[1.92714,41.25841],[1.92766,41.2586],[1.92799,41.25873],[1.92886,41.2591],[1.92907,41.25917],[1.92917,41.25915],[1.92945,41.25896],[1.92962,41.25881],[1.92972,41.25878],[1.92982,41.25882],[1.92992,41.25894],[1.92988,41.25904],[1.92981,41.2591],[1.92954,41.25924],[1.92928,41.25947],[1.92905,41.25992],[1.92918,41.26009],[1.92942,41.26029],[1.92996,41.26062],[1.93024,41.26077],[1.93056,41.26091],[1.931,41.26109],[1.93146,41.26127],[1.93254,41.26168],[1.93333,41.26193],[1.93375,41.26206],[1.93509,41.26236],[1.93635,41.26264],[1.93669,41.26274],[1.93697,41.2628],[1.93777,41.26293],[1.93849,41.263],[1.93945,41.26305],[1.94005,41.2631],[1.94073,41.26317],[1.94148,41.2632],[1.94242,41.2633],[1.94339,41.2634],[1.9445,41.26349],[1.94432,41.26461],[1.94401,41.26493],[1.94327,41.26625],[1.94206,41.2674],[1.9393,41.26904],[1.93924,41.26912],[1.93928,41.2692],[1.93938,41.26923],[1.93947,41.26942],[1.93974,41.27008],[1.93984,41.27038],[1.93984,41.27065],[1.93982,41.27072],[1.93967,41.27085],[1.93948,41.27088],[1.93924,41.27105],[1.93906,41.27122],[1.93892,41.27143],[1.9387,41.27181],[1.93813,41.27284],[1.93745,41.27455],[1.9374,41.27479],[1.93738,41.27499],[1.93738,41.27515],[1.93742,41.27527],[1.93797,41.27601],[1.93863,41.27661],[1.93901,41.27694],[1.93927,41.27707],[1.93956,41.27717],[1.93976,41.27723],[1.94028,41.27736],[1.94305,41.27821],[1.94325,41.27828],[1.94333,41.27833],[1.94355,41.27856],[1.94367,41.27873],[1.94376,41.27893],[1.94377,41.27908],[1.94374,41.27922],[1.94356,41.27945],[1.94338,41.27964],[1.94297,41.27993],[1.94261,41.28011],[1.94249,41.28027]]]]},"properties":{"codi_ine":"08270","nom":"Sitges","comarca":"Garraf"}},
{"type":"Feature","geometry":{"type":"Polygon","coordinates":[[[1.87578,41.39894],[1.86584,41.41092],[1.86422,41.40618],[1.85396,41.40975],[1.85302,41.41014],[1.84889,41.41431],[1.84873,41.41447],[1.84802,41.41513],[1.84579,41.41713],[1.84528,41.41763],[1.84382,41.41808],[1.84372,41.41812],[1.84365,41.4182],[1.84363,41.41831],[1.84366,41.41839],[1.84375,41.41848],[1.84388,41.41901],[1.84157,41.42115],[1.84086,41.4217],[1.84023,41.4222],[1.83965,41.42332],[1.83929,41.4232],[1.83518,41.42959],[1.83391,41.43011],[1.82293,41.43342],[1.81571,41.43898],[1.81411,41.43709],[1.81346,41.43634],[1.8086,41.43604],[1.80755,41.43588],[1.80703,41.43477],[1.80643,41.4328],[1.8062,41.43203],[1.80651,41.43186],[1.80476,41.43026],[1.80506,41.43007],[1.80475,41.42969],[1.80415,41.42915],[1.8038,41.4289],[1.80324,41.42861],[1.80055,41.42595],[1.80003,41.42404],[1.80084,41.42204],[1.80317,41.41617],[1.79448,41.40966],[1.79397,41.40988],[1.79322,41.41016],[1.79308,41.41019],[1.79242,41.41025],[1.79179,41.4103],[1.7913,41.41024],[1.79079,41.4103],[1.79016,41.41041],[1.78907,41.41064],[1.78816,41.41077],[1.78745,41.41062],[1.78661,41.41055],[1.78601,41.4108],[1.78412,41.41111],[1.78358,41.41133],[1.78333,41.41145],[1.78279,41.41183],[1.78124,41.4133],[1.78102,41.41414],[1.78101,41.41472],[1.78101,41.41609],[1.78097,41.41665],[1.77675,41.41826],[1.77628,41.41866],[1.77504,41.41882],[1.77321,41.41939],[1.77294,41.4195],[1.77177,41.42022],[1.77044,41.42077],[1.76862,41.42146],[1.76718,41.42183],[1.76674,41.42193],[1.76649,41.42194],[1.76618,41.42193],[1.7659,41.4219],[1.76569,41.42186],[1.76532,41.42177],[1.76411,41.42173],[1.7623,41.42183],[1.76145,41.42156],[1.76046,41.42175],[1.76036,41.42178],[1.7598,41.42198],[1.7597,41.42203],[1.75949,41.42218],[1.75929,41.42225],[1.75908,41.42225],[1.75893,41.42221],[1.75839,41.42203],[1.75795,41.42185],[1.75765,41.42171],[1.75722,41.42153],[1.75694,41.42149],[1.7561,41.42154],[1.75601,41.42156],[1.7551,41.422],[1.75487,41.42211],[1.75483,41.42219],[1.7537,41.42289],[1.75155,41.42356],[1.75132,41.42361],[1.75109,41.4236],[1.74855,41.41761],[1.74638,41.41561],[1.74619,41.4154],[1.7383,41.41117],[1.73823,41.4112],[1.73811,41.41132],[1.73718,41.41059],[1.73162,41.40814],[1.72771,41.40534],[1.7207,41.40183],[1.72096,41.40173],[1.72125,41.40158],[1.72208,41.40112],[1.72425,41.40009],[1.72441,41.39953],[1.72435,41.39918],[1.72506,41.39887],[1.72446,41.39812],[1.7233,41.3987],[1.72304,41.39885],[1.72238,41.39922],[1.72189,41.39947],[1.72153,41.39963],[1.72101,41.39983],[1.72082,41.39988],[1.72061,41.39953],[1.72046,41.39922],[1.72041,41.39893],[1.72019,41.39809],[1.72005,41.39771],[1.71947,41.39785],[1.71907,41.39809],[1.71861,41.39838],[1.7183,41.39853],[1.71803,41.39841],[1.71804,41.39763],[1.71811,41.3967],[1.71573,41.39674],[1.71343,41.39668],[1.71218,41.39487],[1.712,41.39416],[1.71252,41.39411],[1.71361,41.39361],[1.71459,41.39358],[1.71485,41.39373],[1.7151,41.39385],[1.71519,41.39388],[1.7154,41.39387],[1.71567,41.39379],[1.716,41.39361],[1.71612,41.39346],[1.71739,41.39318],[1.71816,41.3931],[1.71927,41.39247],[1.7197,41.3921],[1.72151,41.39217],[1.72292,41.39272],[1.72477,41.39307],[1.72493,41.39305],[1.72563,41.39263],[1.72582,41.3925],[1.72591,41.39242],[1.72602,41.39226],[1.72691,41.39228],[1.72721,41.39254],[1.72852,41.39329],[1.72882,41.39339],[1.72922,41.39344],[1.72937,41.3934],[1.72946,41.39333],[1.7295,41.39324],[1.72946,41.39314],[1.72964,41.39262],[1.73062,41.39228],[1.73081,41.39225],[1.73108,41.39229],[1.73127,41.3924],[1.73144,41.39253],[1.73258,41.39302],[1.73262,41.39297],[1.73285,41.39277],[1.73356,41.39218],[1.73373,41.39212],[1.73391,41.39216],[1.73582,41.39302],[1.73599,41.39309],[1.73617,41.39319],[1.73629,41.39328],[1.73641,41.39349],[1.73647,41.39372],[1.73647,41.39386],[1.73585,41.39548],[1.73579,41.39555],[1.73585,41.39566],[1.73593,41.39575],[1.73605,41.3958],[1.73651,41.39588],[1.73668,41.39589],[1.73685,41.39588],[1.73713,41.39577],[1.73755,41.39553],[1.73771,41.39539],[1.73781,41.39527],[1.73806,41.3949],[1.73824,41.39474],[1.73838,41.39466],[1.73869,41.39459],[1.73886,41.39458],[1.7392,41.39463],[1.73928,41.39466],[1.73962,41.39504],[1.73974,41.39513],[1.74021,41.39539],[1.74045,41.39552],[1.74065,41.3956],[1.74086,41.39562],[1.74312,41.39542],[1.74315,41.39523],[1.7432,41.39506],[1.74329,41.3949],[1.7435,41.39478],[1.74364,41.39475],[1.74376,41.39478],[1.74392,41.39486],[1.74404,41.39495],[1.74429,41.39519],[1.74438,41.39537],[1.74556,41.39568],[1.74672,41.3953],[1.74772,41.39457],[1.74883,41.39421],[1.74919,41.39432],[1.74935,41.39434],[1.74958,41.39432],[1.74973,41.39421],[1.74978,41.39414],[1.74978,41.39396],[1.74975,41.39385],[1.74968,41.39369],[1.74958,41.39357],[1.74928,41.39331],[1.7492,41.39319],[1.74918,41.39304],[1.74928,41.39281],[1.74939,41.39267],[1.74948,41.39261],[1.75172,41.39253],[1.75177,41.39246],[1.75178,41.39235],[1.75171,41.39182],[1.7516,41.39149],[1.75141,41.39121],[1.75135,41.39085],[1.75135,41.39076],[1.75141,41.39059],[1.75148,41.39049],[1.75169,41.39032],[1.75186,41.39026],[1.75198,41.39028],[1.75232,41.39039],[1.75263,41.39054],[1.75276,41.39057],[1.75346,41.39061],[1.75363,41.39062],[1.75381,41.39056],[1.75396,41.39039],[1.75437,41.38983],[1.75476,41.38956],[1.75508,41.38943],[1.75529,41.38938],[1.75549,41.38945],[1.75625,41.38883],[1.75616,41.38873],[1.75612,41.38863],[1.75614,41.38834],[1.75615,41.38824],[1.75626,41.38815],[1.75645,41.38806],[1.75889,41.38703],[1.75907,41.38671],[1.75918,41.38652],[1.75931,41.3864],[1.75942,41.38637],[1.75953,41.38639],[1.76034,41.38671],[1.76086,41.3871],[1.76137,41.38637],[1.76134,41.38632],[1.76135,41.38621],[1.76151,41.38606],[1.76159,41.38601],[1.76177,41.38597],[1.76241,41.38583],[1.76268,41.3858],[1.76344,41.3858],[1.76356,41.38581],[1.76455,41.38548],[1.76633,41.38436],[1.7668,41.38355],[1.7681,41.38331],[1.76923,41.38175],[1.76949,41.38099],[1.77023,41.3809],[1.77066,41.38102],[1.77196,41.38088],[1.77332,41.38064],[1.77464,41.38046],[1.77551,41.38044],[1.77698,41.37992],[1.77899,41.37919],[1.77967,41.37901],[1.78077,41.37878],[1.78197,41.37865],[1.78215,41.3786],[1.78297,41.37821],[1.78333,41.37801],[1.78365,41.37781],[1.78374,41.37772],[1.78451,41.37717],[1.78517,41.37671],[1.78526,41.37668],[1.78562,41.37658],[1.78576,41.37657],[1.78712,41.37636],[1.78759,41.37613],[1.78821,41.37586],[1.78934,41.37541],[1.79026,41.37504],[1.79213,41.37415],[1.7924,41.37413],[1.79299,41.37399],[1.79401,41.37371],[1.79451,41.37356],[1.79497,41.37334],[1.79573,41.37292],[1.79612,41.37267],[1.79697,41.37219],[1.79788,41.37183],[1.79867,41.37156],[1.79909,41.37135],[1.79965,41.37082],[1.80071,41.36975],[1.80041,41.36936],[1.80086,41.36881],[1.80161,41.36821],[1.80237,41.3675],[1.80283,41.36702],[1.80294,41.36687],[1.80301,41.36669],[1.80301,41.36641],[1.80304,41.36622],[1.80315,41.36584],[1.80322,41.36572],[1.80348,41.36552],[1.80421,41.36507],[1.80586,41.36424],[1.80687,41.36389],[1.80704,41.36386],[1.80746,41.3637],[1.80771,41.36354],[1.80777,41.36342],[1.8077,41.36334],[1.80726,41.36324],[1.80672,41.36314],[1.80656,41.36308],[1.8064,41.36292],[1.80637,41.3628],[1.8064,41.36228],[1.80647,41.36206],[1.80653,41.36196],[1.80663,41.36187],[1.80672,41.36185],[1.80689,41.36188],[1.8071,41.36204],[1.80764,41.36227],[1.80789,41.36234],[1.80797,41.36232],[1.80806,41.36224],[1.80829,41.36197],[1.80848,41.3616],[1.80854,41.36145],[1.80857,41.36125],[1.80853,41.36102],[1.80845,41.36084],[1.80841,41.36077],[1.80832,41.36072],[1.80806,41.3607],[1.80637,41.36076],[1.80623,41.36074],[1.80612,41.36066],[1.80608,41.36042],[1.80612,41.36026],[1.80608,41.36004],[1.806,41.35992],[1.80588,41.35982],[1.80574,41.35977],[1.80424,41.35945],[1.80411,41.3594],[1.80394,41.3593],[1.80387,41.35922],[1.80368,41.35893],[1.80366,41.35883],[1.80369,41.35878],[1.80387,41.35863],[1.80396,41.35859],[1.80472,41.35851],[1.80543,41.35783],[1.80468,41.35658],[1.80469,41.35626],[1.80465,41.35595],[1.80456,41.35557],[1.80449,41.35538],[1.80434,41.35526],[1.80408,41.3552],[1.80395,41.3552],[1.80358,41.35528],[1.80323,41.35534],[1.80305,41.35535],[1.80275,41.35534],[1.80249,41.35527],[1.80227,41.35517],[1.80222,41.35509],[1.8021,41.3545],[1.80211,41.35416],[1.80217,41.35376],[1.80225,41.35346],[1.80244,41.35302],[1.80285,41.35234],[1.80307,41.35193],[1.80311,41.35179],[1.80315,41.35154],[1.80305,41.35123],[1.81417,41.35609],[1.8161,41.35697],[1.81674,41.35746],[1.8176,41.35784],[1.81901,41.35813],[1.82049,41.35834],[1.82291,41.35988],[1.82343,41.36001],[1.82388,41.36024],[1.82403,41.3604],[1.82487,41.36136],[1.82532,41.36207],[1.82625,41.36319],[1.8271,41.36379],[1.82857,41.36515],[1.82957,41.36596],[1.83118,41.36851],[1.83195,41.36979],[1.83187,41.3706],[1.83251,41.37162],[1.83258,41.37176],[1.83261,41.37192],[1.83255,41.37223],[1.83227,41.37324],[1.83207,41.37393],[1.83197,41.37417],[1.83185,41.37437],[1.83195,41.37451],[1.83241,41.3749],[1.83268,41.37491],[1.83391,41.3749],[1.83459,41.37488],[1.83495,41.37453],[1.83581,41.37475],[1.83697,41.37569],[1.83759,41.3766],[1.83827,41.37684],[1.83865,41.37684],[1.839,41.37686],[1.83939,41.37692],[1.83994,41.37702],[1.84015,41.37711],[1.84056,41.37736],[1.84082,41.37754],[1.84147,41.37803],[1.84179,41.3783],[1.84217,41.37865],[1.84269,41.37904],[1.84298,41.37914],[1.84326,41.37911],[1.84419,41.37894],[1.84461,41.37878],[1.84516,41.37866],[1.84607,41.37849],[1.84778,41.37844],[1.84807,41.37878],[1.84836,41.37926],[1.84858,41.37965],[1.84884,41.37988],[1.84955,41.38021],[1.85018,41.3804],[1.85089,41.38049],[1.85195,41.38053],[1.85253,41.38052],[1.85308,41.38051],[1.85371,41.3805],[1.85466,41.38055],[1.85517,41.38071],[1.85557,41.38088],[1.85601,41.38126],[1.8561,41.38135],[1.85619,41.38151],[1.85774,41.38259],[1.85861,41.38338],[1.85916,41.38464],[1.85946,41.38493],[1.85958,41.38512],[1.85967,41.38538],[1.85977,41.3859],[1.85979,41.3861],[1.85978,41.38626],[1.85971,41.38652],[1.85967,41.38688],[1.85968,41.38734],[1.85981,41.38749],[1.86022,41.38776],[1.86057,41.38793],[1.861,41.38811],[1.86124,41.3882],[1.86147,41.38824],[1.86161,41.38823],[1.86185,41.38813],[1.86305,41.38777],[1.86484,41.38734],[1.86526,41.38727],[1.86604,41.38719],[1.86638,41.38717],[1.86703,41.38715],[1.86805,41.38718],[1.86934,41.38728],[1.87576,41.38923],[1.87596,41.38921],[1.87621,41.38926],[1.87637,41.38936],[1.87667,41.38961],[1.87483,41.395],[1.87578,41.39894]]]},"properties":{"codi_ine":"08273","nom":"Subirats","comarca":"Alt Penedès"}},
{"type":"Feature","geometry":{"type":"Polygon","coordinates":[[[1.98293,41.64817],[1.97145,41.64883],[1.97192,41.64825],[1.97198,41.64752],[1.97199,41.64673],[1.97196,41.64622],[1.97193,41.64601],[1.97174,41.6457],[1.97155,41.6455],[1.971,41.64481],[1.97095,41.64457],[1.9708,41.6434],[1.97076,41.64286],[1.97082,41.64266],[1.97134,41.64213],[1.97173,41.64197],[1.97217,41.64182],[1.9726,41.64167],[1.97308,41.64147],[1.97319,41.64139],[1.9733,41.64115],[1.97358,41.64036],[1.9744,41.63924],[1.97531,41.63837],[1.97599,41.63713],[1.97608,41.63694],[1.97627,41.63601],[1.97594,41.63573],[1.9757,41.63575],[1.97507,41.63569],[1.97478,41.63557],[1.9742,41.63517],[1.97394,41.6349],[1.97272,41.63427],[1.97246,41.63415],[1.97206,41.63429],[1.9718,41.63442],[1.97162,41.63457],[1.97137,41.63465],[1.97116,41.63466],[1.97099,41.63459],[1.97079,41.63445],[1.97059,41.63426],[1.97032,41.63397],[1.97003,41.63361],[1.96977,41.63318],[1.96959,41.63283],[1.96824,41.63155],[1.96574,41.63009],[1.96517,41.62982],[1.96424,41.62962],[1.96368,41.62944],[1.96281,41.62907],[1.96267,41.62898],[1.96259,41.6289],[1.96244,41.62863],[1.96242,41.62855],[1.96205,41.62824],[1.96139,41.62797],[1.95978,41.62734],[1.9588,41.62691],[1.95821,41.62645],[1.95766,41.62605],[1.95695,41.62566],[1.95639,41.62547],[1.95582,41.6253],[1.95549,41.62525],[1.9553,41.62521],[1.9552,41.62509],[1.95468,41.62427],[1.95435,41.62363],[1.95426,41.62296],[1.95427,41.62272],[1.95432,41.62225],[1.95431,41.62151],[1.95384,41.62129],[1.95329,41.62113],[1.95281,41.6211],[1.95199,41.62107],[1.95179,41.62109],[1.95156,41.62109],[1.95122,41.62098],[1.95129,41.62036],[1.95132,41.6203],[1.95146,41.62026],[1.95157,41.62026],[1.95176,41.62036],[1.95268,41.61998],[1.9536,41.61927],[1.95374,41.61923],[1.95422,41.61889],[1.95424,41.61874],[1.95418,41.61854],[1.95405,41.61813],[1.95398,41.61797],[1.95385,41.61773],[1.95453,41.61735],[1.95525,41.61628],[1.95485,41.61614],[1.95473,41.61487],[1.95494,41.61417],[1.95516,41.6139],[1.95548,41.61296],[1.95559,41.61225],[1.95589,41.61138],[1.95595,41.61129],[1.95635,41.61079],[1.95563,41.61014],[1.95467,41.60938],[1.95379,41.60795],[1.95349,41.60729],[1.95329,41.60677],[1.95329,41.60649],[1.95326,41.60638],[1.95306,41.60616],[1.95299,41.60612],[1.95249,41.60591],[1.95126,41.60545],[1.95056,41.60534],[1.94943,41.60503],[1.94847,41.60459],[1.94786,41.6043],[1.94732,41.60379],[1.94598,41.60246],[1.94502,41.60173],[1.94437,41.60134],[1.94388,41.60099],[1.94368,41.60081],[1.94364,41.60067],[1.94363,41.60039],[1.94367,41.60024],[1.94376,41.60015],[1.94403,41.60017],[1.94423,41.60011],[1.94511,41.59942],[1.94558,41.59899],[1.94559,41.59895],[1.94585,41.59842],[1.94648,41.59739],[1.94731,41.59704],[1.94748,41.59708],[1.94778,41.59708],[1.94833,41.5968],[1.94921,41.59594],[1.94939,41.59565],[1.95071,41.59483],[1.95101,41.59441],[1.95125,41.59395],[1.95194,41.59311],[1.95285,41.59309],[1.95304,41.59307],[1.95324,41.59303],[1.95341,41.59294],[1.95352,41.59283],[1.95381,41.59235],[1.95438,41.59179],[1.95508,41.59112],[1.95461,41.59075],[1.95418,41.58973],[1.95413,41.58942],[1.95415,41.589],[1.95429,41.58872],[1.95452,41.58842],[1.95477,41.58779],[1.95481,41.58763],[1.95482,41.58753],[1.95477,41.58747],[1.95464,41.58743],[1.95455,41.58743],[1.95403,41.58751],[1.95393,41.58749],[1.95385,41.58742],[1.95366,41.58717],[1.95333,41.58647],[1.9533,41.58634],[1.95335,41.58622],[1.95219,41.5855],[1.95207,41.58546],[1.95182,41.58531],[1.95106,41.58471],[1.95103,41.58463],[1.95103,41.58446],[1.95108,41.58441],[1.95224,41.58407],[1.95278,41.58395],[1.95427,41.58339],[1.95458,41.58292],[1.95499,41.58265],[1.95615,41.58208],[1.95712,41.58202],[1.95816,41.58137],[1.95873,41.58074],[1.95936,41.58026],[1.95972,41.58007],[1.9602,41.57984],[1.96075,41.5794],[1.96105,41.57885],[1.96197,41.57707],[1.96249,41.57659],[1.96424,41.57569],[1.96439,41.57567],[1.9645,41.57564],[1.96482,41.57549],[1.96491,41.57537],[1.96513,41.57459],[1.96512,41.57412],[1.96507,41.57402],[1.96512,41.57388],[1.96559,41.57322],[1.96588,41.57285],[1.96593,41.57282],[1.96608,41.5728],[1.96628,41.57282],[1.96795,41.57254],[1.96922,41.57223],[1.97072,41.57256],[1.97124,41.57288],[1.97158,41.57329],[1.97201,41.5735],[1.97222,41.57355],[1.97317,41.57365],[1.97392,41.57432],[1.97522,41.57402],[1.97633,41.57367],[1.97784,41.57307],[1.97822,41.57287],[1.97856,41.57261],[1.979,41.57244],[1.97983,41.57224],[1.98008,41.5722],[1.9805,41.57214],[1.98135,41.57219],[1.98236,41.57233],[1.98251,41.57232],[1.98277,41.57219],[1.98284,41.57214],[1.98315,41.5718],[1.98335,41.57148],[1.98351,41.57119],[1.98359,41.57092],[1.98367,41.56945],[1.98433,41.56784],[1.98496,41.56619],[1.98569,41.56455],[1.9865,41.56328],[1.9867,41.56334],[1.98704,41.56241],[1.98737,41.56147],[1.98752,41.56101],[1.98758,41.56074],[1.98758,41.56059],[1.98753,41.56044],[1.98743,41.56028],[1.98605,41.55892],[1.98442,41.55733],[1.98373,41.55619],[1.98287,41.55525],[1.98224,41.55452],[1.98191,41.55403],[1.98129,41.55355],[1.98062,41.55307],[1.97941,41.55274],[1.97914,41.55269],[1.9789,41.5526],[1.97873,41.55249],[1.97851,41.55226],[1.97807,41.55178],[1.97763,41.55125],[1.97754,41.55114],[1.97746,41.55096],[1.9763,41.55037],[1.97571,41.55022],[1.97468,41.54953],[1.97458,41.54944],[1.97447,41.54932],[1.97432,41.54905],[1.97425,41.54882],[1.97425,41.54865],[1.97438,41.54842],[1.97423,41.54813],[1.97347,41.54721],[1.97338,41.54718],[1.97308,41.54723],[1.97208,41.54618],[1.97136,41.5456],[1.96984,41.54447],[1.9689,41.54378],[1.96764,41.54344],[1.96632,41.54298],[1.96309,41.54172],[1.9623,41.5414],[1.9618,41.54119],[1.96167,41.54112],[1.96126,41.54088],[1.96117,41.54078],[1.96112,41.54064],[1.96093,41.54035],[1.96081,41.54025],[1.96067,41.54016],[1.96051,41.54008],[1.96028,41.54001],[1.96004,41.53997],[1.95989,41.53996],[1.95954,41.54007],[1.95946,41.54006],[1.959,41.53988],[1.95881,41.53973],[1.95876,41.53966],[1.95871,41.53922],[1.95875,41.53912],[1.95907,41.53868],[1.95959,41.53897],[1.96068,41.53935],[1.96237,41.53922],[1.9633,41.53912],[1.96431,41.53883],[1.96458,41.53871],[1.96498,41.53858],[1.9652,41.53853],[1.96546,41.53849],[1.96805,41.53828],[1.96965,41.53832],[1.97163,41.53977],[1.97168,41.53948],[1.9719,41.53919],[1.97238,41.53907],[1.97281,41.53903],[1.973,41.53905],[1.97352,41.53921],[1.97393,41.53928],[1.97433,41.53933],[1.97467,41.53858],[1.97823,41.53375],[1.98009,41.53355],[1.98187,41.53252],[1.98331,41.53271],[1.98343,41.5329],[1.9836,41.5332],[1.98363,41.53327],[1.98362,41.5338],[1.98347,41.53411],[1.98576,41.53524],[1.98591,41.53541],[1.98612,41.53562],[1.98645,41.5359],[1.98662,41.53602],[1.98675,41.53609],[1.98706,41.53621],[1.98742,41.53632],[1.98774,41.53645],[1.98801,41.53666],[1.98918,41.53779],[1.98986,41.53848],[1.99002,41.53866],[1.99016,41.53885],[1.99042,41.53926],[1.99049,41.53941],[1.99055,41.53965],[1.99069,41.54076],[1.9907,41.54093],[1.99074,41.54119],[1.99079,41.54138],[1.99092,41.54177],[1.99142,41.54292],[1.99156,41.54319],[1.99205,41.54279],[1.99245,41.5423],[1.99251,41.54221],[1.99282,41.54207],[1.99337,41.54185],[1.99375,41.5417],[1.99392,41.54165],[1.99411,41.54163],[1.99423,41.54163],[1.99561,41.5418],[1.99646,41.54206],[1.99672,41.54216],[1.99685,41.54218],[1.99717,41.54215],[1.99729,41.54211],[1.99743,41.54203],[1.99838,41.54135],[1.999,41.54083],[1.99971,41.53986],[2.00022,41.53815],[2.00111,41.53668],[2.00169,41.536],[2.0021,41.53554],[2.00227,41.53539],[2.00243,41.53528],[2.00264,41.53521],[2.00388,41.5345],[2.00488,41.53373],[2.00603,41.53277],[2.00643,41.53263],[2.00659,41.53259],[2.00678,41.53256],[2.00706,41.53256],[2.00868,41.5326],[2.00989,41.53274],[2.01038,41.53281],[2.0107,41.53282],[2.01147,41.53277],[2.0119,41.53272],[2.01374,41.53243],[2.01514,41.5321],[2.01682,41.53179],[2.01774,41.53155],[2.01887,41.53101],[2.01962,41.53053],[2.01971,41.53042],[2.0198,41.53018],[2.01986,41.52983],[2.01987,41.52958],[2.01989,41.52917],[2.01994,41.52904],[2.0201,41.52889],[2.02051,41.52861],[2.02085,41.52843],[2.02212,41.52812],[2.0243,41.52765],[2.02502,41.52751],[2.02557,41.52754],[2.02626,41.52692],[2.02637,41.52681],[2.02657,41.52657],[2.02683,41.52619],[2.02746,41.52508],[2.02795,41.52395],[2.02814,41.52325],[2.0284,41.52241],[2.02847,41.52226],[2.02876,41.52179],[2.02896,41.52164],[2.0292,41.5216],[2.02972,41.52127],[2.0302,41.52067],[2.03066,41.52004],[2.03067,41.51995],[2.03279,41.51759],[2.03488,41.517],[2.03503,41.51732],[2.03525,41.51783],[2.03535,41.51809],[2.03536,41.5182],[2.03554,41.51896],[2.03581,41.51987],[2.03588,41.52002],[2.03607,41.52024],[2.03642,41.52059],[2.03698,41.52118],[2.03593,41.52156],[2.03572,41.52161],[2.03405,41.52192],[2.0325,41.52221],[2.03213,41.52221],[2.03188,41.52227],[2.03215,41.52385],[2.03236,41.52505],[2.03245,41.52551],[2.03256,41.52599],[2.03307,41.528],[2.03341,41.52807],[2.03359,41.5279],[2.03368,41.52786],[2.03475,41.52744],[2.03503,41.52736],[2.03531,41.52733],[2.03552,41.52738],[2.03655,41.52626],[2.03724,41.52609],[2.03843,41.52715],[2.03897,41.52759],[2.03912,41.52767],[2.03971,41.5278],[2.03981,41.52778],[2.03963,41.52749],[2.03957,41.52732],[2.03957,41.5271],[2.03973,41.52675],[2.03988,41.52645],[2.03995,41.52634],[2.04068,41.5251],[2.04063,41.52499],[2.04064,41.52488],[2.04083,41.52451],[2.04108,41.52432],[2.04176,41.52404],[2.04369,41.52441],[2.04491,41.52461],[2.04632,41.52516],[2.04652,41.52532],[2.0468,41.52545],[2.04724,41.52563],[2.04872,41.52585],[2.04884,41.52584],[2.04915,41.52577],[2.05002,41.52549],[2.05146,41.52533],[2.05189,41.5255],[2.05214,41.52556],[2.05254,41.52558],[2.05308,41.52556],[2.05355,41.52554],[2.05402,41.52548],[2.05512,41.52572],[2.056,41.52697],[2.05594,41.5272],[2.05585,41.52738],[2.0557,41.52758],[2.05525,41.5282],[2.05479,41.52965],[2.05471,41.52985],[2.05461,41.53002],[2.05449,41.53017],[2.05439,41.53027],[2.05418,41.53042],[2.05384,41.53064],[2.05335,41.53085],[2.05325,41.53088],[2.05095,41.5318],[2.05038,41.53205],[2.05028,41.53214],[2.05005,41.53235],[2.04975,41.53335],[2.04991,41.53359],[2.05059,41.53397],[2.05119,41.53418],[2.05144,41.53422],[2.05162,41.53428],[2.0517,41.53436],[2.05184,41.53454],[2.05183,41.53474],[2.0518,41.53484],[2.05109,41.5367],[2.05115,41.53679],[2.05185,41.53758],[2.05276,41.53821],[2.05293,41.53845],[2.05359,41.53985],[2.05404,41.54032],[2.0551,41.54068],[2.05703,41.54078],[2.05772,41.54071],[2.05886,41.54036],[2.0596,41.54012],[2.05966,41.54002],[2.06001,41.53971],[2.06037,41.53946],[2.06059,41.53935],[2.06148,41.53907],[2.06176,41.53905],[2.06228,41.53914],[2.06315,41.54008],[2.06359,41.54074],[2.0635,41.54091],[2.06353,41.54099],[2.06401,41.54159],[2.06507,41.54187],[2.06603,41.54222],[2.06577,41.54295],[2.06613,41.54351],[2.06615,41.54358],[2.06615,41.54381],[2.06613,41.5439],[2.06585,41.54439],[2.06478,41.54583],[2.06403,41.54682],[2.06368,41.54797],[2.06278,41.54932],[2.06242,41.54979],[2.06222,41.55009],[2.06168,41.55125],[2.06094,41.55287],[2.06086,41.55306],[2.06074,41.55346],[2.06091,41.55348],[2.06126,41.55351],[2.06168,41.5535],[2.06227,41.55342],[2.06289,41.55333],[2.06444,41.5531],[2.06494,41.55372],[2.0647,41.55385],[2.06498,41.55529],[2.06506,41.55544],[2.06519,41.55552],[2.06552,41.55562],[2.06692,41.55626],[2.06363,41.55789],[2.06499,41.55906],[2.06485,41.55926],[2.06469,41.55953],[2.06484,41.55965],[2.06622,41.56057],[2.06703,41.56003],[2.06756,41.56026],[2.06884,41.56094],[2.06863,41.5611],[2.06846,41.56118],[2.06836,41.5612],[2.06788,41.56196],[2.06771,41.56252],[2.06664,41.56308],[2.06648,41.56316],[2.06614,41.56328],[2.06587,41.56335],[2.06546,41.56335],[2.06504,41.56339],[2.06434,41.5635],[2.06394,41.56359],[2.0634,41.56372],[2.06362,41.56423],[2.06397,41.565],[2.06332,41.56595],[2.06419,41.56684],[2.06457,41.56723],[2.06546,41.56817],[2.06526,41.56832],[2.0645,41.56883],[2.06404,41.56911],[2.06371,41.56929],[2.06326,41.56941],[2.06269,41.56956],[2.06223,41.56968],[2.06152,41.57003],[2.06112,41.57062],[2.06179,41.57227],[2.06202,41.57269],[2.06307,41.57335],[2.06321,41.57339],[2.06345,41.57336],[2.06417,41.57321],[2.06477,41.57409],[2.06552,41.57548],[2.06549,41.57563],[2.06539,41.57574],[2.06527,41.57582],[2.06398,41.57647],[2.06267,41.57695],[2.06219,41.57708],[2.06098,41.57756],[2.06014,41.57791],[2.06243,41.57935],[2.06169,41.57961],[2.06151,41.57964],[2.06047,41.57978],[2.05934,41.58006],[2.05796,41.58043],[2.05772,41.58054],[2.05696,41.58086],[2.05608,41.58115],[2.05414,41.58166],[2.05365,41.58165],[2.05358,41.58156],[2.05271,41.58148],[2.0517,41.58141],[2.05137,41.58185],[2.05112,41.58222],[2.04882,41.58483],[2.04768,41.58471],[2.04752,41.585],[2.04709,41.58578],[2.04786,41.58613],[2.04659,41.58732],[2.04853,41.5885],[2.04961,41.58925],[2.05039,41.58974],[2.05057,41.58963],[2.05071,41.58952],[2.05078,41.5894],[2.05181,41.58883],[2.0519,41.58878],[2.05244,41.58864],[2.05305,41.58854],[2.05426,41.58838],[2.05487,41.58825],[2.05591,41.58803],[2.05743,41.58768],[2.05802,41.58756],[2.05915,41.58744],[2.06096,41.58765],[2.06183,41.58773],[2.0624,41.58784],[2.06249,41.58789],[2.06261,41.588],[2.06251,41.59024],[2.06241,41.59031],[2.06178,41.59053],[2.06161,41.59055],[2.06104,41.59077],[2.06059,41.5912],[2.06063,41.59165],[2.06125,41.59252],[2.05989,41.59384],[2.05948,41.5945],[2.05895,41.59511],[2.05824,41.59538],[2.05702,41.59614],[2.05685,41.59645],[2.0568,41.59674],[2.05659,41.59714],[2.05611,41.59728],[2.05536,41.59737],[2.05468,41.59734],[2.05419,41.59771],[2.05407,41.59787],[2.054,41.59814],[2.05212,41.599],[2.05082,41.59907],[2.05031,41.59982],[2.04896,41.60083],[2.04756,41.6019],[2.04675,41.60251],[2.04607,41.60294],[2.0448,41.60338],[2.04428,41.6037],[2.0442,41.60384],[2.03621,41.59839],[2.03475,41.59723],[2.03342,41.59598],[2.03335,41.59588],[2.03331,41.59565],[2.03419,41.59513],[2.03377,41.5949],[2.0324,41.5943],[2.03141,41.59443],[2.0313,41.59449],[2.0311,41.59471],[2.03092,41.59488],[2.02966,41.59371],[2.02858,41.59263],[2.02841,41.59233],[2.02834,41.59235],[2.02655,41.59351],[2.02396,41.59407],[2.02332,41.59416],[2.02284,41.59411],[2.02011,41.59471],[2.01996,41.59489],[2.01988,41.59553],[2.01991,41.59577],[2.02036,41.59754],[2.02103,41.59959],[2.02128,41.60027],[2.02135,41.60056],[2.02135,41.6007],[2.0213,41.60091],[2.02122,41.6011],[2.02105,41.60136],[2.02088,41.60151],[2.02063,41.60168],[2.02032,41.60182],[2.02016,41.60182],[2.01997,41.60175],[2.01777,41.60148],[2.01757,41.60159],[2.0174,41.60166],[2.01722,41.60171],[2.01625,41.60189],[2.01525,41.60207],[2.01136,41.60459],[2.01102,41.60502],[2.0104,41.6051],[2.0092,41.60507],[2.00776,41.60502],[2.00755,41.60507],[2.00704,41.60531],[2.00638,41.60587],[2.00602,41.6061],[2.00534,41.60627],[2.00479,41.60628],[2.0043,41.60646],[2.00334,41.60689],[2.00165,41.60768],[2.00128,41.60798],[2.00093,41.60847],[2.0004,41.60898],[1.99972,41.60923],[1.99817,41.60986],[1.99778,41.61038],[1.99674,41.6115],[1.99659,41.61162],[1.99554,41.6122],[1.99481,41.61257],[1.99395,41.61282],[1.9928,41.6131],[1.99138,41.61403],[1.99089,41.61427],[1.99024,41.61463],[1.98897,41.6162],[1.98845,41.61685],[1.98687,41.61708],[1.98493,41.61824],[1.98422,41.61923],[1.98325,41.62013],[1.98169,41.62173],[1.98005,41.62287],[1.97911,41.62333],[1.98183,41.63501],[1.98293,41.64817]]]},"properties":{"codi_ine":"08279","nom":"Terrassa","comarca":"Vallès Occidental"}},
{"type":"Feature","geometry":{"type":"Polygon","coordinates":[[[2.32301,41.51664],[2.32262,41.51666],[2.32137,41.51676],[2.31951,41.51711],[2.31667,41.5174],[2.31508,41.51723],[2.31308,41.51673],[2.31197,41.51658],[2.31089,41.51651],[2.30974,41.51633],[2.30923,41.51602],[2.30826,41.51478],[2.30775,41.51389],[2.30749,41.51357],[2.30724,41.51336],[2.30709,41.51317],[2.3068,41.51255],[2.30678,41.51245],[2.30679,41.51221],[2.30699,41.51087],[2.30693,41.5099],[2.30694,41.50979],[2.30714,41.50819],[2.30719,41.50786],[2.30804,41.50775],[2.30797,41.50644],[2.30783,41.50559],[2.30822,41.50188],[2.30807,41.50163],[2.3083,41.50095],[2.30862,41.50067],[2.30777,41.49875],[2.30733,41.49811],[2.30775,41.49805],[2.30797,41.49804],[2.30837,41.49805],[2.30879,41.49808],[2.30953,41.49812],[2.30974,41.49813],[2.30962,41.49772],[2.30912,41.49634],[2.30833,41.49544],[2.3087,41.49472],[2.30896,41.49433],[2.30955,41.49443],[2.30995,41.49359],[2.30995,41.49314],[2.3098,41.49183],[2.30999,41.49096],[2.30967,41.49009],[2.30963,41.48997],[2.30961,41.48975],[2.3096,41.48931],[2.30961,41.48888],[2.31008,41.48856],[2.31029,41.48843],[2.31155,41.48832],[2.31295,41.48841],[2.31409,41.48802],[2.3142,41.48788],[2.31437,41.48776],[2.31461,41.48765],[2.31483,41.48758],[2.31515,41.48755],[2.31534,41.48755],[2.31644,41.48773],[2.31663,41.48781],[2.31763,41.48844],[2.31775,41.48859],[2.31778,41.48873],[2.3178,41.48912],[2.31784,41.48941],[2.3179,41.48965],[2.31799,41.48983],[2.31826,41.49013],[2.31836,41.49021],[2.31851,41.49027],[2.31867,41.49025],[2.32097,41.48783],[2.32133,41.48775],[2.32157,41.48774],[2.32188,41.48785],[2.322,41.48822],[2.3228,41.48879],[2.32378,41.48919],[2.32434,41.4886],[2.32456,41.48791],[2.32491,41.48682],[2.32512,41.48683],[2.32565,41.48694],[2.32633,41.48738],[2.32766,41.48767],[2.3286,41.48846],[2.32887,41.48874],[2.32925,41.48859],[2.32958,41.48843],[2.32997,41.48822],[2.3303,41.48796],[2.33054,41.48775],[2.331,41.48749],[2.33151,41.48737],[2.33172,41.48738],[2.33189,41.48741],[2.33229,41.48756],[2.33242,41.48764],[2.33258,41.48807],[2.3335,41.48886],[2.33393,41.48855],[2.33474,41.48793],[2.33507,41.48766],[2.33528,41.48747],[2.33544,41.48728],[2.33557,41.48711],[2.33577,41.48679],[2.33583,41.48665],[2.33594,41.48637],[2.33612,41.48573],[2.33617,41.48554],[2.33626,41.48501],[2.33629,41.48478],[2.33628,41.48453],[2.33673,41.48441],[2.33689,41.4844],[2.33815,41.48466],[2.33841,41.48484],[2.33903,41.48542],[2.33916,41.48551],[2.34065,41.48645],[2.34177,41.48701],[2.34233,41.48724],[2.34262,41.48736],[2.34308,41.48759],[2.34354,41.48784],[2.34384,41.48803],[2.34408,41.4882],[2.34237,41.48913],[2.34289,41.48965],[2.3412,41.49082],[2.34084,41.49091],[2.34059,41.49072],[2.34047,41.49068],[2.33971,41.49148],[2.33906,41.4922],[2.33821,41.49301],[2.33797,41.49362],[2.33805,41.49417],[2.3379,41.4951],[2.33749,41.49535],[2.33712,41.49482],[2.33708,41.49475],[2.33648,41.49513],[2.33533,41.49741],[2.33511,41.49784],[2.33431,41.49924],[2.33434,41.50048],[2.33438,41.50063],[2.33483,41.50154],[2.33493,41.50168],[2.33468,41.50209],[2.33405,41.50268],[2.33376,41.50293],[2.33351,41.50308],[2.333,41.50345],[2.33226,41.50434],[2.33123,41.50603],[2.33104,41.50667],[2.33102,41.50683],[2.33077,41.50716],[2.33058,41.50735],[2.33039,41.5075],[2.32942,41.50805],[2.32904,41.5086],[2.32855,41.50943],[2.32877,41.50952],[2.32772,41.51129],[2.32741,41.51168],[2.32728,41.51181],[2.327,41.51203],[2.32684,41.51212],[2.32615,41.5124],[2.32489,41.51307],[2.3243,41.51348],[2.32507,41.51421],[2.32468,41.51475],[2.32311,41.51495],[2.32363,41.51593],[2.32372,41.51605],[2.32382,41.51626],[2.32381,41.51636],[2.32369,41.51648],[2.32351,41.51657],[2.32332,41.51662],[2.32301,41.51664]]]},"properties":{"codi_ine":"08281","nom":"Teià","comarca":"Maresme"}},
{"type":"Feature","geometry":{"type":"Polygon","coordinates":[[[2.29187,41.48251],[2.29187,41.48267],[2.29126,41.48309],[2.29056,41.48358],[2.28948,41.48448],[2.28826,41.48558],[2.28741,41.48679],[2.28649,41.4878],[2.28514,41.48856],[2.28395,41.48917],[2.28366,41.48941],[2.28332,41.48981],[2.28306,41.49021],[2.28302,41.49031],[2.283,41.49063],[2.28288,41.49103],[2.28281,41.49114],[2.28219,41.49181],[2.28161,41.49237],[2.28149,41.49245],[2.28129,41.49254],[2.28123,41.49258],[2.28093,41.49289],[2.28082,41.49307],[2.28076,41.49324],[2.28052,41.49405],[2.28057,41.49452],[2.28051,41.49464],[2.27895,41.49556],[2.27886,41.49561],[2.27857,41.4957],[2.27765,41.49621],[2.27728,41.4967],[2.27673,41.49734],[2.27612,41.49765],[2.27449,41.49823],[2.2728,41.49878],[2.27123,41.49941],[2.27097,41.49974],[2.2704,41.50039],[2.26994,41.50056],[2.26946,41.50066],[2.26929,41.50072],[2.26905,41.50082],[2.26878,41.50095],[2.26866,41.50104],[2.26817,41.50168],[2.26783,41.50217],[2.26788,41.50247],[2.26793,41.50283],[2.26798,41.50328],[2.26791,41.50409],[2.26788,41.50425],[2.26774,41.50441],[2.2676,41.50448],[2.2668,41.50477],[2.26621,41.50432],[2.26543,41.50432],[2.26455,41.50426],[2.26328,41.50397],[2.26303,41.5035],[2.26222,41.50234],[2.26309,41.50192],[2.26309,41.50181],[2.26299,41.5016],[2.26255,41.50104],[2.26182,41.50033],[2.26147,41.50006],[2.26119,41.49989],[2.26072,41.49964],[2.26057,41.4996],[2.26025,41.49931],[2.25987,41.49884],[2.25967,41.49857],[2.25944,41.49823],[2.25942,41.49815],[2.2594,41.49773],[2.25937,41.49752],[2.2593,41.49736],[2.25922,41.49726],[2.25908,41.49714],[2.25813,41.49656],[2.25746,41.49628],[2.25708,41.49623],[2.25569,41.49602],[2.25551,41.49597],[2.25535,41.49336],[2.25515,41.49306],[2.25503,41.49293],[2.25471,41.4926],[2.25432,41.49223],[2.25413,41.49207],[2.25394,41.49195],[2.25354,41.49214],[2.25301,41.49222],[2.25264,41.49212],[2.2523,41.49196],[2.25114,41.49131],[2.2507,41.49099],[2.25061,41.49083],[2.25061,41.49074],[2.25051,41.49055],[2.25035,41.49043],[2.24975,41.49012],[2.24853,41.48954],[2.24769,41.48907],[2.24721,41.48873],[2.24705,41.48859],[2.24745,41.48769],[2.24757,41.48711],[2.24763,41.48563],[2.24816,41.48488],[2.24833,41.48479],[2.24846,41.48466],[2.26083,41.47076],[2.26138,41.47068],[2.26387,41.47121],[2.26514,41.4715],[2.26585,41.47168],[2.26633,41.47176],[2.26659,41.4717],[2.26673,41.47161],[2.26698,41.4714],[2.26706,41.47125],[2.2673,41.47112],[2.26803,41.47121],[2.26829,41.47126],[2.26855,41.47134],[2.26885,41.47145],[2.26915,41.47159],[2.26925,41.47171],[2.27081,41.4717],[2.27141,41.47153],[2.27217,41.47135],[2.27286,41.4712],[2.27413,41.47203],[2.27425,41.47214],[2.2749,41.47275],[2.27557,41.47317],[2.27591,41.47342],[2.27632,41.47374],[2.27619,41.47506],[2.2779,41.47591],[2.27803,41.47541],[2.2785,41.47478],[2.27858,41.47469],[2.27872,41.4746],[2.27887,41.47456],[2.27927,41.47452],[2.27942,41.47456],[2.27961,41.47475],[2.27996,41.47516],[2.28021,41.47559],[2.28119,41.47641],[2.28276,41.477],[2.28392,41.47702],[2.2853,41.47763],[2.28557,41.47777],[2.28654,41.4783],[2.28727,41.47872],[2.28946,41.4801],[2.28988,41.4804],[2.29013,41.4806],[2.29029,41.48075],[2.29105,41.48176],[2.29146,41.48207],[2.29164,41.48223],[2.29187,41.48251]]]},"properties":{"codi_ine":"08282","nom":"Tiana","comarca":"Maresme"}},
{"type":"Feature","geometry":{"type":"Polygon","coordinates":[[[1.74687,41.45874],[1.74623,41.45892],[1.745,41.45938],[1.74383,41.46007],[1.74235,41.46106],[1.74226,41.46109],[1.74181,41.46113],[1.74089,41.46115],[1.74044,41.46113],[1.74015,41.4611],[1.73968,41.461],[1.73931,41.46088],[1.73898,41.46074],[1.73872,41.46063],[1.73858,41.46059],[1.7384,41.46056],[1.73812,41.46055],[1.738,41.46056],[1.73744,41.46079],[1.73716,41.46092],[1.73703,41.46102],[1.73553,41.46163],[1.73519,41.46168],[1.73507,41.46172],[1.73489,41.4618],[1.7343,41.46211],[1.73384,41.46235],[1.73335,41.46263],[1.73238,41.46316],[1.73183,41.46337],[1.73093,41.4637],[1.72992,41.464],[1.72841,41.46425],[1.728,41.46431],[1.72754,41.46433],[1.72653,41.46431],[1.72644,41.46431],[1.72562,41.46417],[1.72459,41.46407],[1.72449,41.46407],[1.72428,41.46412],[1.72416,41.46419],[1.72374,41.46458],[1.72357,41.46472],[1.72343,41.46481],[1.72272,41.46518],[1.72242,41.46531],[1.71969,41.46606],[1.71943,41.46611],[1.71862,41.46613],[1.71842,41.46612],[1.71802,41.46607],[1.71698,41.46588],[1.71687,41.46587],[1.71658,41.4659],[1.71611,41.46601],[1.71591,41.46608],[1.71489,41.46658],[1.71427,41.46692],[1.71406,41.46709],[1.71378,41.46731],[1.71363,41.46737],[1.71302,41.46757],[1.71268,41.46765],[1.71175,41.46775],[1.71193,41.46704],[1.71198,41.46626],[1.71164,41.46601],[1.7114,41.46579],[1.71135,41.4657],[1.71134,41.46562],[1.7114,41.46505],[1.71142,41.46495],[1.71152,41.46469],[1.71162,41.46449],[1.71166,41.46438],[1.71166,41.46399],[1.7116,41.46389],[1.71125,41.46352],[1.71114,41.46341],[1.71101,41.46335],[1.71018,41.46203],[1.70984,41.46139],[1.70955,41.46092],[1.70934,41.46063],[1.70879,41.45995],[1.70844,41.45957],[1.70825,41.45939],[1.70762,41.4586],[1.70737,41.45803],[1.70748,41.45747],[1.70777,41.45712],[1.70833,41.45601],[1.70808,41.45509],[1.70797,41.45485],[1.70733,41.45407],[1.70719,41.45292],[1.70688,41.45125],[1.7067,41.45059],[1.7066,41.45045],[1.70636,41.4504],[1.70628,41.4503],[1.70624,41.45021],[1.70716,41.44973],[1.70929,41.44908],[1.70811,41.44816],[1.70767,41.4475],[1.7076,41.44683],[1.70745,41.44604],[1.70667,41.44497],[1.70597,41.44466],[1.70498,41.44468],[1.704,41.44475],[1.70293,41.44621],[1.70269,41.44637],[1.7024,41.44648],[1.70259,41.44448],[1.70217,41.44408],[1.70161,41.44371],[1.70123,41.44372],[1.7003,41.44501],[1.6997,41.44585],[1.69914,41.44679],[1.69858,41.44749],[1.69734,41.44742],[1.69584,41.44754],[1.69566,41.44749],[1.6953,41.44731],[1.69515,41.44719],[1.69475,41.44656],[1.69434,41.44574],[1.69425,41.44567],[1.69386,41.44543],[1.69294,41.44491],[1.69271,41.44496],[1.69208,41.44516],[1.69198,41.44523],[1.69151,41.44591],[1.69133,41.44626],[1.69121,41.44656],[1.69078,41.44778],[1.6906,41.44871],[1.6906,41.4488],[1.69012,41.44866],[1.68976,41.44855],[1.68905,41.44821],[1.68856,41.44791],[1.68816,41.44765],[1.68771,41.44727],[1.68753,41.44703],[1.68713,41.44663],[1.68673,41.44654],[1.68614,41.44676],[1.68506,41.44665],[1.68423,41.44654],[1.68367,41.44675],[1.68342,41.44675],[1.68329,41.44671],[1.68294,41.44658],[1.68263,41.44645],[1.68333,41.44607],[1.68495,41.44324],[1.68551,41.44225],[1.68554,41.44213],[1.6853,41.44118],[1.68504,41.44064],[1.68486,41.44032],[1.68474,41.44002],[1.68444,41.43926],[1.68442,41.43921],[1.68442,41.43878],[1.6845,41.43751],[1.68449,41.43727],[1.68446,41.43716],[1.68429,41.43699],[1.68397,41.43683],[1.68265,41.4362],[1.68252,41.43613],[1.6824,41.43604],[1.68194,41.43553],[1.68166,41.43521],[1.68152,41.43502],[1.68137,41.43479],[1.68113,41.43433],[1.68049,41.43303],[1.6803,41.43258],[1.6803,41.43239],[1.68047,41.43206],[1.68048,41.43189],[1.68039,41.43153],[1.68032,41.43133],[1.68,41.43072],[1.67962,41.4306],[1.67723,41.43109],[1.67655,41.43123],[1.67695,41.4306],[1.67707,41.43045],[1.6775,41.42996],[1.67894,41.42816],[1.68042,41.42651],[1.68272,41.42443],[1.6838,41.42335],[1.6839,41.42321],[1.68402,41.4231],[1.68476,41.42244],[1.68493,41.42232],[1.68704,41.42088],[1.68834,41.41992],[1.68874,41.41962],[1.6901,41.41866],[1.6903,41.41852],[1.69083,41.41825],[1.69111,41.41814],[1.6913,41.41808],[1.69192,41.4179],[1.69337,41.41755],[1.69413,41.41747],[1.69641,41.41723],[1.69783,41.41723],[1.69897,41.41749],[1.69947,41.41758],[1.70003,41.41765],[1.70089,41.41774],[1.70111,41.41775],[1.70135,41.41775],[1.70157,41.41772],[1.70328,41.41744],[1.70375,41.41735],[1.70538,41.41685],[1.70551,41.41677],[1.70725,41.41845],[1.70841,41.41952],[1.70875,41.41989],[1.70921,41.4205],[1.71,41.42088],[1.71059,41.42106],[1.71099,41.42079],[1.71123,41.42054],[1.71667,41.42777],[1.72109,41.43391],[1.72156,41.43577],[1.72294,41.43586],[1.72327,41.43585],[1.7235,41.43582],[1.72371,41.43572],[1.72475,41.43528],[1.72636,41.43462],[1.72687,41.43448],[1.72745,41.43438],[1.72762,41.43439],[1.72808,41.43431],[1.7282,41.43425],[1.72853,41.43403],[1.72906,41.43365],[1.72964,41.43313],[1.73127,41.43191],[1.73244,41.43119],[1.73347,41.43027],[1.734,41.42941],[1.73483,41.42844],[1.73596,41.42746],[1.73703,41.42662],[1.73784,41.42607],[1.7385,41.42508],[1.73958,41.42398],[1.74594,41.41934],[1.74855,41.41761],[1.75109,41.4236],[1.75663,41.43116],[1.75867,41.43322],[1.76069,41.43302],[1.76106,41.43298],[1.7613,41.43455],[1.76369,41.43429],[1.76426,41.43579],[1.76431,41.43594],[1.76608,41.43654],[1.76633,41.43662],[1.76719,41.43685],[1.76773,41.43709],[1.76905,41.43795],[1.76833,41.43997],[1.76908,41.44559],[1.75208,41.45133],[1.74888,41.45336],[1.75145,41.45762],[1.74687,41.45874]]]},"properties":{"codi_ine":"08287","nom":"Torrelavit","comarca":"Alt Penedès"}},
{"type":"Feature","geometry":{"type":"Polygon","coordinates":[[[1.99986,41.37159],[1.99984,41.37176],[1.9998,41.37184],[1.99965,41.37204],[1.99953,41.37213],[1.99882,41.37235],[1.99846,41.37245],[1.9968,41.37341],[1.9958,41.37437],[1.99523,41.37512],[1.99491,41.37537],[1.99454,41.37558],[1.99102,41.37597],[1.99065,41.37589],[1.9897,41.37499],[1.98848,41.37396],[1.98715,41.37303],[1.9869,41.37285],[1.98653,41.37264],[1.98562,41.37243],[1.98538,41.37242],[1.98463,41.37245],[1.98389,41.37244],[1.98345,41.37243],[1.98198,41.37228],[1.98264,41.37188],[1.98098,41.3694],[1.98133,41.36901],[1.98055,41.3685],[1.9803,41.36846],[1.97958,41.3685],[1.9787,41.36831],[1.97859,41.36824],[1.97828,41.36797],[1.97766,41.36736],[1.97748,41.36727],[1.97689,41.36714],[1.9765,41.36708],[1.9756,41.36708],[1.97507,41.36721],[1.97447,41.36729],[1.97426,41.36728],[1.9741,41.36724],[1.97174,41.36661],[1.97024,41.36633],[1.96798,41.36564],[1.96611,41.36525],[1.96452,41.365],[1.96367,41.36535],[1.96245,41.36568],[1.95939,41.36638],[1.95701,41.36703],[1.95482,41.3674],[1.9542,41.36772],[1.9541,41.3678],[1.9537,41.36763],[1.95356,41.36752],[1.95262,41.36629],[1.95219,41.36571],[1.95188,41.3652],[1.95155,41.36463],[1.95135,41.36401],[1.95123,41.36339],[1.95057,41.36304],[1.94919,41.36257],[1.94899,41.3624],[1.94879,41.3621],[1.94861,41.36173],[1.94842,41.36126],[1.9483,41.3609],[1.94823,41.36065],[1.94816,41.36044],[1.94783,41.35983],[1.94777,41.35974],[1.94741,41.35933],[1.94712,41.35911],[1.94696,41.35877],[1.94656,41.35748],[1.94616,41.35665],[1.94579,41.35595],[1.94565,41.3559],[1.94551,41.3558],[1.94541,41.35564],[1.94529,41.35532],[1.94523,41.35501],[1.94522,41.35478],[1.9454,41.35413],[1.94549,41.3539],[1.94555,41.35377],[1.94568,41.35363],[1.94609,41.3534],[1.94629,41.35333],[1.94668,41.35325],[1.94688,41.35313],[1.947,41.3529],[1.94702,41.35274],[1.94704,41.35244],[1.94703,41.35226],[1.947,41.35215],[1.94649,41.35083],[1.94636,41.35062],[1.94601,41.3504],[1.94563,41.35018],[1.94528,41.35003],[1.94482,41.34988],[1.94456,41.34981],[1.94443,41.34455],[1.94485,41.34336],[1.94535,41.34213],[1.94533,41.34145],[1.94488,41.33979],[1.94461,41.33887],[1.94404,41.33714],[1.9444,41.33683],[1.9459,41.33666],[1.94743,41.33681],[1.9498,41.33529],[1.95944,41.3333],[1.95996,41.33365],[1.96131,41.33429],[1.96309,41.33573],[1.96483,41.33705],[1.96671,41.33842],[1.96816,41.33957],[1.96886,41.33999],[1.97011,41.34063],[1.97275,41.34143],[1.97536,41.34137],[1.97575,41.34137],[1.97584,41.34138],[1.97675,41.34157],[1.97725,41.34188],[1.97754,41.34219],[1.97798,41.34261],[1.97814,41.34275],[1.97824,41.34279],[1.98156,41.34389],[1.98385,41.34451],[1.98598,41.34475],[1.98689,41.34469],[1.98707,41.34473],[1.98737,41.34482],[1.98776,41.34497],[1.98807,41.34518],[1.98914,41.34616],[1.99013,41.34721],[1.99096,41.34808],[1.99105,41.34915],[1.99146,41.35001],[1.99193,41.35083],[1.99247,41.35141],[1.99314,41.35226],[1.99327,41.35244],[1.99329,41.35259],[1.99321,41.35289],[1.99314,41.35303],[1.9941,41.35409],[1.99506,41.35503],[1.99559,41.35553],[1.99586,41.35579],[1.9962,41.35608],[1.99632,41.35618],[1.99649,41.35624],[1.99658,41.35625],[1.99735,41.35626],[1.99849,41.35625],[1.99805,41.35652],[1.99813,41.35688],[1.99859,41.35843],[1.99871,41.35863],[1.99901,41.35951],[1.9991,41.35987],[1.99914,41.36047],[1.99899,41.36056],[1.99882,41.36076],[1.99827,41.36154],[1.99815,41.36182],[1.99808,41.36205],[1.99804,41.36227],[1.99803,41.36248],[1.99817,41.3633],[1.99822,41.36353],[1.99832,41.36374],[1.99844,41.36388],[1.99867,41.36402],[1.99881,41.36408],[1.99897,41.36412],[1.99919,41.36414],[1.99979,41.36437],[2.00079,41.36496],[2.00106,41.36519],[2.00167,41.36582],[2.0019,41.36659],[2.00197,41.36702],[2.00281,41.36831],[2.00302,41.36865],[2.00314,41.36889],[2.00321,41.36918],[2.00253,41.36998],[2.00235,41.37019],[2.00197,41.37044],[2.00136,41.37078],[2.001,41.37092],[2.00049,41.37122],[1.99986,41.37159]]]},"properties":{"codi_ine":"08289","nom":"Torrelles de Llobregat","comarca":"Baix Llobregat"}},
{"type":"Feature","geometry":{"type":"Polygon","coordinates":[[[1.98576,41.53524],[1.98347,41.53411],[1.98362,41.5338],[1.98363,41.53327],[1.9836,41.5332],[1.98343,41.5329],[1.98331,41.53271],[1.98187,41.53252],[1.98009,41.53355],[1.97823,41.53375],[1.97467,41.53858],[1.97433,41.53933],[1.97393,41.53928],[1.97352,41.53921],[1.973,41.53905],[1.97281,41.53903],[1.97238,41.53907],[1.9719,41.53919],[1.97168,41.53948],[1.97163,41.53977],[1.96965,41.53832],[1.96805,41.53828],[1.96546,41.53849],[1.9652,41.53853],[1.96498,41.53858],[1.96458,41.53871],[1.96431,41.53883],[1.9633,41.53912],[1.96237,41.53922],[1.96068,41.53935],[1.95959,41.53897],[1.95907,41.53868],[1.959,41.53847],[1.95825,41.53738],[1.95805,41.53717],[1.95768,41.53691],[1.95727,41.53665],[1.957,41.53648],[1.95674,41.53637],[1.9566,41.53633],[1.95644,41.53632],[1.95629,41.53638],[1.95592,41.53664],[1.9558,41.53675],[1.95578,41.53691],[1.95554,41.53703],[1.95416,41.53684],[1.95344,41.53673],[1.95323,41.53655],[1.95314,41.53634],[1.95318,41.53586],[1.95228,41.53549],[1.9518,41.53596],[1.95081,41.53646],[1.95056,41.53651],[1.95038,41.53653],[1.95019,41.53652],[1.95004,41.53648],[1.95,41.53644],[1.94999,41.53635],[1.95008,41.53615],[1.95022,41.53573],[1.95024,41.53561],[1.95034,41.53495],[1.95033,41.53474],[1.95023,41.53461],[1.95001,41.5345],[1.94942,41.53428],[1.94817,41.53326],[1.94763,41.53268],[1.94715,41.53231],[1.94543,41.53107],[1.94464,41.53051],[1.94438,41.53031],[1.94395,41.5297],[1.94365,41.52915],[1.94332,41.52884],[1.94238,41.52826],[1.94217,41.52818],[1.94187,41.52813],[1.94219,41.52775],[1.94231,41.52741],[1.94233,41.52725],[1.94289,41.52698],[1.94901,41.52571],[1.95133,41.52293],[1.95133,41.51497],[1.95133,41.51172],[1.95129,41.51102],[1.95115,41.51016],[1.93663,41.50913],[1.93621,41.50811],[1.93611,41.50781],[1.94083,41.50666],[1.94578,41.50768],[1.95143,41.50924],[1.95832,41.51086],[1.96004,41.51135],[1.96066,41.5125],[1.96091,41.51301],[1.96098,41.51326],[1.96914,41.51207],[1.96948,41.51248],[1.96991,41.51306],[1.97007,41.51333],[1.97018,41.51368],[1.97016,41.51404],[1.97007,41.51421],[1.9708,41.51531],[1.97188,41.5164],[1.97243,41.51687],[1.973,41.51721],[1.97315,41.51728],[1.97326,41.51735],[1.97347,41.51757],[1.97402,41.51833],[1.97409,41.51843],[1.97414,41.51863],[1.97417,41.51898],[1.9742,41.51918],[1.97434,41.51941],[1.97451,41.51955],[1.97474,41.51967],[1.97539,41.51994],[1.97582,41.52015],[1.97609,41.52033],[1.97625,41.52046],[1.97648,41.5207],[1.97659,41.52083],[1.97697,41.52132],[1.97747,41.52193],[1.97785,41.5224],[1.97866,41.52325],[1.9791,41.52363],[1.98054,41.5242],[1.98157,41.5251],[1.98166,41.52516],[1.9819,41.52521],[1.98205,41.52521],[1.98565,41.52388],[1.98626,41.524],[1.98617,41.52438],[1.9861,41.5245],[1.98568,41.52505],[1.98554,41.52522],[1.98474,41.527],[1.98464,41.52802],[1.98467,41.52828],[1.98474,41.52885],[1.98486,41.52902],[1.9851,41.52959],[1.98513,41.53026],[1.98509,41.53271],[1.98511,41.53381],[1.98554,41.53454],[1.98576,41.53524]]]},"properties":{"codi_ine":"08290","nom":"Ullastrell","comarca":"Vallès Occidental"}},
{"type":"Feature","geometry":{"type":"Polygon","coordinates":[[[1.96075,41.5794],[1.9602,41.57984],[1.95972,41.58007],[1.95936,41.58026],[1.95873,41.58074],[1.95816,41.58137],[1.95712,41.58202],[1.95615,41.58208],[1.95499,41.58265],[1.95458,41.58292],[1.95427,41.58339],[1.95278,41.58395],[1.95224,41.58407],[1.95108,41.58441],[1.95103,41.58446],[1.95103,41.58463],[1.95106,41.58471],[1.95182,41.58531],[1.95207,41.58546],[1.95219,41.5855],[1.95335,41.58622],[1.9533,41.58634],[1.95333,41.58647],[1.95366,41.58717],[1.95385,41.58742],[1.95393,41.58749],[1.95403,41.58751],[1.95455,41.58743],[1.95464,41.58743],[1.95477,41.58747],[1.95482,41.58753],[1.95481,41.58763],[1.95477,41.58779],[1.95452,41.58842],[1.95429,41.58872],[1.95415,41.589],[1.95413,41.58942],[1.95418,41.58973],[1.95461,41.59075],[1.95508,41.59112],[1.95438,41.59179],[1.95381,41.59235],[1.95352,41.59283],[1.95341,41.59294],[1.95324,41.59303],[1.95304,41.59307],[1.95285,41.59309],[1.95194,41.59311],[1.95125,41.59395],[1.95101,41.59441],[1.95071,41.59483],[1.94939,41.59565],[1.94921,41.59594],[1.94833,41.5968],[1.94778,41.59708],[1.94748,41.59708],[1.94731,41.59704],[1.94648,41.59739],[1.94585,41.59842],[1.94559,41.59895],[1.94558,41.59899],[1.94511,41.59942],[1.94423,41.60011],[1.94403,41.60017],[1.94376,41.60015],[1.94367,41.60024],[1.94363,41.60039],[1.94364,41.60067],[1.94368,41.60081],[1.94388,41.60099],[1.94437,41.60134],[1.94502,41.60173],[1.94598,41.60246],[1.94732,41.60379],[1.94786,41.6043],[1.94847,41.60459],[1.94943,41.60503],[1.95056,41.60534],[1.95126,41.60545],[1.95249,41.60591],[1.95299,41.60612],[1.95306,41.60616],[1.95326,41.60638],[1.95329,41.60649],[1.95329,41.60677],[1.95349,41.60729],[1.95379,41.60795],[1.95467,41.60938],[1.95563,41.61014],[1.95635,41.61079],[1.95595,41.61129],[1.95589,41.61138],[1.95559,41.61225],[1.95548,41.61296],[1.95516,41.6139],[1.95494,41.61417],[1.95473,41.61487],[1.95485,41.61614],[1.95525,41.61628],[1.95453,41.61735],[1.95385,41.61773],[1.95398,41.61797],[1.95405,41.61813],[1.95418,41.61854],[1.95424,41.61874],[1.95422,41.61889],[1.95374,41.61923],[1.9536,41.61927],[1.95268,41.61998],[1.95176,41.62036],[1.95157,41.62026],[1.95146,41.62026],[1.95132,41.6203],[1.95129,41.62036],[1.95122,41.62098],[1.95156,41.62109],[1.95179,41.62109],[1.95199,41.62107],[1.95281,41.6211],[1.95329,41.62113],[1.95384,41.62129],[1.95431,41.62151],[1.95432,41.62225],[1.95427,41.62272],[1.95426,41.62296],[1.95435,41.62363],[1.95468,41.62427],[1.9552,41.62509],[1.9553,41.62521],[1.95549,41.62525],[1.95582,41.6253],[1.95639,41.62547],[1.95695,41.62566],[1.95766,41.62605],[1.95821,41.62645],[1.9588,41.62691],[1.95978,41.62734],[1.96139,41.62797],[1.96205,41.62824],[1.96242,41.62855],[1.96244,41.62863],[1.96259,41.6289],[1.96267,41.62898],[1.96281,41.62907],[1.96368,41.62944],[1.96424,41.62962],[1.96517,41.62982],[1.96574,41.63009],[1.96824,41.63155],[1.96959,41.63283],[1.96977,41.63318],[1.97003,41.63361],[1.97032,41.63397],[1.97059,41.63426],[1.97079,41.63445],[1.97099,41.63459],[1.97116,41.63466],[1.97137,41.63465],[1.97162,41.63457],[1.9718,41.63442],[1.97206,41.63429],[1.97246,41.63415],[1.97272,41.63427],[1.97394,41.6349],[1.9742,41.63517],[1.97478,41.63557],[1.97507,41.63569],[1.9757,41.63575],[1.97594,41.63573],[1.97627,41.63601],[1.97608,41.63694],[1.97599,41.63713],[1.97531,41.63837],[1.9744,41.63924],[1.97358,41.64036],[1.9733,41.64115],[1.97319,41.64139],[1.97308,41.64147],[1.9726,41.64167],[1.97217,41.64182],[1.97173,41.64197],[1.97134,41.64213],[1.97082,41.64266],[1.97076,41.64286],[1.9708,41.6434],[1.97095,41.64457],[1.971,41.64481],[1.97155,41.6455],[1.97174,41.6457],[1.97193,41.64601],[1.97196,41.64622],[1.97199,41.64673],[1.97198,41.64752],[1.97192,41.64825],[1.97145,41.64883],[1.96152,41.64427],[1.96132,41.6442],[1.96112,41.64419],[1.96098,41.64423],[1.96049,41.64445],[1.96039,41.64451],[1.96031,41.64462],[1.95962,41.64515],[1.95865,41.64576],[1.95801,41.64616],[1.95777,41.6463],[1.95765,41.64635],[1.95709,41.64652],[1.95802,41.64181],[1.95756,41.6425],[1.95714,41.64294],[1.95672,41.64333],[1.95645,41.6435],[1.95632,41.64356],[1.95612,41.64361],[1.95581,41.6436],[1.95569,41.64358],[1.94442,41.63564],[1.94178,41.62439],[1.93842,41.62435],[1.93695,41.62526],[1.93498,41.62538],[1.93147,41.6233],[1.93032,41.62308],[1.92031,41.6287],[1.91805,41.62897],[1.91681,41.62848],[1.91647,41.6283],[1.91612,41.6282],[1.91067,41.62957],[1.90998,41.6298],[1.9095,41.62999],[1.9093,41.63015],[1.90845,41.63008],[1.90801,41.62954],[1.90686,41.62899],[1.90619,41.62881],[1.90551,41.62871],[1.90443,41.62831],[1.90285,41.62717],[1.90266,41.62711],[1.90253,41.62704],[1.90213,41.62678],[1.90179,41.6265],[1.90169,41.6264],[1.90165,41.62628],[1.90157,41.62595],[1.90148,41.62568],[1.90135,41.62546],[1.90088,41.62472],[1.9008,41.62461],[1.90057,41.62438],[1.90029,41.62418],[1.90003,41.62408],[1.89866,41.62332],[1.89778,41.62279],[1.8974,41.62253],[1.89584,41.62143],[1.89499,41.6204],[1.89498,41.62017],[1.89494,41.61985],[1.89484,41.61946],[1.89479,41.61936],[1.8946,41.61921],[1.89435,41.61913],[1.89384,41.61906],[1.89354,41.61899],[1.89348,41.61895],[1.89337,41.61872],[1.8933,41.61839],[1.89327,41.61805],[1.89323,41.61786],[1.89311,41.61745],[1.89304,41.61725],[1.893,41.61718],[1.89276,41.61694],[1.89168,41.61628],[1.89008,41.61533],[1.88922,41.6149],[1.88693,41.61436],[1.88647,41.61429],[1.88542,41.61428],[1.88532,41.61428],[1.88493,41.61436],[1.88485,41.6144],[1.88458,41.61461],[1.88453,41.61469],[1.88433,41.61486],[1.88372,41.61505],[1.88314,41.61507],[1.88296,41.615],[1.88272,41.61487],[1.88253,41.61475],[1.88231,41.61451],[1.88207,41.6144],[1.88162,41.61422],[1.88127,41.6141],[1.88119,41.61409],[1.87976,41.61397],[1.87911,41.61394],[1.8784,41.61407],[1.87754,41.61411],[1.87727,41.61381],[1.87673,41.61326],[1.87669,41.61323],[1.87631,41.61304],[1.87588,41.61289],[1.87556,41.61284],[1.87363,41.61273],[1.87323,41.61272],[1.87295,41.61274],[1.87267,41.61285],[1.8713,41.61371],[1.87081,41.61411],[1.87044,41.61446],[1.87014,41.61486],[1.86872,41.61572],[1.86797,41.61628],[1.86607,41.61817],[1.86589,41.61832],[1.86526,41.61873],[1.86512,41.61859],[1.86502,41.61834],[1.86463,41.6181],[1.86414,41.61786],[1.86408,41.61775],[1.86361,41.61723],[1.86352,41.61713],[1.86327,41.61693],[1.86306,41.61684],[1.86287,41.61672],[1.86281,41.61665],[1.86249,41.61565],[1.86247,41.61553],[1.8625,41.61528],[1.86255,41.6152],[1.86274,41.61506],[1.86293,41.61482],[1.86315,41.61446],[1.86318,41.61434],[1.86317,41.61372],[1.86315,41.61356],[1.86296,41.61356],[1.86267,41.61348],[1.86233,41.61321],[1.86191,41.61254],[1.86183,41.61241],[1.86186,41.61194],[1.86174,41.6116],[1.86128,41.61062],[1.86079,41.60963],[1.86105,41.60869],[1.86108,41.60799],[1.86097,41.60769],[1.86093,41.60731],[1.86102,41.60652],[1.86122,41.60517],[1.86158,41.60346],[1.86174,41.60301],[1.86181,41.60286],[1.86198,41.60261],[1.86216,41.60243],[1.8624,41.60225],[1.86256,41.60205],[1.8627,41.60166],[1.86285,41.60109],[1.86293,41.60062],[1.86286,41.60027],[1.86336,41.59954],[1.86385,41.59895],[1.86396,41.59877],[1.864,41.59805],[1.864,41.59775],[1.86396,41.59712],[1.86388,41.59619],[1.86393,41.59512],[1.86327,41.59311],[1.86323,41.59289],[1.86323,41.59257],[1.86325,41.5924],[1.86331,41.59228],[1.86413,41.59191],[1.86557,41.59138],[1.86683,41.5912],[1.86701,41.59117],[1.86724,41.59109],[1.86737,41.59101],[1.86769,41.59075],[1.86796,41.59039],[1.86824,41.58987],[1.86804,41.58978],[1.86793,41.58963],[1.86807,41.58921],[1.8686,41.58857],[1.86965,41.5882],[1.86973,41.58825],[1.8698,41.58856],[1.86985,41.58865],[1.87005,41.58884],[1.87027,41.58902],[1.8705,41.58918],[1.87078,41.58928],[1.8713,41.58941],[1.87271,41.5896],[1.87299,41.58962],[1.87495,41.58976],[1.87532,41.58987],[1.87558,41.58988],[1.87664,41.58987],[1.87689,41.58984],[1.87737,41.58978],[1.87779,41.58971],[1.87878,41.58953],[1.87888,41.58949],[1.87912,41.58936],[1.87999,41.58816],[1.88041,41.58727],[1.88047,41.58681],[1.88049,41.58648],[1.88101,41.5854],[1.88143,41.58553],[1.88193,41.58565],[1.88225,41.58567],[1.8825,41.58564],[1.88361,41.5853],[1.88441,41.58513],[1.88548,41.585],[1.88576,41.58498],[1.88616,41.58494],[1.8864,41.58489],[1.88841,41.58399],[1.8887,41.58383],[1.88905,41.58354],[1.88926,41.5833],[1.88926,41.58307],[1.88927,41.58285],[1.88962,41.58231],[1.88998,41.58207],[1.89034,41.58188],[1.89053,41.58167],[1.89089,41.58123],[1.89117,41.58069],[1.88444,41.57907],[1.89775,41.57473],[1.90921,41.57049],[1.92041,41.5711],[1.92085,41.57109],[1.92164,41.57092],[1.92219,41.5707],[1.92241,41.57068],[1.92328,41.5706],[1.92571,41.57044],[1.92739,41.57066],[1.92759,41.57073],[1.92778,41.57081],[1.92884,41.57156],[1.92908,41.57173],[1.92923,41.57202],[1.92995,41.57316],[1.93041,41.57358],[1.9328,41.57575],[1.93429,41.57654],[1.93474,41.57678],[1.9361,41.57747],[1.93659,41.57765],[1.93687,41.57772],[1.9373,41.57778],[1.93767,41.57784],[1.93873,41.57823],[1.93955,41.57872],[1.94094,41.57977],[1.94255,41.58077],[1.94283,41.58086],[1.94356,41.58093],[1.94421,41.58095],[1.94468,41.58095],[1.94509,41.5809],[1.94686,41.58066],[1.94799,41.58031],[1.94812,41.58011],[1.94826,41.57995],[1.9495,41.57961],[1.94995,41.57953],[1.95053,41.57945],[1.95072,41.57941],[1.95109,41.57932],[1.95239,41.57894],[1.95302,41.5786],[1.95323,41.57847],[1.95338,41.57834],[1.95348,41.57812],[1.95353,41.57788],[1.95362,41.5776],[1.95391,41.57755],[1.95475,41.57768],[1.95516,41.57784],[1.95622,41.57807],[1.95743,41.57825],[1.95858,41.57812],[1.96003,41.57822],[1.96024,41.57825],[1.96019,41.57835],[1.96,41.57861],[1.95985,41.57877],[1.96004,41.57897],[1.96075,41.5794]]]},"properties":{"codi_ine":"08291","nom":"Vacarisses","comarca":"Vallès Occidental"}},
{"type":"Feature","geometry":{"type":"Polygon","coordinates":[[[1.9541,41.3678],[1.95373,41.36782],[1.95355,41.36787],[1.953,41.36814],[1.95252,41.3684],[1.95177,41.36886],[1.95151,41.36907],[1.9509,41.3696],[1.95063,41.36985],[1.95034,41.37024],[1.95012,41.37086],[1.95012,41.37119],[1.95016,41.37217],[1.95037,41.37332],[1.95042,41.37344],[1.95049,41.37387],[1.95049,41.37447],[1.95021,41.37495],[1.94994,41.3751],[1.94974,41.37523],[1.94926,41.37567],[1.94924,41.37601],[1.94929,41.37623],[1.94932,41.37666],[1.94921,41.3769],[1.94907,41.37711],[1.94885,41.37737],[1.94861,41.37756],[1.94832,41.37791],[1.94846,41.37811],[1.94869,41.37833],[1.949,41.37852],[1.94924,41.37864],[1.94853,41.38501],[1.94566,41.38904],[1.9451,41.38943],[1.94447,41.38954],[1.94339,41.39206],[1.9423,41.39356],[1.94148,41.39463],[1.94111,41.39555],[1.94073,41.3963],[1.94016,41.39682],[1.93921,41.39741],[1.93855,41.39752],[1.93788,41.39771],[1.93665,41.39815],[1.93619,41.3984],[1.93326,41.39873],[1.93302,41.39813],[1.93234,41.39764],[1.93191,41.39764],[1.93111,41.39806],[1.92978,41.39684],[1.92837,41.39646],[1.92747,41.39643],[1.92723,41.39635],[1.92805,41.39502],[1.92816,41.39478],[1.92818,41.39459],[1.92741,41.39377],[1.92631,41.39343],[1.92461,41.39289],[1.92327,41.39172],[1.92224,41.39104],[1.92233,41.39039],[1.92212,41.3899],[1.92178,41.38974],[1.91963,41.38895],[1.91921,41.38869],[1.91816,41.3883],[1.91723,41.38852],[1.91622,41.38919],[1.91598,41.38941],[1.91511,41.38959],[1.91359,41.38965],[1.91262,41.38964],[1.91092,41.38984],[1.91039,41.38993],[1.90831,41.38951],[1.90074,41.39094],[1.89859,41.39046],[1.89737,41.39019],[1.89646,41.39],[1.89618,41.38995],[1.89586,41.38994],[1.89507,41.38996],[1.89465,41.38998],[1.89422,41.39002],[1.89375,41.39009],[1.89354,41.3901],[1.89336,41.39009],[1.89292,41.39001],[1.89199,41.38982],[1.89109,41.38963],[1.89059,41.38955],[1.89031,41.38953],[1.88934,41.38947],[1.88623,41.38933],[1.88397,41.38921],[1.88266,41.38914],[1.8804,41.38912],[1.87737,41.38909],[1.87667,41.38961],[1.87637,41.38936],[1.87621,41.38926],[1.87596,41.38921],[1.87576,41.38923],[1.86934,41.38728],[1.86972,41.38642],[1.87003,41.3853],[1.87013,41.3849],[1.8703,41.38392],[1.87089,41.38041],[1.87368,41.37943],[1.87743,41.37612],[1.88153,41.37337],[1.88195,41.37319],[1.88415,41.37291],[1.88533,41.37269],[1.88682,41.37238],[1.88724,41.372],[1.88871,41.37051],[1.88914,41.36997],[1.89024,41.3684],[1.89039,41.36782],[1.88973,41.36726],[1.88951,41.36698],[1.88891,41.36569],[1.88927,41.36502],[1.88953,41.36462],[1.88976,41.36431],[1.89029,41.36346],[1.89028,41.36333],[1.89013,41.36299],[1.89007,41.36279],[1.89151,41.36205],[1.89202,41.3618],[1.89234,41.36165],[1.8939,41.36098],[1.8943,41.36091],[1.89477,41.36086],[1.89562,41.36076],[1.89659,41.36034],[1.89698,41.36014],[1.89733,41.35963],[1.89733,41.35932],[1.8973,41.35915],[1.89697,41.35755],[1.89655,41.3568],[1.89838,41.35481],[1.89873,41.35501],[1.89936,41.35532],[1.8997,41.35548],[1.89987,41.35554],[1.89999,41.35555],[1.90087,41.3554],[1.90268,41.35496],[1.90362,41.35473],[1.9052,41.35369],[1.90697,41.35256],[1.90733,41.35237],[1.90802,41.35231],[1.90903,41.35238],[1.90961,41.35243],[1.90984,41.35248],[1.91,41.35255],[1.91017,41.35266],[1.9103,41.35279],[1.91048,41.35311],[1.91054,41.35327],[1.9107,41.35384],[1.91072,41.35403],[1.9107,41.35429],[1.91091,41.35494],[1.91114,41.35567],[1.91118,41.35569],[1.91131,41.35565],[1.91147,41.35557],[1.91182,41.35535],[1.912,41.35522],[1.91209,41.35514],[1.91213,41.35505],[1.91218,41.35463],[1.91218,41.35446],[1.91286,41.35388],[1.91478,41.35326],[1.91642,41.35297],[1.91769,41.35248],[1.91809,41.3523],[1.91904,41.35225],[1.91998,41.35236],[1.92042,41.35235],[1.92076,41.35231],[1.92175,41.35218],[1.92252,41.35192],[1.92395,41.3516],[1.92433,41.35157],[1.9248,41.35152],[1.92518,41.35143],[1.92544,41.35134],[1.92582,41.35113],[1.92587,41.35109],[1.92612,41.35085],[1.92649,41.35056],[1.9268,41.35042],[1.92708,41.35039],[1.92757,41.35045],[1.92784,41.35051],[1.92792,41.35056],[1.92954,41.35039],[1.93055,41.35023],[1.93093,41.35023],[1.93139,41.35033],[1.93333,41.35081],[1.93381,41.35098],[1.93411,41.35111],[1.93462,41.35127],[1.93521,41.35144],[1.93558,41.35151],[1.93773,41.35148],[1.93797,41.35147],[1.93826,41.35143],[1.93845,41.35139],[1.93854,41.35135],[1.93916,41.35099],[1.93959,41.3507],[1.94094,41.35032],[1.94279,41.35006],[1.94393,41.34983],[1.94407,41.34981],[1.94456,41.34981],[1.94482,41.34988],[1.94528,41.35003],[1.94563,41.35018],[1.94601,41.3504],[1.94636,41.35062],[1.94649,41.35083],[1.947,41.35215],[1.94703,41.35226],[1.94704,41.35244],[1.94702,41.35274],[1.947,41.3529],[1.94688,41.35313],[1.94668,41.35325],[1.94629,41.35333],[1.94609,41.3534],[1.94568,41.35363],[1.94555,41.35377],[1.94549,41.3539],[1.9454,41.35413],[1.94522,41.35478],[1.94523,41.35501],[1.94529,41.35532],[1.94541,41.35564],[1.94551,41.3558],[1.94565,41.3559],[1.94579,41.35595],[1.94616,41.35665],[1.94656,41.35748],[1.94696,41.35877],[1.94712,41.35911],[1.94741,41.35933],[1.94777,41.35974],[1.94783,41.35983],[1.94816,41.36044],[1.94823,41.36065],[1.9483,41.3609],[1.94842,41.36126],[1.94861,41.36173],[1.94879,41.3621],[1.94899,41.3624],[1.94919,41.36257],[1.95057,41.36304],[1.95123,41.36339],[1.95135,41.36401],[1.95155,41.36463],[1.95188,41.3652],[1.95219,41.36571],[1.95262,41.36629],[1.95356,41.36752],[1.9537,41.36763],[1.9541,41.3678]]]},"properties":{"codi_ine":"08295","nom":"Vallirana","comarca":"Baix Llobregat"}},
{"type":"Feature","geometry":{"type":"Polygon","coordinates":[[[2.31605,41.53344],[2.31562,41.53379],[2.31529,41.53408],[2.31504,41.53433],[2.31463,41.5348],[2.31456,41.5349],[2.31451,41.53508],[2.31436,41.5355],[2.31417,41.53587],[2.31401,41.53603],[2.31388,41.5361],[2.31367,41.53614],[2.31345,41.53615],[2.31226,41.53649],[2.31121,41.53692],[2.31073,41.53753],[2.30954,41.53849],[2.30917,41.53871],[2.30883,41.53894],[2.30876,41.53905],[2.30858,41.53945],[2.30855,41.5398],[2.30852,41.54012],[2.30837,41.54077],[2.30825,41.54081],[2.30755,41.54095],[2.30732,41.54097],[2.3052,41.54108],[2.30231,41.54066],[2.30107,41.54016],[2.3009,41.54006],[2.30068,41.53996],[2.29973,41.53971],[2.29842,41.53943],[2.29323,41.53862],[2.29258,41.53928],[2.29227,41.53962],[2.29222,41.54004],[2.29218,41.54018],[2.29202,41.54044],[2.29179,41.54072],[2.29158,41.54092],[2.29137,41.54109],[2.29113,41.54123],[2.29102,41.54127],[2.29082,41.54129],[2.29033,41.54128],[2.28974,41.54124],[2.28946,41.54123],[2.28859,41.54132],[2.28847,41.54134],[2.28839,41.54139],[2.28736,41.54242],[2.28669,41.54294],[2.28306,41.54336],[2.28286,41.54313],[2.28272,41.54292],[2.28249,41.54249],[2.28241,41.54224],[2.2817,41.53984],[2.2815,41.53909],[2.28128,41.53805],[2.28125,41.53787],[2.28133,41.53777],[2.2816,41.53762],[2.28183,41.53742],[2.28226,41.53695],[2.28224,41.53693],[2.28075,41.5365],[2.28126,41.5353],[2.2811,41.53377],[2.28106,41.53367],[2.281,41.5336],[2.27983,41.53272],[2.27845,41.53184],[2.2772,41.53138],[2.27618,41.53078],[2.27607,41.53046],[2.27601,41.5303],[2.27584,41.53017],[2.27563,41.53004],[2.27524,41.52987],[2.2746,41.52965],[2.27406,41.52953],[2.27331,41.52942],[2.27308,41.5294],[2.27298,41.52935],[2.27253,41.52877],[2.27231,41.52821],[2.27212,41.52755],[2.27228,41.52388],[2.26948,41.52171],[2.26955,41.52157],[2.27008,41.52093],[2.27046,41.52073],[2.27076,41.52068],[2.27136,41.52047],[2.2715,41.52039],[2.27223,41.51987],[2.27292,41.51934],[2.27304,41.51927],[2.27336,41.51915],[2.27364,41.51911],[2.27452,41.51921],[2.27556,41.51911],[2.27639,41.51903],[2.27657,41.51896],[2.27673,41.51884],[2.27693,41.51865],[2.27703,41.51852],[2.27773,41.51789],[2.27876,41.51733],[2.27962,41.51761],[2.28029,41.51725],[2.2806,41.51705],[2.28131,41.51572],[2.2819,41.515],[2.2821,41.51479],[2.28215,41.51463],[2.28215,41.51455],[2.28208,41.51439],[2.28196,41.51417],[2.2818,41.51392],[2.28236,41.51453],[2.28244,41.51459],[2.28271,41.51468],[2.2849,41.51533],[2.28512,41.51534],[2.2858,41.51516],[2.28752,41.51465],[2.28856,41.51432],[2.28887,41.51423],[2.2891,41.51418],[2.28927,41.51417],[2.28975,41.51422],[2.29047,41.51436],[2.29074,41.51442],[2.29244,41.51468],[2.29429,41.5148],[2.29464,41.51478],[2.2955,41.51471],[2.2961,41.51463],[2.29652,41.51455],[2.29775,41.51472],[2.29973,41.51505],[2.30075,41.51527],[2.30106,41.51529],[2.30133,41.51529],[2.30167,41.51527],[2.30201,41.51523],[2.30255,41.51514],[2.30308,41.51501],[2.30377,41.51479],[2.30443,41.51445],[2.30724,41.51336],[2.30749,41.51357],[2.30775,41.51389],[2.30826,41.51478],[2.30923,41.51602],[2.30974,41.51633],[2.31089,41.51651],[2.31197,41.51658],[2.31308,41.51673],[2.31508,41.51723],[2.31667,41.5174],[2.31951,41.51711],[2.32137,41.51676],[2.32262,41.51666],[2.32301,41.51664],[2.3236,41.51714],[2.32542,41.51899],[2.32546,41.51908],[2.32566,41.5194],[2.32581,41.51956],[2.32595,41.51968],[2.32702,41.52052],[2.32763,41.52126],[2.32914,41.52219],[2.32943,41.52234],[2.33011,41.52291],[2.33097,41.52387],[2.33086,41.52395],[2.32946,41.52393],[2.32913,41.5255],[2.3289,41.52639],[2.32865,41.52669],[2.32855,41.52691],[2.32855,41.52752],[2.32858,41.52771],[2.32887,41.52826],[2.32889,41.52846],[2.32834,41.52868],[2.32817,41.52869],[2.32786,41.52858],[2.32681,41.52867],[2.32576,41.52957],[2.3244,41.53011],[2.32392,41.53026],[2.32366,41.53032],[2.32353,41.53032],[2.32258,41.53018],[2.3223,41.53013],[2.32205,41.53001],[2.32193,41.52994],[2.32176,41.52988],[2.32159,41.52984],[2.32135,41.52983],[2.32118,41.52984],[2.32092,41.52989],[2.3204,41.53003],[2.32021,41.53013],[2.31917,41.53101],[2.31901,41.53115],[2.31886,41.53131],[2.31882,41.53148],[2.31892,41.53165],[2.31921,41.53193],[2.31923,41.53206],[2.31918,41.53238],[2.31913,41.53252],[2.31903,41.53271],[2.31895,41.53281],[2.31886,41.53287],[2.3187,41.5329],[2.31862,41.5329],[2.31833,41.53271],[2.31821,41.53266],[2.31763,41.53246],[2.31741,41.5324],[2.31728,41.53241],[2.31718,41.53246],[2.31661,41.53278],[2.3165,41.53284],[2.3162,41.53311],[2.31614,41.53321],[2.31605,41.53344]]]},"properties":{"codi_ine":"08296","nom":"Vallromanes","comarca":"Vallès Oriental"}},
{"type":"Feature","geometry":{"type":"Polygon","coordinates":[[[1.96075,41.5794],[1.96004,41.57897],[1.95985,41.57877],[1.96,41.57861],[1.96019,41.57835],[1.96024,41.57825],[1.96003,41.57822],[1.95858,41.57812],[1.95743,41.57825],[1.95622,41.57807],[1.95516,41.57784],[1.95475,41.57768],[1.95391,41.57755],[1.95362,41.5776],[1.95353,41.57788],[1.95348,41.57812],[1.95338,41.57834],[1.95323,41.57847],[1.95302,41.5786],[1.95239,41.57894],[1.95109,41.57932],[1.95072,41.57941],[1.95053,41.57945],[1.94995,41.57953],[1.9495,41.57961],[1.94826,41.57995],[1.94812,41.58011],[1.94799,41.58031],[1.94686,41.58066],[1.94509,41.5809],[1.94468,41.58095],[1.94421,41.58095],[1.94356,41.58093],[1.94283,41.58086],[1.94255,41.58077],[1.94094,41.57977],[1.93955,41.57872],[1.93873,41.57823],[1.93767,41.57784],[1.9373,41.57778],[1.93687,41.57772],[1.93659,41.57765],[1.9361,41.57747],[1.93474,41.57678],[1.93429,41.57654],[1.9328,41.57575],[1.93041,41.57358],[1.92995,41.57316],[1.92923,41.57202],[1.92908,41.57173],[1.92884,41.57156],[1.92778,41.57081],[1.92759,41.57073],[1.92739,41.57066],[1.92571,41.57044],[1.92328,41.5706],[1.92241,41.57068],[1.92219,41.5707],[1.92164,41.57092],[1.92085,41.57109],[1.92041,41.5711],[1.92035,41.57078],[1.92035,41.57006],[1.92042,41.56973],[1.92175,41.56879],[1.92185,41.56873],[1.92203,41.56869],[1.92212,41.56868],[1.92251,41.56871],[1.92292,41.56848],[1.92304,41.5684],[1.92328,41.56813],[1.92337,41.56802],[1.92348,41.5678],[1.92352,41.56757],[1.92347,41.56742],[1.92341,41.56734],[1.92323,41.56717],[1.92305,41.5671],[1.9228,41.5671],[1.92174,41.56657],[1.92068,41.56511],[1.9205,41.56489],[1.9204,41.56471],[1.92039,41.56462],[1.92045,41.56441],[1.92055,41.56426],[1.92063,41.5642],[1.92082,41.56415],[1.92092,41.56416],[1.92104,41.56422],[1.92136,41.56454],[1.9215,41.56461],[1.92163,41.56464],[1.92174,41.56462],[1.92188,41.56455],[1.92219,41.56432],[1.92226,41.56423],[1.92231,41.5641],[1.92242,41.56359],[1.92241,41.5635],[1.92235,41.56343],[1.92224,41.56339],[1.92217,41.56339],[1.92131,41.56288],[1.9205,41.5618],[1.92049,41.56074],[1.92051,41.56066],[1.92072,41.56033],[1.92079,41.56026],[1.921,41.56018],[1.9213,41.56012],[1.92145,41.56014],[1.9216,41.56025],[1.92175,41.56056],[1.92187,41.56071],[1.92213,41.56085],[1.92226,41.56088],[1.92238,41.56087],[1.92248,41.5608],[1.9225,41.56073],[1.92229,41.55953],[1.9222,41.55934],[1.92211,41.55925],[1.92159,41.55885],[1.92142,41.55873],[1.9212,41.5586],[1.92053,41.5582],[1.91972,41.55767],[1.91958,41.55757],[1.91925,41.55729],[1.91901,41.55704],[1.91891,41.55691],[1.91883,41.55668],[1.9188,41.55646],[1.91887,41.55641],[1.91911,41.55644],[1.91923,41.5565],[1.92016,41.55669],[1.92079,41.55598],[1.9221,41.55582],[1.92368,41.5557],[1.92393,41.5557],[1.92404,41.55567],[1.92435,41.55552],[1.9244,41.55546],[1.92478,41.55448],[1.92624,41.55282],[1.92648,41.55255],[1.92662,41.55244],[1.92676,41.55236],[1.92688,41.55236],[1.92705,41.5525],[1.9272,41.5527],[1.92736,41.55287],[1.92782,41.55312],[1.92798,41.55313],[1.92815,41.55309],[1.92837,41.55301],[1.92856,41.55287],[1.92855,41.55267],[1.9285,41.55249],[1.92836,41.55225],[1.92803,41.55179],[1.92789,41.55162],[1.92779,41.55153],[1.9276,41.55145],[1.92722,41.55136],[1.92693,41.55132],[1.92665,41.55131],[1.92624,41.55127],[1.92574,41.55114],[1.92562,41.55106],[1.92558,41.55099],[1.92561,41.55085],[1.92569,41.55074],[1.92583,41.55061],[1.92611,41.55044],[1.92636,41.55031],[1.92648,41.55027],[1.92664,41.55025],[1.92796,41.5497],[1.92919,41.5486],[1.92942,41.54801],[1.92945,41.54792],[1.92943,41.54771],[1.92935,41.54759],[1.92923,41.54748],[1.92897,41.54734],[1.92951,41.54439],[1.92967,41.54402],[1.92978,41.54389],[1.92992,41.54381],[1.93004,41.54381],[1.93084,41.54331],[1.9308,41.54321],[1.93078,41.54304],[1.93086,41.54233],[1.93088,41.54221],[1.93095,41.54203],[1.93104,41.54189],[1.93122,41.54182],[1.9313,41.54183],[1.93144,41.54191],[1.93178,41.54207],[1.93211,41.54214],[1.93228,41.54215],[1.93246,41.54208],[1.93256,41.54198],[1.93257,41.54183],[1.93236,41.5414],[1.93139,41.53971],[1.93169,41.53881],[1.93202,41.53866],[1.93244,41.53842],[1.93316,41.53791],[1.93341,41.53769],[1.93352,41.53755],[1.93353,41.53745],[1.93347,41.53736],[1.93322,41.53721],[1.9329,41.53714],[1.93261,41.53705],[1.93223,41.53691],[1.93211,41.53684],[1.93206,41.53672],[1.93206,41.53663],[1.93212,41.53652],[1.93253,41.53609],[1.93312,41.5354],[1.93321,41.5348],[1.93353,41.53404],[1.93396,41.53383],[1.93459,41.5337],[1.93537,41.53305],[1.9359,41.53256],[1.93609,41.53234],[1.93629,41.53204],[1.93641,41.53183],[1.93643,41.53166],[1.93629,41.53147],[1.9361,41.53134],[1.936,41.53122],[1.93596,41.53101],[1.93604,41.5305],[1.93613,41.53033],[1.93711,41.52986],[1.93793,41.5289],[1.9388,41.52846],[1.94004,41.52862],[1.94058,41.52843],[1.9412,41.52812],[1.94187,41.52813],[1.94217,41.52818],[1.94238,41.52826],[1.94332,41.52884],[1.94365,41.52915],[1.94395,41.5297],[1.94438,41.53031],[1.94464,41.53051],[1.94543,41.53107],[1.94715,41.53231],[1.94763,41.53268],[1.94817,41.53326],[1.94942,41.53428],[1.95001,41.5345],[1.95023,41.53461],[1.95033,41.53474],[1.95034,41.53495],[1.95024,41.53561],[1.95022,41.53573],[1.95008,41.53615],[1.94999,41.53635],[1.95,41.53644],[1.95004,41.53648],[1.95019,41.53652],[1.95038,41.53653],[1.95056,41.53651],[1.95081,41.53646],[1.9518,41.53596],[1.95228,41.53549],[1.95318,41.53586],[1.95314,41.53634],[1.95323,41.53655],[1.95344,41.53673],[1.95416,41.53684],[1.95554,41.53703],[1.95578,41.53691],[1.9558,41.53675],[1.95592,41.53664],[1.95629,41.53638],[1.95644,41.53632],[1.9566,41.53633],[1.95674,41.53637],[1.957,41.53648],[1.95727,41.53665],[1.95768,41.53691],[1.95805,41.53717],[1.95825,41.53738],[1.959,41.53847],[1.95907,41.53868],[1.95875,41.53912],[1.95871,41.53922],[1.95876,41.53966],[1.95881,41.53973],[1.959,41.53988],[1.95946,41.54006],[1.95954,41.54007],[1.95989,41.53996],[1.96004,41.53997],[1.96028,41.54001],[1.96051,41.54008],[1.96067,41.54016],[1.96081,41.54025],[1.96093,41.54035],[1.96112,41.54064],[1.96117,41.54078],[1.96126,41.54088],[1.96167,41.54112],[1.9618,41.54119],[1.9623,41.5414],[1.96309,41.54172],[1.96632,41.54298],[1.96764,41.54344],[1.9689,41.54378],[1.96984,41.54447],[1.97136,41.5456],[1.97208,41.54618],[1.97308,41.54723],[1.97338,41.54718],[1.97347,41.54721],[1.97423,41.54813],[1.97438,41.54842],[1.97425,41.54865],[1.97425,41.54882],[1.97432,41.54905],[1.97447,41.54932],[1.97458,41.54944],[1.97468,41.54953],[1.97571,41.55022],[1.9763,41.55037],[1.97746,41.55096],[1.97754,41.55114],[1.97763,41.55125],[1.97807,41.55178],[1.97851,41.55226],[1.97873,41.55249],[1.9789,41.5526],[1.97914,41.55269],[1.97941,41.55274],[1.98062,41.55307],[1.98129,41.55355],[1.98191,41.55403],[1.98224,41.55452],[1.98287,41.55525],[1.98373,41.55619],[1.98442,41.55733],[1.98605,41.55892],[1.98743,41.56028],[1.98753,41.56044],[1.98758,41.56059],[1.98758,41.56074],[1.98752,41.56101],[1.98737,41.56147],[1.98704,41.56241],[1.9867,41.56334],[1.9865,41.56328],[1.98569,41.56455],[1.98496,41.56619],[1.98433,41.56784],[1.98367,41.56945],[1.98359,41.57092],[1.98351,41.57119],[1.98335,41.57148],[1.98315,41.5718],[1.98284,41.57214],[1.98277,41.57219],[1.98251,41.57232],[1.98236,41.57233],[1.98135,41.57219],[1.9805,41.57214],[1.98008,41.5722],[1.97983,41.57224],[1.979,41.57244],[1.97856,41.57261],[1.97822,41.57287],[1.97784,41.57307],[1.97633,41.57367],[1.97522,41.57402],[1.97392,41.57432],[1.97317,41.57365],[1.97222,41.57355],[1.97201,41.5735],[1.97158,41.57329],[1.97124,41.57288],[1.97072,41.57256],[1.96922,41.57223],[1.96795,41.57254],[1.96628,41.57282],[1.96608,41.5728],[1.96593,41.57282],[1.96588,41.57285],[1.96559,41.57322],[1.96512,41.57388],[1.96507,41.57402],[1.96512,41.57412],[1.96513,41.57459],[1.96491,41.57537],[1.96482,41.57549],[1.9645,41.57564],[1.96439,41.57567],[1.96424,41.57569],[1.96249,41.57659],[1.96197,41.57707],[1.96105,41.57885],[1.96075,41.5794]]]},"properties":{"codi_ine":"08300","nom":"Viladecavalls","comarca":"Vallès Occidental"}},
{"type":"Feature","geometry":{"type":"Polygon","coordinates":[[[2.06716,41.28749],[2.06539,41.28837],[2.06341,41.28933],[2.05901,41.29151],[2.05659,41.2947],[2.05591,41.29574],[2.05524,41.29688],[2.05483,41.29757],[2.05399,41.29894],[2.05373,41.29936],[2.05213,41.30202],[2.05122,41.30354],[2.05066,41.30436],[2.05006,41.30461],[2.04935,41.30495],[2.04795,41.30657],[2.04746,41.30718],[2.0469,41.30789],[2.04766,41.3082],[2.04718,41.30885],[2.04661,41.30911],[2.04583,41.30931],[2.04427,41.31123],[2.04436,41.31166],[2.04429,41.31174],[2.04384,41.31212],[2.04311,41.31274],[2.04274,41.31305],[2.04182,41.3138],[2.0412,41.31432],[2.04041,41.315],[2.03862,41.31676],[2.03838,41.317],[2.03736,41.31805],[2.03698,41.31847],[2.03652,41.31899],[2.03626,41.31927],[2.03602,41.31949],[2.0347,41.32057],[2.03436,41.32083],[2.03308,41.32141],[2.03311,41.32163],[2.0329,41.322],[2.03192,41.32273],[2.03175,41.32261],[2.03054,41.3236],[2.03013,41.324],[2.02991,41.32425],[2.02951,41.3248],[2.02797,41.32636],[2.02582,41.32812],[2.02485,41.32876],[2.02419,41.32956],[2.02333,41.33048],[2.02295,41.33058],[2.02283,41.33069],[2.02271,41.33085],[2.02211,41.33192],[2.02126,41.33256],[2.02108,41.33262],[2.02043,41.33294],[2.02009,41.33313],[2.01916,41.33375],[2.01772,41.33478],[2.01726,41.33533],[2.01721,41.33551],[2.01708,41.33585],[2.01703,41.33593],[2.01678,41.33617],[2.01649,41.33641],[2.01556,41.33715],[2.01517,41.3374],[2.01321,41.33759],[2.01172,41.33773],[2.01089,41.33774],[2.01079,41.33772],[2.01058,41.33763],[2.00995,41.3372],[2.00967,41.337],[2.00948,41.33681],[2.00932,41.3365],[2.00925,41.33628],[2.00918,41.33599],[2.00909,41.33552],[2.00912,41.33534],[2.0092,41.33502],[2.00927,41.33452],[2.00929,41.33409],[2.00928,41.33389],[2.00769,41.33089],[2.00779,41.33083],[2.00816,41.3306],[2.0088,41.33014],[2.00867,41.33002],[2.00752,41.32939],[2.00711,41.32927],[2.00592,41.32874],[2.00446,41.32677],[2.00413,41.3266],[2.00378,41.32644],[2.00356,41.32638],[2.00306,41.32631],[2.00294,41.3263],[2.00181,41.32577],[2.00031,41.32477],[1.99893,41.32375],[1.99793,41.32328],[1.99754,41.32314],[1.99676,41.32294],[1.99645,41.3229],[1.99629,41.32291],[1.99607,41.32295],[1.99548,41.32301],[1.99479,41.32292],[1.99468,41.32289],[1.99397,41.32238],[1.99393,41.32234],[1.99363,41.32219],[1.99333,41.32207],[1.99312,41.322],[1.99265,41.32187],[1.99228,41.32182],[1.99166,41.32182],[1.99093,41.32174],[1.99053,41.32159],[1.99024,41.32148],[1.98944,41.32113],[1.98918,41.32099],[1.98912,41.32088],[1.98912,41.32077],[1.98918,41.32056],[1.98929,41.32034],[1.98955,41.31991],[1.98986,41.3195],[1.99023,41.31914],[1.98902,41.31592],[1.98823,41.31409],[1.98824,41.31401],[1.9889,41.31404],[1.98921,41.31403],[1.98948,41.31396],[1.98999,41.31371],[1.99205,41.31298],[1.99493,41.31226],[2.00029,41.31161],[2.00185,41.31149],[2.00212,41.31151],[2.00238,41.31148],[2.00254,41.31144],[2.00278,41.31134],[2.00295,41.31124],[2.00306,41.31114],[2.00378,41.31036],[2.00538,41.30845],[2.00558,41.30821],[2.00579,41.30792],[2.00602,41.30764],[2.00615,41.3075],[2.00637,41.30729],[2.00667,41.30705],[2.00713,41.30672],[2.00752,41.30647],[2.00772,41.3064],[2.00795,41.30638],[2.0107,41.30652],[2.01147,41.30656],[2.01203,41.30623],[2.01228,41.30602],[2.01235,41.30588],[2.01262,41.30556],[2.01319,41.305],[2.01342,41.30479],[2.01361,41.30464],[2.01401,41.30434],[2.0144,41.3041],[2.0148,41.30387],[2.01553,41.30346],[2.01612,41.30322],[2.01646,41.30306],[2.01656,41.303],[2.0178,41.30201],[2.01836,41.30154],[2.02026,41.29998],[2.02067,41.29961],[2.0211,41.29917],[2.02213,41.298],[2.02281,41.29721],[2.02392,41.29588],[2.02501,41.29452],[2.02341,41.29388],[2.02405,41.29285],[2.02363,41.29206],[2.02396,41.29167],[2.02486,41.29048],[2.02529,41.28983],[2.02555,41.28938],[2.02593,41.28869],[2.02619,41.28811],[2.02648,41.28745],[2.02699,41.28677],[2.02844,41.28557],[2.0289,41.28488],[2.02939,41.28426],[2.02948,41.28417],[2.02986,41.28389],[2.03052,41.28349],[2.03161,41.28292],[2.03277,41.28242],[2.03394,41.28179],[2.03549,41.28071],[2.03656,41.27972],[2.03787,41.27788],[2.03789,41.27783],[2.03832,41.2767],[2.03837,41.27655],[2.03843,41.27617],[2.03933,41.27521],[2.04084,41.27424],[2.04143,41.27368],[2.042,41.27322],[2.04262,41.27289],[2.04308,41.27276],[2.04371,41.2726],[2.04412,41.27254],[2.04452,41.27251],[2.04529,41.27189],[2.04576,41.27044],[2.04593,41.2704],[2.04669,41.27045],[2.04799,41.27053],[2.04833,41.27039],[2.04838,41.27061],[2.04849,41.27066],[2.04905,41.27076],[2.04998,41.27103],[2.05205,41.27158],[2.05253,41.27174],[2.05291,41.27184],[2.05492,41.2721],[2.0552,41.27215],[2.05558,41.27225],[2.05609,41.27244],[2.05697,41.27274],[2.05744,41.27288],[2.05859,41.27326],[2.05894,41.27335],[2.05943,41.27346],[2.0601,41.27359],[2.06123,41.27381],[2.06188,41.2739],[2.06261,41.27407],[2.06305,41.27416],[2.06373,41.27429],[2.0646,41.27452],[2.06503,41.27462],[2.06552,41.27471],[2.06598,41.27481],[2.06614,41.27486],[2.06617,41.2749],[2.06667,41.27508],[2.06707,41.2752],[2.06743,41.2753],[2.06781,41.27538],[2.06872,41.27556],[2.07037,41.27593],[2.07164,41.27625],[2.0728,41.2766],[2.07315,41.27667],[2.07336,41.27671],[2.07374,41.27672],[2.07443,41.27649],[2.07441,41.27643],[2.07451,41.27639],[2.07467,41.27646],[2.07474,41.27654],[2.07018,41.28228],[2.07039,41.285],[2.07024,41.28519],[2.06897,41.28658],[2.0687,41.28672],[2.06716,41.28749]]]},"properties":{"codi_ine":"08301","nom":"Viladecans","comarca":"Baix Llobregat"}},
{"type":"Feature","geometry":{"type":"Polygon","coordinates":[[[2.33751,41.56115],[2.32607,41.5629],[2.31678,41.56395],[2.3162,41.56285],[2.31412,41.56258],[2.31326,41.56379],[2.31126,41.56349],[2.31056,41.56465],[2.31005,41.5649],[2.30861,41.56555],[2.30727,41.5661],[2.30781,41.5667],[2.3084,41.56755],[2.3088,41.56824],[2.30927,41.56896],[2.31001,41.5698],[2.31072,41.57057],[2.31122,41.57111],[2.30786,41.57208],[2.30843,41.57365],[2.30837,41.5737],[2.30808,41.57361],[2.30623,41.57297],[2.30524,41.57239],[2.30386,41.57204],[2.30319,41.57405],[2.30316,41.57419],[2.30317,41.57455],[2.30306,41.57516],[2.30245,41.57646],[2.30227,41.57671],[2.30203,41.57699],[2.29732,41.57497],[2.29645,41.57534],[2.29551,41.57607],[2.29471,41.57646],[2.29276,41.5769],[2.29244,41.57696],[2.29217,41.57698],[2.29199,41.57697],[2.29177,41.57693],[2.29147,41.57683],[2.29139,41.57678],[2.29077,41.57603],[2.29031,41.57396],[2.29014,41.57307],[2.28879,41.57256],[2.28763,41.57209],[2.28248,41.57374],[2.28203,41.57346],[2.28213,41.57297],[2.28214,41.57284],[2.2821,41.57256],[2.2819,41.57142],[2.28168,41.57054],[2.28151,41.56997],[2.2814,41.56968],[2.28095,41.5683],[2.2806,41.56701],[2.2806,41.56636],[2.28079,41.56579],[2.28107,41.56463],[2.27965,41.56378],[2.2803,41.56304],[2.28088,41.56226],[2.28093,41.56209],[2.28083,41.56187],[2.28078,41.56188],[2.27809,41.56124],[2.27914,41.55954],[2.27941,41.5596],[2.27984,41.55829],[2.27761,41.55824],[2.27785,41.55709],[2.27707,41.55701],[2.27686,41.55692],[2.27594,41.5563],[2.27748,41.55486],[2.27786,41.5549],[2.27999,41.55258],[2.28112,41.55125],[2.28292,41.54907],[2.28361,41.54829],[2.28397,41.54802],[2.28408,41.5479],[2.28456,41.54724],[2.28458,41.54703],[2.28444,41.54589],[2.2844,41.54568],[2.28409,41.54467],[2.28399,41.54441],[2.28394,41.54434],[2.28355,41.54386],[2.28306,41.54336],[2.28669,41.54294],[2.28736,41.54242],[2.28839,41.54139],[2.28847,41.54134],[2.28859,41.54132],[2.28946,41.54123],[2.28974,41.54124],[2.29033,41.54128],[2.29082,41.54129],[2.29102,41.54127],[2.29113,41.54123],[2.29137,41.54109],[2.29158,41.54092],[2.29179,41.54072],[2.29202,41.54044],[2.29218,41.54018],[2.29222,41.54004],[2.29227,41.53962],[2.29258,41.53928],[2.29323,41.53862],[2.29842,41.53943],[2.29973,41.53971],[2.30068,41.53996],[2.3009,41.54006],[2.30107,41.54016],[2.30231,41.54066],[2.3052,41.54108],[2.30732,41.54097],[2.30755,41.54095],[2.30825,41.54081],[2.30837,41.54077],[2.30852,41.54012],[2.30855,41.5398],[2.30858,41.53945],[2.30876,41.53905],[2.30883,41.53894],[2.30917,41.53871],[2.30954,41.53849],[2.31073,41.53753],[2.31121,41.53692],[2.31226,41.53649],[2.31345,41.53615],[2.31367,41.53614],[2.31388,41.5361],[2.31401,41.53603],[2.31417,41.53587],[2.31436,41.5355],[2.31451,41.53508],[2.31456,41.5349],[2.31463,41.5348],[2.31504,41.53433],[2.31529,41.53408],[2.31562,41.53379],[2.31605,41.53344],[2.32415,41.53753],[2.32817,41.5393],[2.32798,41.54126],[2.33371,41.54317],[2.33474,41.54388],[2.33374,41.54439],[2.33352,41.54455],[2.33462,41.54557],[2.33551,41.54601],[2.3355,41.54625],[2.33498,41.54896],[2.33549,41.54909],[2.33652,41.54946],[2.33727,41.54988],[2.33812,41.55053],[2.33831,41.55069],[2.33858,41.55093],[2.3386,41.55126],[2.33858,41.55276],[2.33894,41.55449],[2.33919,41.55504],[2.33916,41.55512],[2.339,41.55528],[2.33874,41.55543],[2.33756,41.55612],[2.33744,41.55624],[2.33743,41.55703],[2.33767,41.55746],[2.33836,41.55861],[2.33814,41.55985],[2.33797,41.56034],[2.33775,41.56077],[2.33751,41.56115]]]},"properties":{"codi_ine":"08902","nom":"Vilanova del Vallès","comarca":"Vallès Oriental"}},
{"type":"Feature","geometry":{"type":"Polygon","coordinates":[[[2.126,41.50624],[2.12532,41.50683],[2.12511,41.50698],[2.12478,41.5072],[2.12379,41.50695],[2.12368,41.50691],[2.12313,41.50632],[2.1227,41.50565],[2.11349,41.51235],[2.11337,41.51243],[2.11327,41.5126],[2.11317,41.51357],[2.11359,41.51383],[2.11401,41.51405],[2.11428,41.51416],[2.11519,41.51446],[2.11564,41.51458],[2.11603,41.51498],[2.11469,41.51599],[2.11382,41.51669],[2.11335,41.51708],[2.11253,41.51782],[2.11215,41.51822],[2.11187,41.51625],[2.11188,41.51609],[2.11193,41.51588],[2.11199,41.5157],[2.11208,41.51551],[2.11239,41.51485],[2.11251,41.51458],[2.11264,41.5142],[2.11264,41.51397],[2.11261,41.51387],[2.11253,41.51375],[2.11102,41.51194],[2.11035,41.5115],[2.11024,41.51147],[2.10979,41.51128],[2.10964,41.51116],[2.10894,41.51042],[2.10874,41.50936],[2.10554,41.50871],[2.10673,41.50789],[2.10701,41.50771],[2.10792,41.50718],[2.10902,41.50651],[2.10905,41.50642],[2.10927,41.50595],[2.10966,41.50529],[2.10981,41.50511],[2.10992,41.50504],[2.11033,41.50492],[2.11071,41.50485],[2.11193,41.50467],[2.11268,41.5046],[2.11345,41.50454],[2.11488,41.50442],[2.11612,41.50422],[2.11727,41.50399],[2.11742,41.50395],[2.11774,41.50379],[2.11956,41.50299],[2.11982,41.50288],[2.12033,41.5027],[2.12109,41.50323],[2.12161,41.50357],[2.12232,41.50401],[2.12274,41.50427],[2.12406,41.50504],[2.12477,41.50542],[2.12556,41.50587],[2.1257,41.50597],[2.126,41.50624]]]},"properties":{"codi_ine":"08904","nom":"Badia del Vallès","comarca":"Vallès Occidental"}},
{"type":"Feature","geometry":{"type":"Polygon","coordinates":[[[1.94518,41.41751],[1.94478,41.41753],[1.94457,41.41758],[1.94387,41.41791],[1.94281,41.41844],[1.94227,41.41868],[1.94051,41.41898],[1.93936,41.419],[1.93886,41.41898],[1.93804,41.41895],[1.93782,41.41888],[1.93721,41.41861],[1.93682,41.41826],[1.93631,41.41769],[1.93602,41.41729],[1.9358,41.41698],[1.93565,41.41608],[1.93566,41.41597],[1.93632,41.41525],[1.93665,41.41521],[1.93644,41.41495],[1.93655,41.41486],[1.93707,41.41464],[1.93741,41.41452],[1.93794,41.41456],[1.93835,41.41464],[1.93851,41.41466],[1.93883,41.41469],[1.93917,41.41465],[1.93944,41.41456],[1.93984,41.41443],[1.93991,41.41416],[1.94002,41.41346],[1.94002,41.41341],[1.93994,41.4125],[1.94084,41.40997],[1.93978,41.408],[1.93867,41.40708],[1.93842,41.40695],[1.93828,41.40684],[1.93825,41.40678],[1.93816,41.40651],[1.9381,41.4062],[1.93809,41.40609],[1.93828,41.40512],[1.93891,41.40528],[1.94127,41.40663],[1.94207,41.40712],[1.94249,41.40723],[1.94261,41.40723],[1.9435,41.40703],[1.94505,41.40688],[1.94512,41.40693],[1.94531,41.40668],[1.9454,41.40654],[1.94559,41.40616],[1.94593,41.40532],[1.94602,41.40506],[1.94605,41.40489],[1.94592,41.40405],[1.94583,41.40366],[1.94901,41.40346],[1.94929,41.40323],[1.94925,41.40289],[1.94984,41.40284],[1.94999,41.40286],[1.95035,41.40295],[1.95098,41.40315],[1.95148,41.40331],[1.9518,41.40344],[1.95205,41.40355],[1.95234,41.40376],[1.95248,41.40388],[1.95262,41.40404],[1.95309,41.40465],[1.95309,41.40479],[1.95316,41.40494],[1.95348,41.40546],[1.95364,41.40568],[1.95373,41.40577],[1.9543,41.40623],[1.95493,41.40673],[1.95504,41.40679],[1.95544,41.40695],[1.95666,41.40743],[1.96012,41.40875],[1.96055,41.40879],[1.96117,41.40881],[1.96178,41.40883],[1.96413,41.40813],[1.96411,41.40787],[1.96407,41.40782],[1.9638,41.40759],[1.96336,41.40712],[1.96429,41.40618],[1.96445,41.40606],[1.96469,41.40602],[1.96568,41.40595],[1.96635,41.40642],[1.96672,41.40628],[1.96681,41.40546],[1.96711,41.40491],[1.96878,41.40461],[1.96964,41.40405],[1.97057,41.40393],[1.97228,41.40345],[1.97251,41.40336],[1.97261,41.40328],[1.97315,41.40266],[1.97364,41.40196],[1.97383,41.4014],[1.97382,41.40115],[1.9739,41.40095],[1.97408,41.40084],[1.97426,41.40081],[1.97477,41.40075],[1.97502,41.40075],[1.9768,41.40099],[1.97882,41.40086],[1.97933,41.40038],[1.98051,41.39991],[1.98243,41.39976],[1.98292,41.39972],[1.9832,41.39982],[1.98355,41.39998],[1.98385,41.40013],[1.98413,41.40028],[1.98435,41.40041],[1.98471,41.40066],[1.98503,41.40092],[1.98528,41.40115],[1.98576,41.40172],[1.98595,41.40204],[1.98602,41.40219],[1.98611,41.40243],[1.9862,41.40274],[1.98628,41.40306],[1.98639,41.40357],[1.98653,41.40415],[1.98664,41.40446],[1.98673,41.40469],[1.98684,41.40493],[1.98698,41.40517],[1.98725,41.40558],[1.98738,41.40575],[1.98756,41.40596],[1.98777,41.40619],[1.9881,41.40651],[1.98865,41.40703],[1.98888,41.40726],[1.98916,41.40758],[1.9886,41.40833],[1.98767,41.41097],[1.98621,41.41191],[1.98525,41.41107],[1.9831,41.41131],[1.98259,41.4117],[1.98171,41.41258],[1.98164,41.41269],[1.98401,41.4136],[1.9829,41.41475],[1.98001,41.41379],[1.97762,41.41347],[1.97843,41.41456],[1.97598,41.41448],[1.97639,41.41595],[1.97343,41.41536],[1.97326,41.4158],[1.97372,41.41622],[1.9736,41.41754],[1.97318,41.41771],[1.97178,41.41689],[1.97031,41.41679],[1.96951,41.41696],[1.96922,41.41681],[1.9689,41.41669],[1.96877,41.41666],[1.96689,41.41664],[1.96647,41.41666],[1.96585,41.41687],[1.96539,41.41709],[1.96478,41.41715],[1.96387,41.4169],[1.96277,41.41652],[1.96227,41.41633],[1.96215,41.41627],[1.96198,41.41625],[1.96152,41.41648],[1.96148,41.41656],[1.96212,41.41767],[1.96064,41.41758],[1.9586,41.41668],[1.95633,41.41594],[1.95459,41.41695],[1.95446,41.41711],[1.95427,41.41719],[1.9527,41.41755],[1.95057,41.41744],[1.94958,41.41745],[1.94682,41.41658],[1.94554,41.41695],[1.94497,41.41737],[1.94518,41.41751]]]},"properties":{"codi_ine":"08905","nom":"la Palma de Cervelló","comarca":"Baix Llobregat"}}
]}